time_step,275,928,873,1140,1067,752,1401,464,790,834,1146,614,1550,933,1478,1232,490,795,714,783,854,1399,433,971,925,955,622,973,1412,1187
0,243,118,211,150,229,202,216,243,180,156,181,222,249,186,216,184,213,167,215,171,240,173,249,166,57,244,215,197,248,201
1,247,33,197,139,233,191,214,234,155,138,177,226,249,182,181,166,211,140,228,90,233,143,246,147,10,244,215,175,262,212
2,261,22,218,203,267,207,221,241,166,170,220,254,249,228,175,185,239,159,282,71,246,152,249,152,46,269,252,192,286,245
3,267,12,230,220,274,205,225,257,157,170,221,257,249,234,180,183,241,145,305,42,254,156,258,132,20,293,266,188,309,256
4,276,21,245,265,295,220,228,267,175,209,251,274,253,258,182,203,265,165,339,42,263,167,261,125,59,308,292,199,334,279
5,283,27,245,275,299,217,223,276,169,213,251,275,253,259,192,212,261,164,353,36,272,172,268,121,44,322,309,195,356,286
6,288,39,254,296,307,225,222,280,183,232,262,287,252,271,196,225,276,171,367,37,275,164,271,73,70,332,320,201,373,296
7,290,49,254,295,309,226,221,283,179,231,262,287,253,266,188,221,277,166,375,36,278,149,274,76,106,337,325,199,395,214
8,290,52,254,294,309,224,225,281,183,231,260,289,254,264,196,220,277,165,384,37,276,216,275,81,108,340,326,202,414,206
9,289,49,250,292,309,222,218,280,178,234,257,285,255,265,205,217,281,169,383,1,282,198,276,85,117,344,332,203,426,191
10,274,34,215,246,294,211,200,272,160,216,216,301,253,247,222,198,250,148,357,12,276,156,274,27,71,330,316,8,436,160
11,266,47,206,454,274,216,190,264,159,162,205,278,253,248,259,187,230,80,347,1,277,144,272,36,73,319,316,12,447,145
12,240,6,146,415,234,159,146,240,142,103,145,393,250,193,258,144,161,33,295,160,259,79,269,5,12,293,147,7,450,86
13,215,32,103,341,190,159,118,214,130,83,126,338,251,186,95,124,248,59,251,488,255,14,264,27,44,146,144,5,284,80
14,193,5,165,248,155,128,250,172,64,33,103,258,246,116,74,82,198,28,196,500,234,86,262,10,4,107,55,1,106,66
15,172,61,108,119,93,110,97,132,34,52,80,163,244,81,51,48,204,41,133,500,204,165,252,81,11,74,53,122,103,62
16,164,65,54,107,67,124,56,105,38,48,44,87,242,42,46,53,163,80,101,500,203,169,249,72,93,48,73,8,123,46
17,152,72,35,62,39,111,25,80,64,92,195,59,243,21,50,11,122,76,68,500,207,95,254,64,132,37,72,106,143,20
18,156,22,22,21,15,73,32,75,35,69,155,19,247,25,45,36,77,14,37,500,232,57,256,13,96,44,60,154,156,6
19,151,22,20,91,42,106,40,70,47,74,128,14,249,35,1,55,43,42,19,500,276,6,264,42,211,40,1,240,170,38
20,155,19,26,73,27,71,41,82,66,68,92,26,250,9,37,51,87,20,64,500,330,44,276,31,230,50,28,300,170,35
21,162,56,15,33,31,52,37,83,71,35,66,40,248,27,44,46,83,34,46,500,368,47,288,53,284,52,53,350,157,35
22,163,65,60,24,41,33,61,88,71,36,45,31,254,28,1,54,61,1,39,500,391,39,289,1,243,62,36,394,155,43
23,168,74,42,174,38,84,63,92,72,40,25,61,257,17,18,46,55,17,37,500,413,68,297,25,294,1,45,419,148,39
24,164,82,94,146,30,61,56,93,55,34,9,50,251,21,22,38,33,28,32,500,413,49,303,40,344,29,44,407,138,19
25,162,81,80,127,29,40,41,92,49,39,70,51,254,18,25,39,21,38,30,500,421,28,306,45,382,38,51,355,130,25
26,162,48,42,91,23,9,36,91,36,12,76,35,251,14,30,31,10,23,17,500,417,32,310,27,364,47,1,345,113,7
27,166,36,15,67,16,11,27,93,38,4,62,18,248,8,25,30,26,1,9,500,409,1,314,30,395,58,14,327,99,13
28,173,31,1,53,6,42,12,102,34,16,49,15,251,35,23,18,16,27,5,496,412,1,320,18,438,41,22,354,86,3
29,176,43,3,0,13,23,6,106,32,27,25,2,250,23,32,3,6,21,7,496,418,3,326,17,429,55,35,370,78,5
30,185,41,0,0,16,17,0,108,23,30,10,17,252,8,46,4,11,34,24,500,417,16,324,19,470,70,50,386,64,9
31,190,13,0,0,14,5,0,121,33,23,8,32,254,0,52,5,19,19,39,499,408,3,328,7,466,88,57,351,40,9
32,197,12,0,0,20,9,9,131,16,28,9,45,252,0,55,7,36,22,52,485,398,16,336,17,493,107,73,370,23,9
33,208,7,0,15,24,2,15,136,1,0,11,48,256,0,63,14,53,1,64,459,384,27,342,9,481,92,79,300,2,21
34,214,26,0,17,19,5,16,149,3,16,4,65,253,14,74,11,76,15,83,431,369,50,343,32,500,108,76,324,3,34
35,216,8,0,0,0,5,4,160,1,1,9,76,249,1,76,13,90,20,87,354,357,61,349,21,473,112,66,319,0,1
36,229,0,0,2,44,2,11,170,0,1,12,94,259,2,85,17,116,11,122,306,345,83,354,19,474,134,63,308,9,21
37,237,0,0,16,102,2,15,185,1,0,11,114,261,0,82,13,144,2,166,241,333,91,362,1,459,144,90,280,2,63
38,251,4,0,9,112,1,25,204,0,0,0,92,266,0,93,1,163,2,205,165,311,113,367,4,361,149,62,139,0,60
39,259,10,18,74,128,6,72,213,6,5,15,132,268,20,100,5,207,9,273,84,282,147,378,11,322,168,38,65,0,69
40,277,7,1,78,144,8,89,233,0,7,21,121,270,0,104,10,246,4,332,0,259,162,385,5,201,186,46,1,0,80
41,295,3,1,101,167,8,106,250,4,7,1,136,273,0,129,12,295,6,389,0,228,215,390,7,58,131,44,3,0,98
42,318,0,0,117,156,11,104,280,0,7,1,113,271,0,143,0,324,6,407,9,207,229,397,6,4,22,2,9,0,87
43,333,1,0,52,173,11,154,303,0,10,1,38,279,0,171,0,372,2,413,3,201,269,394,10,0,1,1,7,4,80
44,356,4,0,1,227,7,173,341,4,1,1,45,282,1,193,16,439,2,387,8,188,287,413,9,8,1,1,4,16,103
45,397,3,1,1,268,1,203,377,0,3,1,25,290,1,224,6,468,9,397,4,181,319,426,9,4,1,1,8,50,44
46,428,9,1,30,327,3,224,416,4,1,1,1,298,1,256,36,500,10,395,9,196,355,369,7,1,1,1,1,79,110
47,463,10,4,33,381,9,235,449,4,14,10,39,307,1,274,30,500,10,423,9,207,358,387,11,0,44,1,4,108,128
48,500,7,1,88,420,41,253,474,32,73,86,85,311,30,260,36,500,2,500,1,237,366,405,2,6,1,58,4,136,183
49,500,6,1,101,438,41,259,495,21,66,91,88,315,30,256,41,500,20,500,17,254,352,417,11,3,13,76,7,163,201
50,500,12,35,160,469,54,272,500,29,105,134,124,315,82,262,71,500,37,500,24,269,367,426,6,45,50,117,32,193,244
51,500,36,56,186,483,55,275,500,38,102,137,129,322,90,259,64,500,39,500,24,275,374,440,49,10,72,137,36,217,253
52,500,38,72,229,500,69,280,500,66,144,164,146,323,114,268,87,500,59,500,33,285,385,446,60,88,92,168,55,239,277
53,500,60,66,236,500,67,266,500,60,139,164,148,323,115,271,91,500,56,500,58,290,386,453,63,72,103,172,64,260,281
54,500,70,75,258,500,77,267,500,76,161,174,157,322,129,277,101,500,76,500,70,296,381,455,85,101,111,187,74,281,289
55,500,68,80,252,500,80,267,500,81,166,176,156,323,129,271,100,500,62,500,78,302,367,458,85,102,121,196,71,298,283
56,500,73,80,252,491,81,269,500,97,172,177,160,324,133,282,103,499,66,500,52,300,352,458,87,107,123,202,70,316,274
57,499,72,79,251,490,81,270,499,93,171,181,160,323,132,292,103,496,55,499,1,302,333,459,87,116,152,179,69,330,265
58,482,55,64,208,376,100,250,493,76,148,153,183,321,109,312,75,466,39,478,9,297,298,457,20,78,138,155,6,340,180
59,472,57,55,361,371,97,237,484,74,143,144,161,319,200,350,67,446,44,429,1,299,266,455,29,75,132,154,13,350,159
60,443,1,10,287,330,46,192,461,4,81,90,272,318,144,340,11,379,11,376,118,283,206,452,10,11,105,97,7,218,101
61,417,23,9,217,200,42,165,432,5,60,67,209,315,145,97,135,329,42,321,208,274,136,447,37,46,74,95,28,197,91
62,392,9,51,126,163,13,151,386,70,12,131,134,314,80,70,91,284,14,264,409,254,279,440,5,5,43,75,1,119,69
63,374,11,59,0,99,5,94,345,29,4,108,36,308,43,43,63,214,13,200,500,229,240,433,32,2,56,68,81,112,60
64,359,26,5,0,79,21,53,325,2,7,74,0,307,0,32,36,171,32,166,500,227,174,432,16,52,27,73,118,137,14
65,361,28,0,0,52,11,14,296,20,57,32,0,308,0,14,1,131,32,129,500,232,98,435,6,80,7,70,207,158,0
66,354,3,0,0,17,8,0,289,1,20,1,0,308,0,5,1,87,5,95,500,253,13,431,2,20,11,22,114,157,3
67,353,45,3,23,0,16,1,284,4,7,7,0,310,0,0,1,54,11,82,500,287,0,443,29,133,12,15,164,173,1
68,357,32,0,1,31,10,1,292,57,5,6,2,315,5,14,1,28,6,69,500,342,1,457,9,133,18,16,223,169,8
69,365,45,11,0,26,7,23,295,56,16,10,12,315,0,25,24,9,3,43,500,379,17,465,19,189,26,26,265,174,1
70,367,60,0,0,19,12,18,302,50,18,7,13,316,11,39,27,0,10,46,500,412,11,472,47,240,29,41,304,180,1
71,367,74,0,0,23,8,12,309,40,29,9,15,319,0,36,14,3,5,39,500,430,0,476,60,296,46,56,329,175,2
72,362,74,0,0,20,11,10,302,13,28,9,2,317,0,23,8,0,7,37,500,440,0,481,55,338,53,1,321,166,9
73,359,78,0,0,9,6,6,306,8,4,12,0,319,0,8,3,0,1,31,500,440,2,480,41,367,61,8,312,151,10
74,342,48,0,0,0,9,3,305,7,3,7,4,316,0,0,3,0,4,13,500,435,0,484,1,292,45,2,177,130,11
75,324,4,0,0,0,7,0,313,6,0,7,0,310,0,1,10,0,1,0,500,408,0,488,10,260,33,1,135,110,1
76,321,10,0,0,11,9,0,310,1,6,6,0,304,0,0,10,0,1,7,484,415,0,494,4,308,41,1,119,60,6
77,329,12,0,0,14,0,0,321,1,1,2,0,305,0,1,0,6,4,3,480,418,1,500,9,289,47,9,66,17,1
78,330,8,0,1,12,8,0,327,1,1,7,16,306,0,9,3,10,4,21,486,419,4,500,21,323,64,25,34,15,9
79,339,1,3,0,1,4,0,332,4,0,6,36,307,0,15,2,23,5,35,500,406,1,498,1,317,80,27,1,0,1
80,352,29,0,0,6,1,15,346,1,0,21,45,311,0,41,13,32,8,51,483,399,30,500,15,327,100,41,16,2,10
81,354,1,0,23,1,1,17,352,0,0,4,41,316,0,43,1,56,1,64,450,391,43,500,9,305,71,38,1,2,21
82,362,10,0,31,0,7,21,361,1,1,4,56,316,15,53,0,77,8,82,428,379,60,500,38,330,89,42,19,11,35
83,373,0,0,0,2,5,5,373,0,0,4,61,312,1,64,4,92,1,83,352,338,72,500,16,315,73,16,18,11,1
84,373,0,0,11,42,0,11,385,0,1,6,78,319,3,78,1,117,9,123,304,321,96,500,1,303,111,14,14,17,14
85,388,0,0,11,80,3,17,400,0,0,1,104,321,0,73,1,150,1,167,231,313,100,500,5,251,119,46,8,11,60
86,399,0,0,24,91,6,27,414,0,0,0,78,323,0,83,0,163,4,196,163,283,127,500,13,39,129,28,9,9,41
87,415,3,9,46,112,10,72,430,1,5,1,121,326,1,88,8,221,11,254,79,263,160,500,4,1,146,1,8,0,37
88,431,8,0,1,123,5,80,449,0,10,5,81,329,0,102,3,246,4,232,0,236,178,500,8,0,157,1,11,0,11
89,444,2,0,1,110,11,94,471,3,2,9,96,332,0,115,1,283,8,211,0,211,224,500,2,1,82,0,2,0,1
90,464,11,0,1,120,10,102,499,0,12,19,44,336,0,136,0,314,2,163,8,188,236,500,1,0,1,1,7,0,8
91,488,2,0,1,162,7,100,500,0,7,1,2,339,1,155,7,373,6,107,0,169,287,500,3,0,1,1,4,1,1
92,500,7,1,1,117,10,131,500,2,1,1,1,341,1,179,1,362,1,1,9,165,300,444,12,5,1,1,9,16,1
93,500,7,1,1,173,12,146,500,1,1,1,21,348,1,221,2,414,7,72,13,155,330,451,10,7,1,1,8,50,25
94,500,12,1,102,229,13,180,500,16,11,47,42,359,1,248,42,495,11,155,2,174,372,467,1,69,12,61,8,78,94
95,500,9,24,142,274,1,198,500,8,2,73,71,365,8,264,35,500,2,211,16,195,384,494,1,1,1,76,11,107,126
96,500,9,8,199,311,41,205,500,30,37,107,120,368,28,252,51,500,29,266,10,214,376,500,12,36,31,118,12,134,179
97,500,15,7,215,334,34,211,500,16,39,112,135,371,39,248,48,500,13,304,20,233,364,500,23,8,46,135,15,164,195
98,500,12,42,270,364,55,227,500,31,77,153,163,375,86,248,72,500,43,366,30,249,381,500,18,59,75,174,39,190,236
99,500,28,56,292,374,48,228,500,36,76,159,163,378,91,245,71,500,31,386,13,252,387,500,37,31,98,187,32,218,242
100,500,43,70,333,392,66,231,500,58,113,183,184,379,120,248,89,500,54,423,37,264,403,500,55,72,114,218,49,242,268
101,500,47,68,346,400,64,220,500,47,111,185,186,385,122,258,90,500,50,434,48,269,398,500,52,56,131,233,58,264,272
102,500,55,75,367,407,75,224,500,67,129,202,194,385,131,260,103,500,63,451,52,273,395,500,39,90,144,242,58,283,282
103,500,54,80,363,413,75,220,500,66,132,198,198,384,128,258,99,498,59,455,59,277,381,500,61,100,150,247,54,303,279
104,500,62,79,363,412,76,220,500,68,137,196,196,383,135,265,103,499,58,457,58,276,366,500,65,110,151,219,57,322,267
105,500,61,77,362,409,78,220,497,68,174,196,191,382,134,237,99,497,52,458,1,276,347,500,64,112,153,187,59,336,259
106,486,40,65,316,305,99,238,488,49,148,173,217,381,113,254,74,467,40,431,4,273,306,497,26,75,140,146,4,345,208
107,479,56,60,397,294,94,226,483,57,141,160,193,380,197,293,71,454,44,413,1,274,281,496,37,71,131,154,13,355,186
108,450,1,8,291,254,44,180,457,11,56,100,297,376,150,294,13,383,7,356,119,257,215,492,6,14,105,98,1,225,130
109,422,18,10,223,190,35,155,430,11,39,82,241,374,141,90,128,339,39,302,210,218,154,488,32,44,70,99,22,192,128
110,399,9,55,128,153,9,149,391,54,14,76,160,371,129,73,82,288,11,247,408,188,250,484,7,13,42,73,1,72,99
111,380,7,52,0,93,5,95,348,13,7,65,66,368,92,48,53,221,8,184,500,161,242,475,28,2,51,66,70,67,87
112,369,21,6,0,66,14,55,319,0,3,27,0,368,42,30,26,177,34,151,500,165,165,473,18,48,26,72,115,86,43
113,364,41,6,0,43,30,17,299,37,63,6,0,367,4,23,1,139,32,111,500,164,90,471,20,78,11,64,211,111,3
114,359,9,0,0,15,5,1,292,1,37,0,0,368,0,12,1,97,0,82,500,188,22,476,7,7,17,29,115,120,4
115,359,43,0,23,0,13,1,286,16,32,13,0,371,0,0,1,59,17,64,500,225,0,479,10,118,15,47,150,128,1
116,363,39,12,0,28,5,1,289,41,33,7,10,368,0,20,14,37,8,50,500,284,0,490,6,140,19,32,266,124,3
117,372,42,0,0,14,11,20,294,33,23,6,6,369,0,36,1,14,8,32,500,322,12,500,21,194,21,41,307,124,1
118,372,61,3,21,24,8,22,302,34,31,9,14,373,2,40,1,0,4,27,500,342,6,500,38,247,32,52,347,129,6
119,378,66,0,6,17,10,2,308,18,42,11,12,375,0,37,12,8,2,22,500,372,0,500,42,296,44,58,365,127,19
120,369,76,0,0,8,9,7,306,11,15,9,0,378,9,33,8,0,1,17,500,370,1,500,37,353,51,9,357,114,6
121,374,72,0,1,9,10,2,304,7,3,9,4,380,4,36,3,7,2,7,500,377,0,500,12,387,41,18,344,105,10
122,361,18,0,0,0,0,0,301,9,7,7,0,376,0,1,3,0,4,2,500,370,0,498,8,287,28,1,241,88,9
123,332,8,0,0,0,10,0,307,1,0,12,0,378,0,1,6,0,5,0,500,322,0,500,1,231,15,1,204,64,8
124,335,19,0,0,26,8,0,310,7,5,6,0,365,0,0,1,0,38,3,495,325,0,500,7,270,32,1,164,32,1
125,340,4,0,0,17,0,0,313,6,1,6,0,362,0,1,6,0,16,5,491,330,0,500,9,219,34,4,111,4,1
126,355,6,0,1,22,4,0,329,25,8,9,11,359,0,15,1,12,12,19,495,326,6,500,21,265,47,26,102,0,4
127,351,4,0,0,1,3,0,336,29,0,7,23,365,1,23,6,25,1,37,500,318,0,500,1,267,66,30,69,0,14
128,363,15,0,20,2,5,8,340,17,4,7,41,365,0,33,6,33,8,43,483,303,47,499,9,296,87,47,76,0,15
129,370,6,0,21,1,2,18,350,1,0,4,49,367,1,38,3,60,6,71,454,302,56,500,9,255,66,46,13,0,28
130,377,15,0,47,2,6,22,362,3,11,2,62,370,3,49,3,82,23,83,423,285,79,500,32,273,95,57,36,1,35
131,388,9,0,1,0,5,13,369,0,1,4,72,370,1,59,8,94,19,89,350,241,95,500,29,270,63,25,31,4,14
132,394,3,0,2,58,6,23,385,0,1,3,93,366,0,59,4,121,12,128,299,226,114,500,27,252,102,35,20,17,25
133,401,0,1,13,110,0,25,400,0,1,0,110,373,0,68,3,145,4,170,234,218,132,500,2,250,94,56,12,8,60
134,413,0,0,1,118,2,33,417,0,0,3,89,375,0,72,0,170,3,210,156,192,139,500,6,26,106,27,7,8,50
135,428,4,1,53,134,8,79,429,5,1,1,137,377,1,75,9,213,9,230,80,170,180,500,10,0,126,6,9,0,32
136,442,7,3,9,165,6,90,450,0,2,6,126,382,1,87,5,250,11,182,0,139,191,500,11,9,137,1,4,0,1
137,461,6,0,11,152,7,99,467,0,1,2,123,382,0,106,9,269,7,205,0,113,247,500,13,0,57,1,11,0,33
138,481,3,0,1,130,11,111,484,4,5,1,97,383,0,127,0,330,6,131,10,101,269,500,7,0,1,1,3,0,1
139,500,12,1,0,168,8,116,500,0,8,3,8,392,0,144,3,362,0,81,8,77,300,500,1,3,1,1,3,0,1
140,500,2,1,1,217,12,146,500,2,1,21,1,398,1,172,8,404,1,110,0,72,310,500,7,1,1,1,6,19,31
141,500,8,4,1,269,9,178,500,1,6,1,16,402,0,201,3,472,8,89,8,67,348,500,11,8,6,1,4,48,10
142,500,5,1,1,320,6,204,500,7,1,33,1,407,1,230,40,500,9,18,8,76,366,459,1,7,1,1,9,76,63
143,500,79,1,55,368,1,214,500,10,5,55,38,412,6,249,37,500,10,49,8,92,394,471,8,2,1,29,11,103,102
144,500,25,1,113,401,6,224,500,20,14,76,88,419,19,248,33,500,26,122,7,118,360,494,21,12,72,74,36,129,127
145,500,11,29,139,429,12,236,500,11,10,106,104,427,13,237,27,500,7,164,20,125,331,500,11,3,91,100,1,162,159
146,500,10,63,203,476,36,251,500,23,49,138,131,435,66,243,52,500,25,228,25,142,327,500,4,36,127,152,1,191,205
147,500,17,67,223,490,20,244,500,10,45,151,140,437,73,257,50,500,9,261,11,159,313,500,1,10,144,169,34,216,217
148,500,38,94,274,500,35,247,500,43,84,186,162,440,101,266,65,500,40,298,24,172,312,500,13,64,169,199,55,239,248
149,498,38,97,284,500,43,241,500,36,80,187,161,442,111,277,70,499,29,310,30,180,295,500,40,53,183,217,55,262,256
150,500,35,114,323,500,53,242,500,65,111,206,177,443,123,291,90,500,51,334,46,191,282,500,52,84,202,241,25,280,275
151,500,71,113,329,500,48,232,500,66,112,207,178,446,119,298,92,500,42,343,51,197,251,500,23,78,212,220,56,302,272
152,500,83,111,341,500,53,222,499,74,120,207,182,446,123,318,98,500,86,343,51,201,229,500,43,86,178,227,71,321,273
153,500,67,148,342,500,50,215,500,73,125,207,179,445,126,342,90,497,79,342,69,199,200,500,51,81,138,159,78,333,264
154,490,38,175,307,486,109,199,493,58,108,187,149,445,108,361,67,469,67,323,82,198,168,499,33,47,125,17,41,339,232
155,481,31,164,313,480,101,184,487,160,128,176,125,444,141,387,53,457,57,314,222,201,149,499,42,47,117,27,49,347,220
156,467,13,136,266,458,73,160,478,128,92,150,77,444,115,264,39,417,29,288,324,197,116,495,34,20,99,5,42,355,138
157,453,22,115,285,438,74,146,468,112,101,133,38,442,110,294,30,394,25,261,304,199,223,493,9,40,103,33,54,361,118
158,443,4,189,251,407,39,125,452,74,67,85,93,440,71,189,9,343,14,218,331,196,185,494,1,11,83,12,35,366,82
159,428,18,163,208,387,42,101,438,51,67,64,197,436,63,181,35,315,28,187,397,182,253,491,24,38,63,16,34,370,73
160,417,13,177,116,330,2,87,417,12,28,10,143,437,12,184,29,262,11,143,500,175,205,492,8,11,44,14,1,372,32
161,409,18,131,61,251,9,72,402,28,21,15,98,437,1,195,1,225,2,110,486,169,157,494,8,40,24,16,1,375,15
162,408,5,157,24,217,2,44,389,34,16,68,90,438,1,161,12,196,10,82,500,175,111,496,10,1,14,18,1,388,10
163,402,26,140,25,207,9,63,383,33,13,32,59,438,0,166,33,166,15,45,500,183,65,499,53,46,17,9,41,388,14
164,402,11,115,0,189,22,49,381,42,24,9,44,441,3,189,26,155,39,23,500,185,42,500,23,39,16,39,68,394,10
165,405,49,96,0,173,8,27,380,44,14,11,41,444,12,208,20,142,49,6,500,189,16,500,23,50,18,29,110,398,12
166,404,53,68,0,169,10,18,381,30,19,10,25,449,0,218,1,126,23,5,500,195,0,500,17,55,23,34,136,399,8
167,404,66,41,1,156,6,2,386,28,8,7,15,448,0,215,1,111,18,11,500,200,2,500,39,96,15,32,148,406,8
168,398,69,13,0,142,10,1,386,8,17,6,2,455,0,205,7,85,1,0,500,196,0,499,15,130,28,8,116,410,11
169,399,69,0,0,125,12,0,384,13,1,9,0,455,0,207,1,60,1,4,500,201,8,498,1,155,19,19,102,410,4
170,406,41,0,0,124,7,1,384,1,7,6,2,457,0,187,8,44,9,0,500,206,4,500,11,99,25,1,71,397,1
171,406,16,0,0,113,10,1,382,4,0,9,0,464,0,151,8,40,1,5,500,201,3,498,1,101,6,0,60,385,1
172,413,1,0,1,110,9,1,385,4,10,8,3,466,0,150,0,34,1,0,495,209,4,500,6,125,25,7,49,380,6
173,417,8,8,0,115,11,4,389,10,9,7,10,465,3,133,4,4,8,9,477,217,0,500,10,92,15,1,5,380,1
174,429,6,0,1,125,11,1,395,7,4,11,16,469,4,162,1,3,19,27,488,219,5,500,8,120,38,6,18,389,10
175,439,4,8,0,126,10,7,401,11,24,5,18,472,1,161,4,0,18,29,458,224,1,500,6,127,46,28,1,393,1
176,450,8,0,13,136,4,10,404,3,18,8,13,474,1,165,0,0,10,39,417,229,8,500,6,86,64,24,11,383,2
177,461,7,0,15,142,12,31,408,2,0,16,21,473,0,181,0,3,9,64,369,238,12,500,13,61,73,11,2,385,44
178,474,6,0,10,138,8,31,419,6,0,7,16,475,0,192,2,5,5,59,334,225,9,500,1,26,75,11,5,387,41
179,482,5,0,2,141,4,42,423,17,8,3,22,480,0,214,5,8,9,84,261,217,21,499,8,1,88,1,9,386,26
180,495,14,1,0,136,3,45,434,19,18,24,30,478,12,228,7,17,1,106,197,211,30,500,8,25,114,1,27,387,56
181,500,6,0,52,139,10,52,447,20,31,24,47,481,16,242,3,49,23,148,127,239,48,500,10,9,132,8,1,406,59
182,500,5,0,39,158,7,54,465,10,43,12,58,483,1,243,7,59,1,167,63,250,51,500,10,2,148,1,6,413,54
183,500,10,0,56,170,10,59,470,7,7,4,67,485,1,245,9,68,8,182,0,252,82,500,10,1,154,2,9,410,61
184,500,8,0,1,192,9,69,480,4,9,10,63,487,1,249,0,69,6,135,0,256,69,500,9,2,84,1,8,416,30
185,500,10,1,1,182,6,88,494,7,10,8,43,489,0,243,8,82,1,99,7,255,67,500,5,7,1,1,12,433,16
186,500,9,0,17,219,9,104,500,6,7,6,1,494,1,226,9,106,6,112,0,262,65,500,12,4,1,7,7,445,17
187,500,11,1,1,245,1,120,500,4,1,1,2,493,0,203,9,122,9,160,0,259,90,500,11,0,1,32,6,446,16
188,500,1,1,31,284,9,125,500,4,1,8,1,500,1,196,0,155,1,191,2,286,111,500,5,5,1,49,7,455,44
189,500,10,1,1,324,8,150,500,14,9,40,1,500,1,190,1,173,4,257,0,307,123,500,11,4,1,1,1,479,38
190,500,1,1,57,368,3,168,500,15,9,102,1,500,29,171,43,210,11,277,0,321,140,500,10,7,1,63,13,488,96
191,500,1,1,1,383,5,208,500,1,1,101,1,500,1,155,33,231,1,228,7,334,151,483,5,5,1,84,1,500,135
192,500,63,1,28,398,1,220,500,1,1,123,7,500,1,137,23,245,10,238,18,351,101,490,10,13,18,101,14,500,136
193,500,11,1,39,436,1,199,500,12,1,142,31,500,1,135,25,261,9,289,9,360,71,500,10,1,36,119,2,500,171
194,500,8,38,102,467,26,183,500,21,19,186,60,500,57,141,43,301,13,361,14,380,102,500,1,38,69,165,4,500,222
195,500,13,45,127,494,9,151,500,14,46,191,70,500,68,154,47,315,13,392,14,400,117,500,1,10,95,195,25,500,236
196,500,30,71,174,500,40,158,500,37,85,225,86,500,99,160,57,334,44,430,21,411,141,500,16,68,115,228,50,500,266
197,500,47,75,183,500,41,153,500,38,86,232,96,500,100,176,65,337,27,441,37,419,125,500,28,56,135,238,49,500,270
198,500,39,90,219,500,57,95,500,62,113,246,105,500,114,193,81,350,52,463,52,426,107,500,65,91,147,267,36,500,270
199,500,64,90,233,500,62,87,500,68,113,249,106,499,116,199,91,355,54,469,57,431,160,500,30,76,161,263,65,500,266
200,500,77,92,240,500,61,81,497,80,125,250,110,499,117,220,94,356,86,467,59,433,140,500,58,83,110,268,76,500,266
201,500,64,150,245,500,64,75,497,79,128,232,110,499,117,242,85,353,79,470,83,436,111,500,62,81,110,219,89,500,226
202,489,39,131,208,488,107,110,491,56,113,211,79,498,101,135,55,326,63,451,95,434,79,499,53,46,98,72,46,500,194
203,482,45,123,213,483,104,94,485,163,129,201,55,499,137,123,47,312,56,445,202,438,193,496,62,46,86,83,54,500,178
204,469,29,91,167,462,80,103,477,127,99,175,41,499,118,13,30,270,24,419,285,436,159,495,49,17,68,58,43,500,118
205,456,31,68,166,440,82,94,468,104,100,156,10,498,114,45,26,247,30,393,186,437,250,493,2,34,101,63,59,500,98
206,443,7,188,178,413,47,67,455,68,69,107,100,497,75,31,10,202,14,356,220,429,216,494,1,11,85,41,30,500,57
207,429,26,164,137,330,43,47,436,48,70,89,198,497,67,10,30,172,25,328,296,421,190,491,17,32,71,23,37,500,52
208,399,10,179,53,289,7,47,421,15,17,35,142,496,67,1,12,131,10,258,408,415,140,491,9,9,45,13,1,500,12
209,395,25,127,16,235,27,23,405,22,12,9,91,497,49,13,1,108,29,202,470,407,107,490,36,15,22,14,1,500,7
210,383,1,89,1,192,23,36,397,23,15,9,93,497,12,9,1,85,38,176,481,414,66,494,1,1,17,15,1,500,8
211,383,19,136,4,172,11,44,384,24,19,9,62,500,0,13,4,60,51,138,500,423,12,498,37,36,14,16,28,500,11
212,388,12,114,0,158,9,15,384,26,6,8,44,500,0,41,1,44,59,115,500,427,0,500,11,33,13,26,59,500,10
213,389,36,91,0,140,8,3,385,31,4,8,39,500,0,40,1,27,60,100,500,429,0,500,1,40,5,21,54,500,7
214,385,39,64,0,134,7,5,383,15,9,5,26,500,0,50,1,20,34,85,500,435,3,500,1,21,12,18,37,500,10
215,387,47,42,4,122,9,5,386,8,15,12,11,500,0,61,1,1,24,81,500,437,3,500,26,73,5,10,35,500,1
216,357,58,5,0,107,12,4,387,5,1,6,1,500,6,60,7,0,7,71,500,441,6,500,18,106,18,1,35,497,1
217,348,75,0,0,88,8,3,389,9,1,6,0,500,0,70,1,0,5,61,500,440,10,500,7,136,7,1,14,498,2
218,345,21,0,0,93,10,5,386,6,6,7,2,500,0,37,6,1,11,46,500,441,1,500,10,56,1,0,1,491,1
219,336,1,0,0,67,10,10,384,1,2,1,0,500,0,1,8,0,1,23,500,434,4,500,1,43,6,1,11,472,3
220,338,6,0,1,69,11,1,390,6,1,7,6,500,0,3,0,0,1,39,500,435,7,500,6,64,6,1,1,470,3
221,318,1,0,0,71,5,1,395,10,3,8,2,500,0,3,2,0,8,46,474,448,0,500,6,65,4,1,1,467,1
222,329,3,0,1,50,7,2,394,15,16,1,0,500,1,35,4,8,4,59,483,449,1,500,1,56,21,13,11,476,7
223,330,5,7,2,54,5,6,401,9,20,9,17,500,1,41,0,9,9,69,455,451,19,500,7,22,33,17,1,477,1
224,344,7,1,1,26,1,17,407,9,8,9,22,499,1,43,21,4,3,77,411,467,12,500,7,1,33,22,1,471,2
225,354,14,2,0,35,10,22,412,7,4,29,24,500,24,60,11,1,4,91,373,473,20,500,15,18,48,13,19,471,23
226,366,4,0,2,44,4,30,414,4,0,24,24,499,10,77,4,11,8,108,321,468,17,496,4,17,63,13,7,476,37
227,380,11,0,6,23,0,33,425,3,0,8,30,500,0,95,2,15,6,120,264,457,28,498,8,1,77,1,1,475,46
228,389,11,0,5,29,4,41,436,9,26,21,44,500,21,105,10,18,9,151,193,464,37,500,3,22,94,5,7,479,59
229,402,9,0,52,31,9,49,451,6,24,22,57,500,18,113,4,49,9,177,128,456,60,500,5,1,117,5,1,488,80
230,419,6,0,32,35,2,50,457,6,1,1,61,500,1,115,1,55,1,193,64,482,46,500,11,3,130,1,8,498,63
231,436,6,0,37,52,11,55,466,10,1,11,59,500,1,123,4,70,9,205,0,490,76,500,11,1,122,1,1,497,73
232,455,13,0,1,72,9,64,483,7,4,7,48,500,0,105,2,68,14,171,0,495,77,500,8,0,58,1,6,500,5
233,473,9,1,1,81,0,79,491,1,3,1,12,500,0,119,5,88,8,67,1,498,76,500,12,9,1,1,9,500,1
234,486,7,0,1,112,11,92,500,6,7,1,1,499,1,106,8,99,1,48,0,497,91,500,6,3,1,10,8,500,18
235,500,5,1,11,145,1,106,500,10,1,1,1,500,1,85,2,120,6,80,0,500,99,500,9,14,1,33,10,500,20
236,500,11,1,24,195,6,129,500,16,1,1,1,500,1,70,0,165,10,125,6,500,121,500,10,0,1,27,7,500,45
237,500,5,1,15,221,5,149,500,7,8,1,1,500,1,65,6,181,12,133,3,500,136,429,12,5,1,1,3,500,49
238,500,5,1,80,255,18,175,500,26,17,25,17,500,59,50,32,204,54,171,18,500,157,435,12,14,20,55,1,500,126
239,500,8,1,96,286,13,200,500,35,21,60,44,500,19,37,31,229,44,217,8,500,156,456,2,8,40,99,46,500,161
240,500,15,1,96,306,1,213,500,19,9,71,61,500,1,22,19,251,29,238,13,500,113,467,15,13,50,119,17,500,177
241,500,10,15,118,333,1,204,500,12,4,85,82,500,1,15,16,266,10,267,6,500,78,471,10,9,62,155,1,500,203
242,500,14,37,178,372,12,190,500,25,41,124,106,500,63,19,40,302,16,336,9,500,103,490,1,34,94,195,1,500,243
243,500,6,51,203,395,13,153,500,10,45,136,117,500,69,36,40,316,15,364,15,500,113,500,1,8,119,223,26,500,258
244,500,32,74,252,414,40,155,500,37,82,164,137,500,102,47,53,339,46,401,16,500,144,500,11,65,143,255,47,500,293
245,500,42,81,259,425,40,145,500,43,80,169,137,498,106,59,55,342,34,415,42,500,125,500,38,53,160,270,46,500,294
246,500,50,96,293,434,61,94,500,67,109,190,153,500,121,72,73,355,62,437,51,500,109,500,62,90,177,292,32,500,285
247,500,54,99,304,437,60,87,500,67,112,191,152,500,120,79,79,359,51,444,58,500,162,500,16,74,186,277,69,500,283
248,500,83,97,318,444,62,84,500,72,118,195,154,500,122,101,82,354,88,447,63,500,142,500,59,85,141,284,82,500,284
249,500,65,150,323,441,69,75,500,75,126,191,154,500,120,122,71,351,80,445,87,500,114,500,69,83,111,239,91,500,193
250,491,47,157,284,428,104,111,491,57,106,179,123,497,102,39,52,328,63,426,98,499,104,500,51,46,96,85,24,500,163
251,478,42,146,287,427,101,98,486,163,131,196,99,498,142,51,47,312,60,417,239,500,187,497,59,53,92,92,36,500,148
252,465,24,116,246,407,83,89,477,131,99,169,53,495,112,1,27,273,28,391,324,493,155,494,51,23,69,68,42,500,106
253,455,31,97,218,385,82,78,467,111,105,149,16,493,106,31,21,245,28,373,267,495,185,495,2,37,98,69,53,500,88
254,444,3,187,233,355,48,51,450,69,69,100,92,492,71,1,9,202,15,338,299,485,150,492,1,12,84,51,25,442,45
255,430,25,163,184,331,43,94,435,48,66,83,198,493,63,1,31,175,34,310,406,481,154,492,23,38,68,59,7,444,37
256,405,12,111,95,278,11,67,423,40,9,28,144,493,20,1,12,129,8,250,500,473,103,491,4,8,48,23,1,444,13
257,397,20,63,26,215,19,45,407,33,16,10,96,493,20,23,1,107,35,203,500,463,59,488,27,10,26,11,1,451,10
258,394,1,30,12,189,24,36,393,35,14,14,87,493,25,19,1,82,33,178,452,474,12,492,1,1,21,22,6,462,18
259,390,12,132,13,170,12,31,385,35,18,12,62,492,3,23,22,54,54,137,500,479,0,497,41,34,20,26,51,468,4
260,390,12,113,0,151,9,2,385,38,13,7,45,490,0,47,1,40,63,117,500,483,0,499,10,30,11,29,52,469,11
261,393,34,89,0,141,8,1,385,37,3,3,36,497,11,33,1,29,56,92,500,495,0,500,1,31,10,23,25,471,3
262,392,28,64,0,121,10,5,383,23,0,7,23,499,0,43,1,7,25,85,500,480,1,500,5,16,4,23,42,478,6
263,389,59,31,0,118,11,1,385,14,25,3,14,500,0,49,7,1,9,81,500,487,0,500,25,80,2,5,59,480,1
264,368,72,1,0,109,9,5,384,9,1,10,4,500,0,40,6,0,1,70,500,488,3,500,6,98,16,1,41,484,4
265,359,77,0,0,90,10,5,386,13,1,2,0,500,0,38,5,0,8,55,500,485,1,500,3,89,12,1,11,485,0
266,363,19,0,0,62,10,2,384,9,4,9,2,500,0,8,9,0,4,41,500,500,2,500,7,74,1,0,3,471,1
267,357,1,0,0,34,9,3,380,3,2,7,0,487,0,0,3,0,1,28,500,498,3,500,1,53,6,1,1,451,3
268,360,9,0,0,33,7,11,383,4,1,12,12,488,1,9,8,0,1,33,480,500,0,500,7,73,22,1,12,452,6
269,352,9,0,0,36,8,1,384,10,1,8,8,492,0,10,1,0,10,32,484,500,0,500,1,45,17,1,1,447,1
270,356,5,0,1,18,13,3,396,1,11,11,17,496,0,19,3,0,8,56,492,499,1,500,10,40,29,3,1,457,8
271,368,4,8,0,27,6,24,403,4,1,6,18,500,1,11,0,0,12,60,462,500,0,500,11,1,34,18,8,460,1
272,379,4,1,0,33,2,37,406,6,0,8,16,500,4,28,5,0,1,71,426,500,14,500,2,29,51,23,13,455,1
273,393,4,0,37,43,10,42,407,1,0,1,23,500,2,36,3,6,6,79,376,500,19,499,10,1,53,1,1,457,11
274,396,7,0,25,16,8,44,415,5,1,7,21,500,0,60,0,1,9,48,335,490,18,498,8,1,57,0,10,452,2
275,408,6,0,1,18,2,40,420,1,1,6,32,500,0,78,8,12,9,58,265,477,29,493,6,1,78,2,1,451,10
276,417,8,3,1,21,2,53,435,6,1,15,41,500,1,89,15,4,20,1,207,489,47,500,1,32,101,14,10,455,30
277,432,30,15,25,23,12,55,450,14,8,4,1,500,1,98,7,40,17,63,142,500,62,500,11,57,120,1,36,474,13
278,451,11,1,1,33,25,63,460,16,1,9,19,500,11,105,19,52,17,59,127,500,54,500,6,38,1,13,36,483,19
279,469,9,16,3,50,9,68,472,10,12,18,1,500,2,108,7,68,8,53,176,500,89,500,5,69,30,10,4,482,1
280,487,11,5,1,69,11,80,482,6,7,1,9,500,1,111,21,76,11,24,118,499,81,500,10,27,1,1,16,490,11
281,500,6,5,33,89,11,98,490,6,9,15,16,500,0,110,4,80,8,43,81,500,83,500,6,4,23,24,12,499,35
282,500,8,1,1,106,9,109,500,7,1,1,19,500,1,92,4,108,1,1,5,500,97,410,10,9,1,31,9,500,1
283,500,19,1,0,121,8,123,500,12,8,22,20,500,0,69,25,127,7,48,71,500,105,422,13,1,25,44,9,500,24
284,500,7,1,1,168,12,141,500,12,13,7,37,500,1,62,11,156,1,68,4,500,119,431,11,3,1,70,9,500,61
285,500,3,1,24,200,6,160,500,14,8,32,21,500,28,54,9,178,4,142,11,500,135,441,12,2,1,66,16,500,86
286,500,6,1,87,247,8,186,500,33,38,82,12,500,1,37,43,208,6,191,3,500,156,449,8,37,29,120,6,500,149
287,500,13,22,120,268,6,208,500,34,36,96,39,500,36,23,36,233,8,229,11,500,156,462,1,46,1,150,9,500,177
288,500,10,7,152,288,35,218,500,31,40,121,64,500,44,14,48,250,35,269,36,500,128,470,22,38,45,181,10,500,218
289,500,6,1,168,310,32,221,500,16,38,126,77,500,47,11,45,266,19,299,7,500,121,479,12,9,41,196,13,500,235
290,500,16,38,227,347,50,235,500,33,74,168,105,500,95,26,71,290,41,351,34,500,133,491,18,53,68,234,35,500,276
291,500,22,57,241,362,46,234,500,32,76,174,107,500,103,33,66,312,26,374,14,500,135,500,38,27,91,250,42,500,284
292,500,38,71,284,377,61,240,500,58,110,199,127,500,126,44,89,328,52,412,33,500,145,500,54,76,109,280,47,500,310
293,500,45,72,298,382,61,232,500,54,109,202,131,500,135,61,91,326,52,425,51,500,149,500,52,63,124,292,53,500,312
294,500,68,74,319,393,73,232,500,69,132,214,140,500,142,66,103,339,71,435,58,500,144,500,54,87,136,310,71,500,319
295,500,56,76,315,394,71,231,500,70,135,209,141,500,141,61,101,340,69,445,69,500,134,500,74,102,141,310,65,500,231
296,500,67,80,316,394,74,222,500,70,137,212,139,499,136,74,101,344,67,449,68,500,205,500,80,111,147,281,69,500,223
297,500,78,78,317,392,76,219,500,76,170,212,138,498,138,88,98,343,56,450,1,500,195,500,81,118,152,265,72,500,211
298,489,53,68,270,287,99,200,489,55,149,185,178,498,118,104,78,309,40,429,21,493,160,494,20,74,136,174,7,500,180
299,477,63,60,361,250,94,187,482,119,146,172,155,496,201,149,68,287,40,391,1,494,128,494,34,73,129,169,12,500,163
300,452,1,14,288,214,45,146,455,47,81,116,279,492,148,144,35,219,10,338,140,475,67,490,10,9,98,110,9,447,102
301,424,26,6,212,192,45,115,427,16,81,95,222,487,141,95,73,176,39,252,376,430,1,484,30,48,70,99,35,401,96
302,277,32,4,115,153,29,75,390,10,16,95,144,487,84,72,27,127,12,202,500,384,3,480,11,16,35,73,1,130,72
303,253,26,46,1,94,8,69,347,3,6,69,47,483,45,49,56,181,30,135,500,317,75,472,27,5,54,45,1,100,68
304,244,22,72,16,67,27,59,323,29,13,34,0,485,41,28,30,140,29,94,500,315,6,473,40,50,30,50,66,123,43
305,238,50,38,0,42,27,1,298,42,73,14,0,479,0,24,1,99,42,59,500,313,0,463,33,92,18,47,157,147,4
306,238,10,10,0,9,4,1,291,14,54,0,0,482,0,1,1,54,2,32,500,342,0,468,5,24,12,21,51,154,4
307,229,40,0,6,14,11,1,286,1,45,9,0,485,0,0,1,19,26,4,500,378,0,479,12,147,14,30,91,168,7
308,234,1,12,0,7,10,10,293,34,44,9,1,484,0,19,19,0,9,0,500,434,0,492,6,152,16,8,159,166,7
309,247,32,0,0,4,7,15,295,48,44,8,14,490,0,36,1,0,2,6,500,479,3,500,13,188,3,18,186,167,9
310,249,39,0,1,10,7,5,298,43,50,9,6,495,9,35,1,2,1,12,500,500,1,500,20,256,38,17,219,167,11
311,249,47,0,0,13,8,12,309,23,47,9,9,492,0,35,9,0,2,1,500,500,0,500,48,311,49,27,245,162,14
312,250,54,0,0,3,9,11,310,3,39,8,0,491,12,16,6,0,1,16,500,500,0,500,35,360,52,1,234,156,12
313,239,41,0,0,1,7,5,306,6,15,9,2,493,0,1,3,0,1,7,500,500,3,498,25,394,56,1,211,143,6
314,226,18,0,0,0,7,0,308,1,8,5,0,492,0,1,3,0,7,0,500,493,1,500,4,291,53,2,95,114,10
315,198,9,0,0,0,7,1,308,1,0,12,0,489,0,0,9,0,1,0,478,472,0,500,5,256,37,1,16,100,10
316,191,14,0,0,0,11,0,315,4,1,0,0,482,1,0,2,0,6,0,492,467,1,500,1,299,33,7,31,71,2
317,201,10,0,0,9,3,0,315,2,10,6,0,479,0,0,0,0,8,5,492,473,1,500,12,242,48,23,1,33,1
318,212,6,0,0,0,0,1,327,4,13,9,25,487,0,10,0,2,10,1,496,469,0,500,1,254,61,30,4,1,0
319,214,3,0,7,1,0,0,340,7,1,9,31,488,0,20,4,11,1,2,498,460,18,500,5,183,71,31,6,0,46
320,227,8,0,13,0,7,0,344,15,10,13,46,487,1,21,1,21,7,28,476,447,40,500,14,229,90,47,12,0,58
321,234,8,0,16,1,1,9,351,1,0,1,45,491,0,33,5,47,7,34,452,438,55,500,6,181,77,52,1,0,55
322,247,18,0,26,16,5,10,365,0,1,8,58,492,10,46,4,67,10,55,414,425,68,500,27,222,91,56,19,0,73
323,254,7,1,0,2,1,0,372,1,0,3,75,489,2,51,9,81,2,61,360,408,77,500,23,193,93,26,14,1,33
324,264,0,1,0,22,1,12,388,0,1,4,78,490,0,57,11,106,9,93,319,396,98,500,18,179,110,40,8,1,40
325,265,0,0,17,64,0,21,403,1,0,1,98,497,0,64,10,131,1,142,243,385,116,500,1,163,119,56,10,3,77
326,282,0,1,16,65,1,25,418,0,0,0,75,500,0,67,0,156,5,163,182,355,132,500,2,1,141,1,10,0,36
327,295,5,2,46,98,6,69,436,2,1,1,121,499,1,74,1,203,9,165,92,335,169,500,12,1,156,1,8,0,28
328,304,5,1,1,96,8,72,449,0,5,1,100,500,0,85,6,235,4,137,12,310,175,500,8,8,184,1,6,0,1
329,321,13,0,1,97,6,76,466,1,13,1,99,500,0,103,1,271,1,155,0,284,235,500,0,5,107,1,1,0,1
330,340,2,0,1,101,11,109,498,1,1,1,55,500,0,116,2,305,3,85,4,258,255,500,10,0,35,1,5,0,1
331,377,5,1,0,109,2,107,500,8,4,6,1,500,0,142,7,321,7,57,6,247,275,500,10,5,1,1,7,5,1
332,399,8,1,1,153,8,138,500,1,8,1,1,500,0,160,4,401,8,60,0,242,302,500,9,0,1,1,3,13,32
333,452,7,7,1,191,12,161,500,0,5,1,27,500,1,195,5,418,9,1,2,236,316,500,10,11,8,0,14,48,43
334,499,9,1,1,238,9,185,500,3,1,1,1,500,1,222,40,484,11,1,8,245,357,466,8,12,1,33,4,73,73
335,500,10,1,37,276,2,200,500,1,8,9,64,500,34,232,35,500,1,74,15,269,374,481,1,1,1,40,9,109,95
336,500,38,5,116,342,32,214,500,24,74,79,103,500,77,236,46,500,32,132,4,290,364,491,39,49,18,86,24,133,150
337,500,11,22,125,365,29,213,500,19,69,89,123,500,91,232,54,500,21,162,27,309,354,500,12,8,39,109,12,163,172
338,500,16,56,188,396,51,229,500,34,106,129,153,500,129,228,75,500,40,216,27,323,369,500,25,56,72,146,49,189,202
339,500,32,61,208,410,42,231,500,34,108,130,154,500,136,230,70,500,39,240,18,325,371,500,47,33,92,157,43,215,218
340,500,43,74,252,428,61,239,500,64,144,158,174,500,163,234,89,500,59,278,44,339,385,500,59,77,114,191,54,242,243
341,500,52,75,260,434,58,227,500,56,145,158,176,500,165,242,92,497,59,287,48,345,386,500,62,69,127,200,60,263,246
342,500,68,84,280,440,72,223,500,78,162,172,183,500,176,243,105,500,66,302,64,349,386,500,68,95,137,217,69,283,256
343,499,58,84,278,440,71,223,500,75,161,171,180,499,177,240,103,500,70,309,67,354,370,500,66,102,145,223,70,302,256
344,499,55,85,281,436,72,225,500,77,167,173,179,498,173,248,104,499,67,312,69,356,355,500,71,111,149,224,67,321,245
345,500,58,84,281,435,72,221,500,75,174,182,179,498,173,206,101,498,56,312,1,355,338,500,73,118,153,198,65,332,234
346,486,40,62,247,325,101,243,490,60,152,155,228,499,153,225,76,468,38,293,4,351,298,497,21,78,135,146,4,342,153
347,477,47,57,383,317,98,232,482,69,147,140,199,497,238,260,70,447,46,285,1,350,269,494,30,72,126,142,14,351,134
348,453,7,8,269,279,38,190,431,5,79,85,297,494,178,257,17,377,10,240,120,331,205,488,9,10,99,110,10,232,75
349,425,28,7,193,192,39,159,396,12,48,65,239,494,162,93,123,326,35,225,210,316,139,483,26,43,77,109,32,152,65
350,405,10,54,104,155,12,150,351,44,9,83,153,490,121,74,79,281,12,169,463,291,207,478,8,6,38,80,1,9,99
351,379,3,55,3,90,10,91,312,14,5,60,60,484,82,48,50,212,13,105,500,266,225,473,17,0,0,73,68,1,91
352,373,22,0,0,75,9,56,279,3,4,21,0,481,36,28,15,173,40,71,500,264,156,467,16,49,1,72,122,46,45
353,368,33,5,0,47,29,18,258,31,60,1,0,481,0,15,12,125,34,40,500,268,82,470,6,89,3,71,206,71,3
354,364,4,0,0,13,7,0,254,1,28,0,0,483,0,8,1,86,6,5,500,293,24,472,1,33,16,31,74,78,1
355,356,47,0,3,13,3,1,245,3,1,7,0,489,0,0,1,48,14,0,500,320,0,476,9,131,13,34,115,94,1
356,365,11,15,3,8,5,0,250,52,9,10,0,490,0,21,19,9,7,0,500,385,0,491,12,127,11,18,199,96,5
357,372,34,0,0,4,11,30,255,41,7,8,14,495,0,15,1,0,7,19,500,429,5,500,21,193,23,27,235,100,2
358,373,42,0,0,10,7,29,261,47,26,5,7,497,3,30,1,2,1,3,500,455,5,500,26,245,35,31,247,93,5
359,379,48,0,0,8,10,22,269,32,22,6,7,492,0,32,9,4,1,18,500,473,0,500,38,289,43,45,287,91,10
360,365,47,0,0,6,3,1,270,6,25,8,0,494,9,28,7,0,2,3,500,480,0,500,41,338,57,1,296,82,4
361,366,47,0,0,0,10,3,269,8,1,13,6,497,0,1,4,9,1,0,500,481,1,500,15,373,64,6,271,58,4
362,342,11,0,1,3,7,0,273,6,6,0,3,491,0,1,1,0,8,1,500,479,4,500,7,263,38,0,132,13,7
363,340,4,0,0,0,6,1,274,7,1,6,0,488,0,0,3,0,9,0,500,449,0,500,1,198,25,1,83,0,4
364,332,12,0,0,6,7,0,276,4,3,4,0,484,0,0,2,0,10,0,500,452,2,499,7,228,24,7,25,1,7
365,341,4,0,0,1,4,0,282,6,1,9,0,483,0,1,4,0,1,15,500,456,1,500,6,144,30,1,1,0,1
366,352,7,0,2,6,7,2,291,19,10,10,13,483,2,16,6,9,3,30,500,456,13,500,1,169,32,13,1,1,4
367,342,7,0,0,0,1,1,301,7,0,10,28,487,0,26,2,16,8,17,495,440,20,500,10,108,58,19,8,0,4
368,372,4,0,0,5,9,0,308,5,6,33,49,487,1,32,1,47,15,31,467,434,42,500,8,156,85,30,13,5,17
369,372,9,0,11,1,0,4,317,0,1,1,46,491,0,41,6,63,8,54,468,421,51,500,6,110,65,30,1,6,25
370,381,22,0,18,22,6,9,330,2,10,0,57,493,16,51,15,77,23,80,418,409,68,500,19,134,88,39,21,8,40
371,384,9,0,0,0,3,0,332,0,1,2,69,494,7,56,17,89,21,52,364,396,74,500,19,114,41,17,14,4,2
372,397,0,14,0,24,1,16,349,0,1,4,91,491,0,63,20,118,9,116,311,380,95,500,17,123,83,23,14,5,1
373,406,0,1,25,73,0,20,360,1,0,1,108,499,1,72,17,139,4,160,249,370,115,500,1,90,86,44,9,3,34
374,419,0,0,1,49,1,28,377,0,0,0,78,496,0,74,1,170,6,186,173,346,122,500,9,1,105,1,10,0,1
375,433,8,5,7,65,9,63,395,0,1,1,121,497,1,82,7,223,6,215,87,322,154,500,11,4,122,1,7,0,1
376,448,3,1,1,55,7,66,410,0,8,6,92,499,0,92,6,255,7,99,4,296,177,500,7,10,128,1,11,0,1
377,467,1,0,0,50,10,80,436,6,9,1,105,500,0,106,5,297,6,79,0,270,220,500,3,1,70,1,2,0,1
378,477,10,0,1,73,9,69,456,0,6,1,65,500,0,120,0,331,6,31,7,248,248,500,8,0,3,1,12,0,1
379,500,3,0,1,101,9,73,474,0,1,1,1,500,1,153,4,335,4,44,0,234,275,500,13,5,1,1,2,0,1
380,500,1,1,1,146,11,99,500,0,1,1,26,500,0,170,23,376,9,6,10,227,302,500,11,8,1,1,7,21,25
381,500,1,0,1,184,9,119,500,2,5,1,1,500,1,206,6,416,9,16,0,219,336,500,8,6,1,1,4,46,33
382,500,3,1,12,237,1,143,500,1,1,1,1,500,1,234,40,488,7,1,4,237,362,456,1,8,1,45,6,76,54
383,500,7,7,22,285,12,153,500,4,3,46,73,500,9,238,36,500,1,77,26,258,381,474,1,6,25,39,9,105,92
384,500,19,1,98,339,71,171,500,31,40,88,111,500,60,240,49,500,47,144,9,279,371,489,17,43,50,93,13,135,151
385,500,1,20,126,357,64,178,500,23,46,99,128,500,69,234,53,500,31,177,25,289,361,500,28,7,59,114,18,166,168
386,500,13,49,185,396,86,191,500,34,79,142,157,500,111,234,76,500,52,231,27,311,375,500,25,58,86,150,40,190,208
387,500,35,57,206,407,76,191,500,35,77,142,158,500,124,233,72,500,37,257,19,313,381,500,40,31,112,167,35,218,214
388,500,39,74,250,423,100,196,500,63,113,169,183,500,151,241,95,500,62,289,44,325,392,500,57,84,130,195,57,240,240
389,500,52,69,260,430,99,186,500,58,108,169,188,500,152,248,96,500,54,304,52,330,395,500,55,71,143,209,60,260,242
390,500,66,81,278,436,105,190,500,72,137,182,193,499,165,253,107,500,75,318,57,333,388,500,71,97,150,221,63,281,253
391,500,52,84,276,438,105,184,500,73,141,180,191,500,159,247,108,498,64,324,69,336,371,500,71,104,158,226,71,302,248
392,499,62,79,276,439,106,186,500,80,144,183,190,500,162,255,107,498,55,328,66,336,360,500,73,110,162,216,70,317,239
393,496,64,79,273,441,106,187,500,79,167,183,189,500,161,166,103,495,53,331,1,338,344,500,71,114,163,217,69,331,229
394,484,46,65,256,317,99,239,495,59,143,157,226,500,142,184,81,465,38,310,6,335,304,497,20,77,151,163,8,341,152
395,475,49,59,390,305,98,227,487,81,135,149,206,499,240,223,77,446,45,293,1,338,272,495,31,73,144,161,12,352,131
396,446,6,16,279,268,38,180,448,17,69,89,312,496,171,222,18,377,9,243,136,320,211,488,11,11,115,112,9,233,72
397,418,32,7,203,187,35,155,422,5,19,69,251,494,165,98,122,324,37,226,225,286,148,483,29,38,87,116,25,149,67
398,403,6,62,111,152,11,165,383,30,5,84,175,490,128,73,82,270,12,171,439,260,166,478,8,10,50,85,1,6,86
399,381,11,47,4,87,7,91,337,1,13,49,70,484,89,48,54,206,4,106,500,235,211,471,11,2,54,61,1,1,77
400,368,8,73,6,65,21,53,315,19,1,23,4,482,45,30,24,167,18,71,500,236,140,468,31,4,27,19,1,18,57
401,366,28,46,16,40,36,16,287,20,42,20,72,480,4,17,6,129,34,33,500,218,65,463,50,36,3,15,2,7,11
402,364,1,23,9,8,5,9,285,1,18,3,26,483,1,10,17,81,1,2,500,246,48,468,4,1,19,1,1,33,10
403,356,44,5,48,21,29,23,279,27,11,58,16,486,0,8,27,53,26,17,500,287,0,477,20,131,24,23,95,47,22
404,362,8,25,30,11,8,24,282,48,16,25,14,487,15,33,42,30,6,4,500,340,3,487,15,117,31,1,149,55,29
405,370,30,1,1,10,15,26,288,28,8,10,17,491,6,1,40,42,20,21,500,385,17,500,1,64,33,29,1,52,15
406,376,40,18,9,16,81,53,293,30,36,122,13,487,51,1,42,29,1,25,496,378,80,500,1,10,43,36,51,47,16
407,376,50,17,127,38,85,61,300,32,33,96,60,491,35,5,42,19,9,21,500,404,80,500,14,55,1,42,82,43,11
408,361,60,72,102,29,55,51,303,22,35,65,52,495,38,9,28,2,18,14,500,397,61,500,28,96,20,38,94,33,11
409,358,56,48,85,32,36,42,301,12,30,61,45,493,30,24,30,15,38,29,500,408,41,500,40,132,14,46,11,51,15
410,357,28,29,47,16,10,32,298,15,17,73,33,493,14,21,45,12,16,18,500,403,25,500,15,118,22,1,10,32,12
411,361,11,15,13,15,12,21,304,11,0,61,17,495,2,20,31,25,25,8,500,397,1,500,22,152,36,23,37,13,14
412,365,10,1,0,7,7,7,306,18,13,51,9,489,0,19,22,11,22,8,500,398,12,500,25,191,47,29,71,6,18
413,369,14,0,0,7,4,0,312,1,13,4,2,485,0,21,3,1,2,0,499,403,1,500,1,172,57,49,52,0,1
414,376,5,0,1,1,4,0,323,1,4,9,15,487,0,34,4,1,13,20,494,397,1,500,7,194,75,64,1,0,8
415,381,4,0,0,0,0,0,332,5,0,8,32,492,0,40,2,18,7,15,485,374,1,500,7,120,92,47,1,0,1
416,395,12,0,0,1,10,0,338,7,1,14,38,493,0,45,17,30,2,18,487,359,11,500,1,175,100,60,15,0,7
417,398,3,0,19,1,1,20,346,1,0,1,40,494,0,55,1,50,2,43,447,348,27,500,9,105,78,64,1,0,14
418,405,18,0,34,0,10,18,353,4,15,2,53,496,6,66,3,68,37,60,397,339,40,500,33,113,100,65,18,0,20
419,411,8,0,0,0,5,11,363,0,1,10,63,496,0,71,1,86,30,67,348,305,55,500,7,118,105,46,16,0,0
420,424,0,0,0,28,3,15,376,0,1,6,88,499,7,81,1,112,20,103,291,301,78,500,8,115,124,53,12,0,20
421,429,0,0,22,78,0,25,393,0,0,1,107,500,0,78,2,137,1,144,235,286,104,500,7,61,132,79,7,2,60
422,442,0,0,1,86,0,27,406,0,0,0,79,500,0,84,0,158,8,144,154,258,109,500,8,1,139,1,10,3,7
423,454,7,9,17,98,7,81,424,0,1,1,139,500,1,92,7,215,5,146,72,237,142,500,7,0,154,1,9,0,3
424,468,5,0,1,115,1,66,440,1,7,1,104,500,0,101,0,246,4,62,0,213,153,500,6,10,179,1,8,0,3
425,489,3,1,1,125,7,78,463,2,10,1,112,500,0,119,4,270,1,1,0,191,197,500,11,0,112,1,1,0,1
426,500,2,0,1,122,1,78,483,0,5,1,64,500,0,135,5,289,0,1,9,170,239,500,8,1,24,1,11,0,4
427,500,9,1,0,121,8,90,500,5,7,1,1,500,0,163,1,329,12,1,10,144,268,500,4,0,1,1,3,0,1
428,500,6,0,20,174,11,134,500,0,9,13,1,500,1,185,1,388,1,33,10,145,286,500,8,0,1,22,1,36,44
429,500,8,4,0,219,10,148,500,6,3,1,22,500,1,215,8,448,8,17,0,136,305,500,8,9,6,1,6,67,1
430,500,5,1,95,268,10,180,500,0,2,21,47,500,1,244,54,500,10,46,6,147,339,500,1,11,1,23,5,84,78
431,500,9,1,135,321,1,185,500,8,1,19,1,500,1,263,40,500,1,64,2,167,357,500,10,5,1,2,1,122,112
432,500,31,1,168,354,62,195,500,24,29,46,54,500,61,250,51,500,9,126,25,192,357,500,13,23,30,62,4,146,170
433,500,11,16,200,375,70,205,500,28,36,60,75,500,65,244,61,500,21,168,13,203,341,500,29,12,55,91,31,174,185
434,500,21,57,261,412,93,221,500,43,74,104,100,500,107,254,83,500,46,226,41,225,356,500,37,61,83,132,50,204,230
435,500,37,61,289,429,85,219,500,46,69,106,111,500,127,245,74,500,46,247,33,234,356,500,54,31,107,151,50,227,235
436,500,49,79,333,446,105,230,500,66,107,129,124,500,148,256,97,500,69,284,40,243,369,500,74,87,124,177,63,250,257
437,500,49,68,342,452,101,215,500,65,106,130,125,500,152,261,101,500,61,298,63,251,367,500,75,79,138,186,64,273,260
438,500,73,79,363,458,112,218,500,81,125,143,132,500,165,264,111,500,79,310,66,255,366,500,93,102,147,205,75,292,271
439,500,63,79,364,462,113,216,500,77,126,141,135,500,161,261,111,499,75,315,76,257,352,500,92,103,154,210,71,311,248
440,500,69,81,360,461,115,215,500,80,129,159,132,500,160,266,113,500,55,319,76,258,338,500,94,112,159,211,52,330,238
441,499,69,79,358,461,117,212,498,77,163,183,132,500,159,237,112,500,55,318,1,262,320,499,96,109,159,208,53,343,230
442,489,48,63,311,387,99,239,493,60,142,155,179,498,139,252,87,470,36,301,3,256,288,498,23,65,146,164,7,353,193
443,478,56,61,401,373,93,224,487,75,127,143,154,496,194,289,79,449,43,292,1,256,253,496,37,74,139,162,12,364,175
444,449,1,10,287,337,39,183,451,9,78,91,266,492,139,287,20,385,8,237,113,238,188,493,10,11,112,107,1,238,120
445,422,23,8,220,208,40,154,421,2,32,68,200,490,139,97,136,331,39,227,200,206,125,489,40,43,80,101,16,203,112
446,402,12,56,124,166,14,151,381,41,12,131,120,488,109,70,94,274,13,176,408,177,221,482,1,11,46,82,1,68,88
447,377,3,53,0,104,9,92,337,11,5,107,25,481,70,40,61,209,10,107,500,152,245,475,5,0,56,78,63,62,76
448,371,18,1,0,80,16,53,309,0,9,71,0,483,16,29,31,171,4,73,500,150,176,476,16,66,27,84,127,85,31
449,367,34,0,0,54,10,18,286,18,49,38,0,480,0,10,1,132,23,34,500,155,99,476,1,106,11,75,201,102,1
450,359,6,0,0,20,2,1,283,0,21,0,0,483,0,7,1,73,6,9,500,180,38,479,0,28,7,31,74,112,5
451,359,30,0,10,21,5,1,279,4,1,8,0,479,0,0,1,48,3,0,500,219,0,482,23,145,4,33,145,128,1
452,366,34,10,11,13,6,1,277,46,16,11,0,482,0,10,25,28,5,2,500,271,0,498,5,128,18,40,217,125,29
453,373,45,0,0,12,8,12,284,52,13,10,16,491,0,24,19,6,4,0,500,309,10,500,29,181,25,35,267,133,1
454,375,58,0,1,17,10,14,292,45,19,10,15,493,10,29,1,0,7,11,500,340,10,500,48,235,33,56,286,130,9
455,376,73,0,0,8,8,5,298,42,23,11,9,493,0,32,7,8,3,11,500,365,0,500,44,290,45,54,315,124,1
456,372,61,0,0,6,8,9,301,7,17,11,1,493,25,15,6,0,8,0,500,369,1,500,42,324,55,7,291,111,12
457,371,59,0,0,0,8,1,297,5,1,10,0,492,1,1,9,4,3,15,500,378,0,500,33,365,54,16,236,100,8
458,349,29,0,0,0,9,1,299,5,6,11,5,494,0,1,1,0,11,2,500,363,7,500,4,266,29,1,158,74,1
459,325,8,0,0,0,6,0,298,1,8,10,0,491,2,1,6,5,5,0,500,359,0,500,3,201,32,0,96,35,2
460,311,16,0,0,0,12,0,301,3,1,7,0,488,0,1,4,0,19,0,483,358,1,500,3,221,39,30,92,19,6
461,330,15,0,0,3,0,0,307,7,0,4,0,487,0,1,3,0,2,6,478,365,1,500,7,190,31,49,39,1,1
462,335,18,0,1,1,4,0,316,9,11,10,33,493,0,8,0,5,5,29,488,359,1,500,8,227,51,51,1,0,6
463,347,3,0,0,0,0,1,327,11,8,6,45,494,0,14,3,10,6,42,481,347,1,500,6,166,69,54,1,1,1
464,357,10,0,29,1,8,0,337,6,15,1,58,489,1,22,2,32,2,56,474,332,4,500,6,232,88,65,21,0,2
465,367,8,0,42,1,5,1,342,0,0,0,55,494,0,35,1,50,6,54,445,327,24,500,6,156,69,76,1,1,21
466,369,12,0,46,12,15,2,354,9,0,7,69,497,5,37,3,70,19,68,415,314,35,500,31,197,90,83,19,6,39
467,379,10,0,9,0,5,0,360,1,0,7,79,496,1,46,4,85,1,75,336,289,44,500,23,176,73,58,14,5,23
468,388,1,0,0,29,4,16,381,0,27,8,101,497,2,54,15,115,5,114,293,279,64,500,29,159,98,57,11,4,38
469,394,1,0,18,76,0,22,396,0,0,2,119,500,0,59,1,143,5,158,224,263,87,500,1,136,92,80,10,0,82
470,404,0,1,1,77,2,25,408,0,1,0,124,496,0,59,0,158,8,191,145,238,97,500,4,1,110,34,8,9,42
471,425,7,1,1,21,7,72,421,4,4,1,53,500,1,73,1,205,8,1,61,217,137,500,9,1,1,1,11,3,1
472,438,43,1,21,52,10,78,441,0,7,12,78,500,1,79,3,228,30,56,183,191,153,500,8,65,28,14,9,9,6
473,454,8,0,53,84,12,112,462,1,1,35,104,500,1,98,3,280,4,131,86,164,201,500,8,9,69,38,4,0,39
474,483,3,0,32,93,10,122,488,1,8,1,84,500,0,118,1,320,7,112,4,145,230,500,13,0,88,1,6,0,50
475,500,5,0,1,76,10,153,500,2,7,8,60,500,0,141,9,368,9,44,6,132,252,500,11,12,10,1,9,0,1
476,500,9,1,1,110,7,181,500,0,8,1,1,500,1,160,11,394,6,40,7,123,286,500,9,0,1,1,7,22,11
477,500,1,4,26,154,8,207,500,0,1,1,28,500,1,189,1,424,6,1,9,113,316,500,10,1,4,39,5,54,32
478,500,1,1,1,198,9,230,500,4,1,33,1,500,1,208,52,488,9,1,6,123,336,493,1,5,1,1,10,86,87
479,500,13,1,51,272,10,237,500,16,1,58,45,500,1,219,41,500,10,61,13,144,354,500,1,12,10,52,11,112,119
480,500,10,1,95,302,3,251,500,16,22,74,83,500,1,234,38,500,33,90,5,167,324,500,7,7,33,101,8,134,162
481,500,6,29,110,327,7,270,500,12,10,91,99,500,28,228,36,500,12,146,11,174,281,500,7,1,66,128,1,163,186
482,500,11,53,181,370,37,281,500,27,50,136,133,500,79,237,60,500,22,214,16,196,290,500,4,41,101,180,2,191,231
483,500,29,71,204,391,25,279,500,17,50,145,136,500,86,243,54,500,9,243,11,212,280,500,1,12,122,193,27,217,248
484,500,43,95,248,412,45,280,500,37,86,176,153,500,118,252,71,500,40,277,18,222,275,500,22,60,143,226,43,244,282
485,500,35,102,263,420,41,269,500,40,89,176,156,498,121,266,74,500,29,298,41,231,261,500,38,51,162,242,50,262,281
486,500,38,116,290,429,48,275,500,59,117,198,172,500,131,279,97,500,52,316,44,235,245,500,56,88,174,267,21,287,300
487,500,55,115,308,437,49,264,500,61,116,197,177,500,134,286,100,500,45,323,45,242,214,500,17,75,186,241,56,309,295
488,500,79,118,313,438,53,239,500,66,129,202,179,500,135,308,101,497,85,325,50,245,193,500,41,85,158,245,64,325,298
489,499,65,149,322,441,52,230,500,69,135,201,179,499,137,327,96,495,79,321,63,248,186,500,44,82,116,183,69,334,286
490,486,33,170,281,429,100,208,495,53,110,178,144,497,123,351,69,469,64,309,77,247,155,499,28,47,106,28,50,343,255
491,479,32,163,288,422,102,191,490,159,133,171,121,496,140,377,58,457,60,299,222,249,138,496,39,52,100,29,59,352,243
492,467,16,130,243,402,82,170,477,127,100,144,75,495,114,254,39,415,31,272,308,245,104,494,22,24,79,12,53,357,137
493,455,17,112,283,384,83,151,468,110,98,126,34,494,109,284,41,393,25,257,486,244,210,490,12,35,101,19,65,363,116
494,440,8,75,246,346,46,114,456,69,61,77,13,495,70,292,1,349,12,213,500,243,174,488,3,1,85,10,1,369,88
495,427,40,53,192,332,40,93,442,53,60,97,8,495,86,294,40,303,38,183,372,234,154,488,39,47,63,38,37,373,60
496,419,9,104,119,294,11,70,428,8,2,44,120,496,39,307,1,274,1,141,500,228,99,487,21,1,41,1,1,378,23
497,407,15,65,63,269,11,47,406,7,8,40,73,497,52,279,21,235,1,118,500,222,44,487,38,30,24,8,34,381,14
498,407,15,25,10,248,20,20,395,11,14,8,31,497,21,283,19,211,33,78,500,228,41,489,14,29,19,26,26,393,1
499,401,33,2,13,228,15,7,391,25,24,22,5,497,2,290,32,184,50,43,500,231,0,496,48,66,7,22,72,396,13
