idx,Grid ID,avg_lat,avg_lon,real_origin_demand,real_dest_demand,real_total_demand
0,0,31.0189,121.2277,124.0,433.0,557.0
1,1,31.0189,121.2377,49.0,180.0,229.0
2,2,31.0189,121.2477,83.0,172.0,255.0
3,3,31.0189,121.2577,70.0,153.0,223.0
4,4,31.0189,121.2677,51.0,89.0,140.0
5,5,31.0189,121.2777,62.0,107.0,169.0
6,6,31.0189,121.2877,37.0,84.0,121.0
7,7,31.0189,121.2977,39.0,93.0,132.0
8,8,31.0189,121.3077,75.0,188.0,263.0
9,9,31.0189,121.3177,10.0,32.0,42.0
10,10,31.0189,121.3277,4.0,1.0,5.0
11,11,31.0189,121.3377,4.0,3.0,7.0
12,12,31.0189,121.3477,8.0,14.0,22.0
13,13,31.0189,121.3577,2.0,6.0,8.0
14,14,31.0189,121.3677,56.0,29.0,85.0
15,15,31.0189,121.3777,39.0,31.0,70.0
16,16,31.0189,121.3877,146.0,164.0,310.0
17,17,31.0189,121.3977,369.0,531.0,900.0
18,18,31.0189,121.4077,347.0,545.0,892.0
19,19,31.0189,121.4177,378.0,530.0,908.0
20,20,31.0189,121.4277,684.0,976.0,1660.0
21,21,31.0189,121.4377,497.0,391.0,888.0
22,22,31.0189,121.4477,591.0,501.0,1092.0
23,23,31.0189,121.4577,117.0,147.0,264.0
24,24,31.0189,121.4677,2.0,2.0,4.0
25,25,31.0189,121.4777,0.0,2.0,2.0
26,26,31.0189,121.4877,0.0,3.0,3.0
27,27,31.0189,121.4977,2.0,2.0,4.0
28,28,31.0189,121.5077,18.0,34.0,52.0
29,29,31.0189,121.5177,0.0,8.0,8.0
30,30,31.0189,121.5277,29.0,125.0,154.0
31,31,31.0189,121.5377,4.0,16.0,20.0
32,32,31.0189,121.5477,4.0,10.0,14.0
33,33,31.0189,121.5577,3.0,6.0,9.0
34,34,31.0189,121.5677,23.0,9.0,32.0
35,35,31.0189,121.5777,1.0,12.0,13.0
36,36,31.0189,121.5877,3.0,16.0,19.0
37,37,31.0189,121.5977,8.0,33.0,41.0
38,38,31.0189,121.6077,10.0,16.0,26.0
39,39,31.0189,121.6177,0.0,1.0,1.0
40,40,31.0189,121.6277,1.0,4.0,5.0
41,41,31.0189,121.6377,16.0,22.0,38.0
42,42,31.0289,121.2177,30.0,186.0,216.0
43,43,31.0289,121.2277,110.0,557.0,667.0
44,44,31.0289,121.2377,36.0,134.0,170.0
45,45,31.0289,121.2477,20.0,82.0,102.0
46,46,31.0289,121.2577,58.0,137.0,195.0
47,47,31.0289,121.2677,61.0,95.0,156.0
48,48,31.0289,121.2777,115.0,129.0,244.0
49,49,31.0289,121.2877,84.0,172.0,256.0
50,50,31.0289,121.2977,45.0,106.0,151.0
51,51,31.0289,121.3077,14.0,38.0,52.0
52,52,31.0289,121.3177,4.0,16.0,20.0
53,53,31.0289,121.3277,0.0,0.0,0.0
54,54,31.0289,121.3377,0.0,0.0,0.0
55,55,31.0289,121.3477,1.0,3.0,4.0
56,56,31.0289,121.3577,13.0,28.0,41.0
57,57,31.0289,121.3677,31.0,72.0,103.0
58,58,31.0289,121.3777,14.0,28.0,42.0
59,59,31.0289,121.3877,171.0,331.0,502.0
60,60,31.0289,121.3977,36.0,63.0,99.0
61,61,31.0289,121.4077,255.0,287.0,542.0
62,62,31.0289,121.4177,343.0,533.0,876.0
63,63,31.0289,121.4277,202.0,420.0,622.0
64,64,31.0289,121.4377,168.0,239.0,407.0
65,65,31.0289,121.4477,385.0,398.0,783.0
66,66,31.0289,121.4577,143.0,257.0,400.0
67,67,31.0289,121.4677,15.0,45.0,60.0
68,68,31.0289,121.4777,0.0,5.0,5.0
69,69,31.0289,121.4877,0.0,1.0,1.0
70,70,31.0289,121.4977,5.0,55.0,60.0
71,71,31.0289,121.5077,29.0,107.0,136.0
72,72,31.0289,121.5177,15.0,75.0,90.0
73,73,31.0289,121.5277,34.0,109.0,143.0
74,74,31.0289,121.5377,9.0,16.0,25.0
75,75,31.0289,121.5477,2.0,2.0,4.0
76,76,31.0289,121.5577,2.0,8.0,10.0
77,77,31.0289,121.5677,34.0,76.0,110.0
78,78,31.0289,121.5777,39.0,114.0,153.0
79,79,31.0289,121.5877,19.0,82.0,101.0
80,80,31.0289,121.5977,80.0,115.0,195.0
81,81,31.0289,121.6077,32.0,38.0,70.0
82,82,31.0289,121.6177,7.0,8.0,15.0
83,83,31.0289,121.6277,15.0,17.0,32.0
84,84,31.0289,121.6377,124.0,210.0,334.0
85,85,31.0389,121.2177,345.0,617.0,962.0
86,86,31.0389,121.2277,55.0,288.0,343.0
87,87,31.0389,121.2377,46.0,153.0,199.0
88,88,31.0389,121.2477,19.0,56.0,75.0
89,89,31.0389,121.2577,27.0,61.0,88.0
90,90,31.0389,121.2677,62.0,152.0,214.0
91,91,31.0389,121.2777,163.0,161.0,324.0
92,92,31.0389,121.2877,40.0,83.0,123.0
93,93,31.0389,121.2977,15.0,33.0,48.0
94,94,31.0389,121.3077,44.0,65.0,109.0
95,95,31.0389,121.3177,11.0,42.0,53.0
96,96,31.0389,121.3277,9.0,22.0,31.0
97,97,31.0389,121.3377,1.0,4.0,5.0
98,98,31.0389,121.3477,10.0,23.0,33.0
99,99,31.0389,121.3577,11.0,5.0,16.0
100,100,31.0389,121.3677,34.0,36.0,70.0
101,101,31.0389,121.3777,23.0,42.0,65.0
102,102,31.0389,121.3877,35.0,36.0,71.0
103,103,31.0389,121.3977,27.0,68.0,95.0
104,104,31.0389,121.4077,143.0,177.0,320.0
105,105,31.0389,121.4177,170.0,346.0,516.0
106,106,31.0389,121.4277,38.0,154.0,192.0
107,107,31.0389,121.4377,183.0,209.0,392.0
108,108,31.0389,121.4477,273.0,468.0,741.0
109,109,31.0389,121.4577,427.0,760.0,1187.0
110,110,31.0389,121.4677,307.0,601.0,908.0
111,111,31.0389,121.4777,1.0,1.0,2.0
112,112,31.0389,121.4877,0.0,8.0,8.0
113,113,31.0389,121.4977,9.0,32.0,41.0
114,114,31.0389,121.5077,19.0,49.0,68.0
115,115,31.0389,121.5177,1.0,2.0,3.0
116,116,31.0389,121.5277,45.0,131.0,176.0
117,117,31.0389,121.5377,31.0,106.0,137.0
118,118,31.0389,121.5477,2.0,10.0,12.0
119,119,31.0389,121.5577,0.0,4.0,4.0
120,120,31.0389,121.5677,6.0,7.0,13.0
121,121,31.0389,121.5777,8.0,31.0,39.0
122,122,31.0389,121.5877,97.0,167.0,264.0
123,123,31.0389,121.5977,60.0,120.0,180.0
124,124,31.0389,121.6077,8.0,32.0,40.0
125,125,31.0389,121.6177,1.0,0.0,1.0
126,126,31.0389,121.6277,3.0,8.0,11.0
127,127,31.0389,121.6377,23.0,46.0,69.0
128,128,31.0489,121.2177,91.0,198.0,289.0
129,129,31.0489,121.2277,84.0,302.0,386.0
130,130,31.0489,121.2377,17.0,49.0,66.0
131,131,31.0489,121.2477,17.0,25.0,42.0
132,132,31.0489,121.2577,10.0,15.0,25.0
133,133,31.0489,121.2677,6.0,11.0,17.0
134,134,31.0489,121.2777,43.0,108.0,151.0
135,135,31.0489,121.2877,67.0,149.0,216.0
136,136,31.0489,121.2977,30.0,143.0,173.0
137,137,31.0489,121.3077,27.0,64.0,91.0
138,138,31.0489,121.3177,13.0,27.0,40.0
139,139,31.0489,121.3277,1.0,19.0,20.0
140,140,31.0489,121.3377,5.0,11.0,16.0
141,141,31.0489,121.3477,12.0,24.0,36.0
142,142,31.0489,121.3577,18.0,35.0,53.0
143,143,31.0489,121.3677,99.0,74.0,173.0
144,144,31.0489,121.3777,270.0,224.0,494.0
145,145,31.0489,121.3877,159.0,192.0,351.0
146,146,31.0489,121.3977,266.0,303.0,569.0
147,147,31.0489,121.4077,234.0,260.0,494.0
148,148,31.0489,121.4177,82.0,224.0,306.0
149,149,31.0489,121.4277,28.0,27.0,55.0
150,150,31.0489,121.4377,21.0,28.0,49.0
151,151,31.0489,121.4477,82.0,183.0,265.0
152,152,31.0489,121.4577,235.0,572.0,807.0
153,153,31.0489,121.4677,397.0,809.0,1206.0
154,154,31.0489,121.4777,6.0,38.0,44.0
155,155,31.0489,121.4877,4.0,7.0,11.0
156,156,31.0489,121.4977,2.0,11.0,13.0
157,157,31.0489,121.5077,10.0,73.0,83.0
158,158,31.0489,121.5177,1.0,11.0,12.0
159,159,31.0489,121.5277,253.0,619.0,872.0
160,160,31.0489,121.5377,152.0,475.0,627.0
161,161,31.0489,121.5477,3.0,6.0,9.0
162,162,31.0489,121.5577,1.0,6.0,7.0
163,163,31.0489,121.5677,9.0,4.0,13.0
164,164,31.0489,121.5777,49.0,103.0,152.0
165,165,31.0489,121.5877,71.0,73.0,144.0
166,166,31.0489,121.5977,0.0,7.0,7.0
167,167,31.0489,121.6077,1.0,5.0,6.0
168,168,31.0489,121.6177,0.0,1.0,1.0
169,169,31.0489,121.6277,0.0,0.0,0.0
170,170,31.0489,121.6377,4.0,12.0,16.0
171,171,31.0589,121.2177,44.0,194.0,238.0
172,172,31.0589,121.2277,318.0,883.0,1201.0
173,173,31.0589,121.2377,102.0,175.0,277.0
174,174,31.0589,121.2477,1.0,9.0,10.0
175,175,31.0589,121.2577,23.0,62.0,85.0
176,176,31.0589,121.2677,2.0,2.0,4.0
177,177,31.0589,121.2777,43.0,79.0,122.0
178,178,31.0589,121.2877,16.0,69.0,85.0
179,179,31.0589,121.2977,74.0,251.0,325.0
180,180,31.0589,121.3077,60.0,221.0,281.0
181,181,31.0589,121.3177,12.0,48.0,60.0
182,182,31.0589,121.3277,0.0,6.0,6.0
183,183,31.0589,121.3377,3.0,16.0,19.0
184,184,31.0589,121.3477,11.0,25.0,36.0
185,185,31.0589,121.3577,37.0,56.0,93.0
186,186,31.0589,121.3677,148.0,122.0,270.0
187,187,31.0589,121.3777,32.0,32.0,64.0
188,188,31.0589,121.3877,345.0,534.0,879.0
189,189,31.0589,121.3977,162.0,253.0,415.0
190,190,31.0589,121.4077,223.0,343.0,566.0
191,191,31.0589,121.4177,41.0,81.0,122.0
192,192,31.0589,121.4277,52.0,73.0,125.0
193,193,31.0589,121.4377,28.0,80.0,108.0
194,194,31.0589,121.4477,85.0,115.0,200.0
195,195,31.0589,121.4577,67.0,111.0,178.0
196,196,31.0589,121.4677,0.0,0.0,0.0
197,197,31.0589,121.4777,0.0,4.0,4.0
198,198,31.0589,121.4877,2.0,15.0,17.0
199,199,31.0589,121.4977,6.0,54.0,60.0
200,200,31.0589,121.5077,317.0,447.0,764.0
201,201,31.0589,121.5177,13.0,32.0,45.0
202,202,31.0589,121.5277,179.0,410.0,589.0
203,203,31.0589,121.5377,135.0,348.0,483.0
204,204,31.0589,121.5477,0.0,1.0,1.0
205,205,31.0589,121.5577,1.0,3.0,4.0
206,206,31.0589,121.5677,8.0,12.0,20.0
207,207,31.0589,121.5777,21.0,42.0,63.0
208,208,31.0589,121.5877,70.0,114.0,184.0
209,209,31.0589,121.5977,1.0,5.0,6.0
210,210,31.0589,121.6077,0.0,8.0,8.0
211,211,31.0589,121.6177,1.0,10.0,11.0
212,212,31.0589,121.6277,6.0,16.0,22.0
213,213,31.0589,121.6377,5.0,8.0,13.0
214,214,31.0689,121.2177,3.0,4.0,7.0
215,215,31.0689,121.2277,64.0,229.0,293.0
216,216,31.0689,121.2377,34.0,105.0,139.0
217,217,31.0689,121.2477,10.0,39.0,49.0
218,218,31.0689,121.2577,36.0,41.0,77.0
219,219,31.0689,121.2677,2.0,12.0,14.0
220,220,31.0689,121.2777,23.0,48.0,71.0
221,221,31.0689,121.2877,8.0,11.0,19.0
222,222,31.0689,121.2977,9.0,44.0,53.0
223,223,31.0689,121.3077,200.0,398.0,598.0
224,224,31.0689,121.3177,45.0,155.0,200.0
225,225,31.0689,121.3277,8.0,40.0,48.0
226,226,31.0689,121.3377,14.0,38.0,52.0
227,227,31.0689,121.3477,106.0,154.0,260.0
228,228,31.0689,121.3577,123.0,94.0,217.0
229,229,31.0689,121.3677,76.0,53.0,129.0
230,230,31.0689,121.3777,261.0,217.0,478.0
231,231,31.0689,121.3877,647.0,1031.0,1678.0
232,232,31.0689,121.3977,637.0,924.0,1561.0
233,233,31.0689,121.4077,178.0,317.0,495.0
234,234,31.0689,121.4177,135.0,185.0,320.0
235,235,31.0689,121.4277,236.0,245.0,481.0
236,236,31.0689,121.4377,23.0,46.0,69.0
237,237,31.0689,121.4477,3.0,6.0,9.0
238,238,31.0689,121.4577,51.0,110.0,161.0
239,239,31.0689,121.4677,0.0,0.0,0.0
240,240,31.0689,121.4777,1.0,7.0,8.0
241,241,31.0689,121.4877,37.0,153.0,190.0
242,242,31.0689,121.4977,92.0,278.0,370.0
243,243,31.0689,121.5077,144.0,191.0,335.0
244,244,31.0689,121.5177,100.0,280.0,380.0
245,245,31.0689,121.5277,57.0,274.0,331.0
246,246,31.0689,121.5377,43.0,162.0,205.0
247,247,31.0689,121.5477,1.0,4.0,5.0
248,248,31.0689,121.5577,1.0,21.0,22.0
249,249,31.0689,121.5677,1.0,6.0,7.0
250,250,31.0689,121.5777,29.0,68.0,97.0
251,251,31.0689,121.5877,40.0,77.0,117.0
252,252,31.0689,121.5977,6.0,10.0,16.0
253,253,31.0689,121.6077,0.0,2.0,2.0
254,254,31.0689,121.6177,0.0,1.0,1.0
255,255,31.0689,121.6277,1.0,0.0,1.0
256,256,31.0689,121.6377,6.0,21.0,27.0
257,257,31.0789,121.2177,0.0,0.0,0.0
258,258,31.0789,121.2277,16.0,10.0,26.0
259,259,31.0789,121.2377,3.0,6.0,9.0
260,260,31.0789,121.2477,9.0,27.0,36.0
261,261,31.0789,121.2577,33.0,61.0,94.0
262,262,31.0789,121.2677,20.0,74.0,94.0
263,263,31.0789,121.2777,5.0,39.0,44.0
264,264,31.0789,121.2877,1.0,3.0,4.0
265,265,31.0789,121.2977,1.0,3.0,4.0
266,266,31.0789,121.3077,51.0,102.0,153.0
267,267,31.0789,121.3177,153.0,269.0,422.0
268,268,31.0789,121.3277,149.0,291.0,440.0
269,269,31.0789,121.3377,365.0,579.0,944.0
270,270,31.0789,121.3477,43.0,120.0,163.0
271,271,31.0789,121.3577,220.0,247.0,467.0
272,272,31.0789,121.3677,591.0,498.0,1089.0
273,273,31.0789,121.3777,764.0,495.0,1259.0
274,274,31.0789,121.3877,621.0,561.0,1182.0
275,275,31.0789,121.3977,1060.0,1344.0,2404.0
276,276,31.0789,121.4077,268.0,452.0,720.0
277,277,31.0789,121.4177,441.0,576.0,1017.0
278,278,31.0789,121.4277,44.0,115.0,159.0
279,279,31.0789,121.4377,126.0,182.0,308.0
280,280,31.0789,121.4477,27.0,72.0,99.0
281,281,31.0789,121.4577,44.0,52.0,96.0
282,282,31.0789,121.4677,0.0,0.0,0.0
283,283,31.0789,121.4777,3.0,14.0,17.0
284,284,31.0789,121.4877,257.0,650.0,907.0
285,285,31.0789,121.4977,657.0,1757.0,2414.0
286,286,31.0789,121.5077,262.0,619.0,881.0
287,287,31.0789,121.5177,295.0,495.0,790.0
288,288,31.0789,121.5277,4.0,13.0,17.0
289,289,31.0789,121.5377,8.0,21.0,29.0
290,290,31.0789,121.5477,17.0,53.0,70.0
291,291,31.0789,121.5577,4.0,11.0,15.0
292,292,31.0789,121.5677,0.0,9.0,9.0
293,293,31.0789,121.5777,22.0,45.0,67.0
294,294,31.0789,121.5877,147.0,315.0,462.0
295,295,31.0789,121.5977,57.0,212.0,269.0
296,296,31.0789,121.6077,22.0,109.0,131.0
297,297,31.0789,121.6177,0.0,1.0,1.0
298,298,31.0789,121.6277,7.0,13.0,20.0
299,299,31.0789,121.6377,25.0,61.0,86.0
300,300,31.0889,121.2177,9.0,51.0,60.0
301,301,31.0889,121.2277,97.0,154.0,251.0
302,302,31.0889,121.2377,10.0,14.0,24.0
303,303,31.0889,121.2477,63.0,61.0,124.0
304,304,31.0889,121.2577,40.0,105.0,145.0
305,305,31.0889,121.2677,33.0,98.0,131.0
306,306,31.0889,121.2777,32.0,87.0,119.0
307,307,31.0889,121.2877,18.0,23.0,41.0
308,308,31.0889,121.2977,4.0,28.0,32.0
309,309,31.0889,121.3077,41.0,73.0,114.0
310,310,31.0889,121.3177,26.0,78.0,104.0
311,311,31.0889,121.3277,139.0,371.0,510.0
312,312,31.0889,121.3377,282.0,414.0,696.0
313,313,31.0889,121.3477,116.0,327.0,443.0
314,314,31.0889,121.3577,140.0,197.0,337.0
315,315,31.0889,121.3677,732.0,823.0,1555.0
316,316,31.0889,121.3777,1534.0,1488.0,3022.0
317,317,31.0889,121.3877,1346.0,1378.0,2724.0
318,318,31.0889,121.3977,1202.0,1499.0,2701.0
319,319,31.0889,121.4077,498.0,658.0,1156.0
320,320,31.0889,121.4177,504.0,717.0,1221.0
321,321,31.0889,121.4277,218.0,331.0,549.0
322,322,31.0889,121.4377,161.0,267.0,428.0
323,323,31.0889,121.4477,51.0,99.0,150.0
324,324,31.0889,121.4577,71.0,81.0,152.0
325,325,31.0889,121.4677,7.0,11.0,18.0
326,326,31.0889,121.4777,21.0,46.0,67.0
327,327,31.0889,121.4877,29.0,55.0,84.0
328,328,31.0889,121.4977,153.0,347.0,500.0
329,329,31.0889,121.5077,267.0,462.0,729.0
330,330,31.0889,121.5177,163.0,320.0,483.0
331,331,31.0889,121.5277,99.0,176.0,275.0
332,332,31.0889,121.5377,4.0,15.0,19.0
333,333,31.0889,121.5477,2.0,14.0,16.0
334,334,31.0889,121.5577,3.0,8.0,11.0
335,335,31.0889,121.5677,14.0,28.0,42.0
336,336,31.0889,121.5777,173.0,266.0,439.0
337,337,31.0889,121.5877,298.0,674.0,972.0
338,338,31.0889,121.5977,30.0,101.0,131.0
339,339,31.0889,121.6077,0.0,3.0,3.0
340,340,31.0889,121.6177,3.0,3.0,6.0
341,341,31.0889,121.6277,0.0,1.0,1.0
342,342,31.0889,121.6377,4.0,14.0,18.0
343,343,31.0989,121.2177,65.0,216.0,281.0
344,344,31.0989,121.2277,29.0,48.0,77.0
345,345,31.0989,121.2377,0.0,3.0,3.0
346,346,31.0989,121.2477,20.0,59.0,79.0
347,347,31.0989,121.2577,85.0,77.0,162.0
348,348,31.0989,121.2677,15.0,72.0,87.0
349,349,31.0989,121.2777,22.0,47.0,69.0
350,350,31.0989,121.2877,38.0,94.0,132.0
351,351,31.0989,121.2977,13.0,54.0,67.0
352,352,31.0989,121.3077,65.0,87.0,152.0
353,353,31.0989,121.3177,314.0,419.0,733.0
354,354,31.0989,121.3277,68.0,242.0,310.0
355,355,31.0989,121.3377,354.0,679.0,1033.0
356,356,31.0989,121.3477,795.0,1166.0,1961.0
357,357,31.0989,121.3577,466.0,509.0,975.0
358,358,31.0989,121.3677,617.0,1066.0,1683.0
359,359,31.0989,121.3777,1124.0,1910.0,3034.0
360,360,31.0989,121.3877,2652.0,3270.0,5922.0
361,361,31.0989,121.3977,482.0,1523.0,2005.0
362,362,31.0989,121.4077,1008.0,1384.0,2392.0
363,363,31.0989,121.4177,440.0,683.0,1123.0
364,364,31.0989,121.4277,612.0,683.0,1295.0
365,365,31.0989,121.4377,146.0,275.0,421.0
366,366,31.0989,121.4477,191.0,357.0,548.0
367,367,31.0989,121.4577,16.0,26.0,42.0
368,368,31.0989,121.4677,1.0,23.0,24.0
369,369,31.0989,121.4777,31.0,53.0,84.0
370,370,31.0989,121.4877,431.0,817.0,1248.0
371,371,31.0989,121.4977,439.0,1021.0,1460.0
372,372,31.0989,121.5077,39.0,98.0,137.0
373,373,31.0989,121.5177,19.0,80.0,99.0
374,374,31.0989,121.5277,15.0,60.0,75.0
375,375,31.0989,121.5377,12.0,51.0,63.0
376,376,31.0989,121.5477,4.0,28.0,32.0
377,377,31.0989,121.5577,3.0,11.0,14.0
378,378,31.0989,121.5677,163.0,233.0,396.0
379,379,31.0989,121.5777,277.0,425.0,702.0
380,380,31.0989,121.5877,209.0,424.0,633.0
381,381,31.0989,121.5977,31.0,119.0,150.0
382,382,31.0989,121.6077,23.0,38.0,61.0
383,383,31.0989,121.6177,47.0,72.0,119.0
384,384,31.0989,121.6277,83.0,160.0,243.0
385,385,31.0989,121.6377,30.0,58.0,88.0
386,386,31.1089,121.2177,19.0,89.0,108.0
387,387,31.1089,121.2277,314.0,828.0,1142.0
388,388,31.1089,121.2377,78.0,317.0,395.0
389,389,31.1089,121.2477,153.0,533.0,686.0
390,390,31.1089,121.2577,110.0,357.0,467.0
391,391,31.1089,121.2677,57.0,245.0,302.0
392,392,31.1089,121.2777,72.0,271.0,343.0
393,393,31.1089,121.2877,18.0,72.0,90.0
394,394,31.1089,121.2977,14.0,101.0,115.0
395,395,31.1089,121.3077,66.0,207.0,273.0
396,396,31.1089,121.3177,52.0,93.0,145.0
397,397,31.1089,121.3277,21.0,50.0,71.0
398,398,31.1089,121.3377,117.0,235.0,352.0
399,399,31.1089,121.3477,515.0,1740.0,2255.0
400,400,31.1089,121.3577,1055.0,1624.0,2679.0
401,401,31.1089,121.3677,3309.0,4201.0,7510.0
402,402,31.1089,121.3777,6167.0,6122.0,12289.0
403,403,31.1089,121.3877,5452.0,7230.0,12682.0
404,404,31.1089,121.3977,2915.0,3060.0,5975.0
405,405,31.1089,121.4077,2326.0,2593.0,4919.0
406,406,31.1089,121.4177,244.0,352.0,596.0
407,407,31.1089,121.4277,656.0,782.0,1438.0
408,408,31.1089,121.4377,430.0,396.0,826.0
409,409,31.1089,121.4477,354.0,501.0,855.0
410,410,31.1089,121.4577,7.0,34.0,41.0
411,411,31.1089,121.4677,3.0,29.0,32.0
412,412,31.1089,121.4777,29.0,78.0,107.0
413,413,31.1089,121.4877,167.0,235.0,402.0
414,414,31.1089,121.4977,147.0,257.0,404.0
415,415,31.1089,121.5077,102.0,104.0,206.0
416,416,31.1089,121.5177,12.0,62.0,74.0
417,417,31.1089,121.5277,31.0,107.0,138.0
418,418,31.1089,121.5377,20.0,101.0,121.0
419,419,31.1089,121.5477,19.0,75.0,94.0
420,420,31.1089,121.5577,25.0,93.0,118.0
421,421,31.1089,121.5677,430.0,723.0,1153.0
422,422,31.1089,121.5777,337.0,578.0,915.0
423,423,31.1089,121.5877,62.0,100.0,162.0
424,424,31.1089,121.5977,30.0,40.0,70.0
425,425,31.1089,121.6077,102.0,251.0,353.0
426,426,31.1089,121.6177,11.0,34.0,45.0
427,427,31.1089,121.6277,18.0,31.0,49.0
428,428,31.1089,121.6377,14.0,30.0,44.0
429,429,31.1189,121.2177,90.0,199.0,289.0
430,430,31.1189,121.2277,42.0,135.0,177.0
431,431,31.1189,121.2377,29.0,171.0,200.0
432,432,31.1189,121.2477,12.0,76.0,88.0
433,433,31.1189,121.2577,195.0,493.0,688.0
434,434,31.1189,121.2677,162.0,428.0,590.0
435,435,31.1189,121.2777,156.0,317.0,473.0
436,436,31.1189,121.2877,87.0,213.0,300.0
437,437,31.1189,121.2977,29.0,110.0,139.0
438,438,31.1189,121.3077,88.0,193.0,281.0
439,439,31.1189,121.3177,183.0,263.0,446.0
440,440,31.1189,121.3277,190.0,299.0,489.0
441,441,31.1189,121.3377,73.0,270.0,343.0
442,442,31.1189,121.3477,158.0,243.0,401.0
443,443,31.1189,121.3577,1230.0,1796.0,3026.0
444,444,31.1189,121.3677,2517.0,2707.0,5224.0
445,445,31.1189,121.3777,3741.0,4690.0,8431.0
446,446,31.1189,121.3877,767.0,1371.0,2138.0
447,447,31.1189,121.3977,2449.0,2631.0,5080.0
448,448,31.1189,121.4077,880.0,1143.0,2023.0
449,449,31.1189,121.4177,1386.0,1662.0,3048.0
450,450,31.1189,121.4277,946.0,1081.0,2027.0
451,451,31.1189,121.4377,651.0,915.0,1566.0
452,452,31.1189,121.4477,1237.0,1541.0,2778.0
453,453,31.1189,121.4577,303.0,768.0,1071.0
454,454,31.1189,121.4677,2.0,15.0,17.0
455,455,31.1189,121.4777,20.0,46.0,66.0
456,456,31.1189,121.4877,201.0,496.0,697.0
457,457,31.1189,121.4977,803.0,801.0,1604.0
458,458,31.1189,121.5077,33.0,54.0,87.0
459,459,31.1189,121.5177,16.0,45.0,61.0
460,460,31.1189,121.5277,18.0,85.0,103.0
461,461,31.1189,121.5377,92.0,179.0,271.0
462,462,31.1189,121.5477,261.0,378.0,639.0
463,463,31.1189,121.5577,601.0,1070.0,1671.0
464,464,31.1189,121.5677,2670.0,3328.0,5998.0
465,465,31.1189,121.5777,926.0,1393.0,2319.0
466,466,31.1189,121.5877,422.0,737.0,1159.0
467,467,31.1189,121.5977,129.0,267.0,396.0
468,468,31.1189,121.6077,3.0,17.0,20.0
469,469,31.1189,121.6177,105.0,118.0,223.0
470,470,31.1189,121.6277,6.0,21.0,27.0
471,471,31.1189,121.6377,12.0,28.0,40.0
472,472,31.1289,121.2177,40.0,64.0,104.0
473,473,31.1289,121.2277,19.0,28.0,47.0
474,474,31.1289,121.2377,0.0,4.0,4.0
475,475,31.1289,121.2477,7.0,17.0,24.0
476,476,31.1289,121.2577,7.0,35.0,42.0
477,477,31.1289,121.2677,86.0,153.0,239.0
478,478,31.1289,121.2777,14.0,36.0,50.0
479,479,31.1289,121.2877,140.0,203.0,343.0
480,480,31.1289,121.2977,81.0,146.0,227.0
481,481,31.1289,121.3077,228.0,458.0,686.0
482,482,31.1289,121.3177,874.0,1292.0,2166.0
483,483,31.1289,121.3277,1394.0,1683.0,3077.0
484,484,31.1289,121.3377,593.0,780.0,1373.0
485,485,31.1289,121.3477,473.0,571.0,1044.0
486,486,31.1289,121.3577,388.0,329.0,717.0
487,487,31.1289,121.3677,1698.0,1548.0,3246.0
488,488,31.1289,121.3777,1677.0,1935.0,3612.0
489,489,31.1289,121.3877,2796.0,3163.0,5959.0
490,490,31.1289,121.3977,5474.0,4659.0,10133.0
491,491,31.1289,121.4077,2755.0,2955.0,5710.0
492,492,31.1289,121.4177,5567.0,4222.0,9789.0
493,493,31.1289,121.4277,1921.0,2325.0,4246.0
494,494,31.1289,121.4377,487.0,872.0,1359.0
495,495,31.1289,121.4477,1421.0,2015.0,3436.0
496,496,31.1289,121.4577,77.0,272.0,349.0
497,497,31.1289,121.4677,34.0,122.0,156.0
498,498,31.1289,121.4777,45.0,90.0,135.0
499,499,31.1289,121.4877,334.0,468.0,802.0
500,500,31.1289,121.4977,773.0,1001.0,1774.0
501,501,31.1289,121.5077,291.0,505.0,796.0
502,502,31.1289,121.5177,177.0,324.0,501.0
503,503,31.1289,121.5277,579.0,718.0,1297.0
504,504,31.1289,121.5377,430.0,475.0,905.0
505,505,31.1289,121.5477,419.0,440.0,859.0
506,506,31.1289,121.5577,578.0,606.0,1184.0
507,507,31.1289,121.5677,1151.0,1583.0,2734.0
508,508,31.1289,121.5777,788.0,1216.0,2004.0
509,509,31.1289,121.5877,262.0,612.0,874.0
510,510,31.1289,121.5977,375.0,680.0,1055.0
511,511,31.1289,121.6077,174.0,145.0,319.0
512,512,31.1289,121.6177,690.0,506.0,1196.0
513,513,31.1289,121.6277,64.0,95.0,159.0
514,514,31.1289,121.6377,0.0,7.0,7.0
515,515,31.1389,121.2177,3.0,6.0,9.0
516,516,31.1389,121.2277,57.0,89.0,146.0
517,517,31.1389,121.2377,8.0,47.0,55.0
518,518,31.1389,121.2477,0.0,2.0,2.0
519,519,31.1389,121.2577,0.0,3.0,3.0
520,520,31.1389,121.2677,28.0,65.0,93.0
521,521,31.1389,121.2777,11.0,30.0,41.0
522,522,31.1389,121.2877,121.0,155.0,276.0
523,523,31.1389,121.2977,158.0,313.0,471.0
524,524,31.1389,121.3077,994.0,1871.0,2865.0
525,525,31.1389,121.3177,1617.0,2462.0,4079.0
526,526,31.1389,121.3277,861.0,1025.0,1886.0
527,527,31.1389,121.3377,609.0,873.0,1482.0
528,528,31.1389,121.3477,1042.0,1031.0,2073.0
529,529,31.1389,121.3577,1621.0,1605.0,3226.0
530,530,31.1389,121.3677,970.0,1016.0,1986.0
531,531,31.1389,121.3777,1949.0,1865.0,3814.0
532,532,31.1389,121.3877,3228.0,3275.0,6503.0
533,533,31.1389,121.3977,4689.0,5753.0,10442.0
534,534,31.1389,121.4077,3130.0,4335.0,7465.0
535,535,31.1389,121.4177,5945.0,5939.0,11884.0
536,536,31.1389,121.4277,3467.0,3902.0,7369.0
537,537,31.1389,121.4377,3711.0,4262.0,7973.0
538,538,31.1389,121.4477,2810.0,3332.0,6142.0
539,539,31.1389,121.4577,3.0,22.0,25.0
540,540,31.1389,121.4677,47.0,116.0,163.0
541,541,31.1389,121.4777,9.0,99.0,108.0
542,542,31.1389,121.4877,772.0,978.0,1750.0
543,543,31.1389,121.4977,786.0,1132.0,1918.0
544,544,31.1389,121.5077,1242.0,1714.0,2956.0
545,545,31.1389,121.5177,598.0,968.0,1566.0
546,546,31.1389,121.5277,388.0,747.0,1135.0
547,547,31.1389,121.5377,193.0,292.0,485.0
548,548,31.1389,121.5477,186.0,188.0,374.0
549,549,31.1389,121.5577,668.0,1062.0,1730.0
550,550,31.1389,121.5677,2028.0,1922.0,3950.0
551,551,31.1389,121.5777,1291.0,1505.0,2796.0
552,552,31.1389,121.5877,128.0,198.0,326.0
553,553,31.1389,121.5977,157.0,183.0,340.0
554,554,31.1389,121.6077,230.0,333.0,563.0
555,555,31.1389,121.6177,188.0,263.0,451.0
556,556,31.1389,121.6277,117.0,131.0,248.0
557,557,31.1389,121.6377,6.0,13.0,19.0
558,558,31.1489,121.2177,17.0,56.0,73.0
559,559,31.1489,121.2277,76.0,177.0,253.0
560,560,31.1489,121.2377,12.0,31.0,43.0
561,561,31.1489,121.2477,0.0,18.0,18.0
562,562,31.1489,121.2577,1.0,21.0,22.0
563,563,31.1489,121.2677,5.0,46.0,51.0
564,564,31.1489,121.2777,39.0,91.0,130.0
565,565,31.1489,121.2877,150.0,337.0,487.0
566,566,31.1489,121.2977,656.0,947.0,1603.0
567,567,31.1489,121.3077,2307.0,3034.0,5341.0
568,568,31.1489,121.3177,1571.0,2224.0,3795.0
569,569,31.1489,121.3277,888.0,1397.0,2285.0
570,570,31.1489,121.3377,1271.0,1589.0,2860.0
571,571,31.1489,121.3477,1472.0,1543.0,3015.0
572,572,31.1489,121.3577,990.0,1066.0,2056.0
573,573,31.1489,121.3677,137.0,460.0,597.0
574,574,31.1489,121.3777,1783.0,1661.0,3444.0
575,575,31.1489,121.3877,1020.0,1100.0,2120.0
576,576,31.1489,121.3977,3580.0,3224.0,6804.0
577,577,31.1489,121.4077,4809.0,5006.0,9815.0
578,578,31.1489,121.4177,1047.0,1936.0,2983.0
579,579,31.1489,121.4277,14388.0,10311.0,24699.0
580,580,31.1489,121.4377,2251.0,2085.0,4336.0
581,581,31.1489,121.4477,1206.0,1566.0,2772.0
582,582,31.1489,121.4577,55.0,113.0,168.0
583,583,31.1489,121.4677,351.0,415.0,766.0
584,584,31.1489,121.4777,151.0,444.0,595.0
585,585,31.1489,121.4877,1821.0,2499.0,4320.0
586,586,31.1489,121.4977,2355.0,3080.0,5435.0
587,587,31.1489,121.5077,1413.0,2216.0,3629.0
588,588,31.1489,121.5177,2056.0,2477.0,4533.0
589,589,31.1489,121.5277,1462.0,1781.0,3243.0
590,590,31.1489,121.5377,432.0,645.0,1077.0
591,591,31.1489,121.5477,407.0,434.0,841.0
592,592,31.1489,121.5577,1046.0,992.0,2038.0
593,593,31.1489,121.5677,836.0,780.0,1616.0
594,594,31.1489,121.5777,885.0,1020.0,1905.0
595,595,31.1489,121.5877,184.0,248.0,432.0
596,596,31.1489,121.5977,38.0,127.0,165.0
597,597,31.1489,121.6077,99.0,148.0,247.0
598,598,31.1489,121.6177,200.0,190.0,390.0
599,599,31.1489,121.6277,15.0,13.0,28.0
600,600,31.1489,121.6377,5.0,14.0,19.0
601,601,31.158900000000003,121.2177,280.0,290.0,570.0
602,602,31.158900000000003,121.2277,248.0,242.0,490.0
603,603,31.158900000000003,121.2377,28.0,17.0,45.0
604,604,31.158900000000003,121.2477,79.0,64.0,143.0
605,605,31.158900000000003,121.2577,159.0,177.0,336.0
606,606,31.158900000000003,121.2677,114.0,327.0,441.0
607,607,31.158900000000003,121.2777,158.0,300.0,458.0
608,608,31.158900000000003,121.2877,86.0,198.0,284.0
609,609,31.158900000000003,121.2977,301.0,472.0,773.0
610,610,31.158900000000003,121.3077,540.0,1209.0,1749.0
611,611,31.158900000000003,121.3177,384.0,821.0,1205.0
612,612,31.158900000000003,121.3277,861.0,989.0,1850.0
613,613,31.158900000000003,121.3377,1868.0,2540.0,4408.0
614,614,31.158900000000003,121.3477,2396.0,2737.0,5133.0
615,615,31.158900000000003,121.3577,1461.0,1758.0,3219.0
616,616,31.158900000000003,121.3677,1765.0,2137.0,3902.0
617,617,31.158900000000003,121.3777,3837.0,3773.0,7610.0
618,618,31.158900000000003,121.3877,1645.0,1484.0,3129.0
619,619,31.158900000000003,121.3977,3728.0,3253.0,6981.0
620,620,31.158900000000003,121.4077,2571.0,2278.0,4849.0
621,621,31.158900000000003,121.4177,5553.0,5110.0,10663.0
622,622,31.158900000000003,121.4277,9470.0,17221.0,26691.0
623,623,31.158900000000003,121.4377,1445.0,1443.0,2888.0
624,624,31.158900000000003,121.4477,2240.0,2580.0,4820.0
625,625,31.158900000000003,121.4577,201.0,247.0,448.0
626,626,31.158900000000003,121.4677,47.0,91.0,138.0
627,627,31.158900000000003,121.4777,1089.0,1501.0,2590.0
628,628,31.158900000000003,121.4877,2694.0,3173.0,5867.0
629,629,31.158900000000003,121.4977,2581.0,3167.0,5748.0
630,630,31.158900000000003,121.5077,1157.0,1514.0,2671.0
631,631,31.158900000000003,121.5177,884.0,1073.0,1957.0
632,632,31.158900000000003,121.5277,913.0,1472.0,2385.0
633,633,31.158900000000003,121.5377,267.0,589.0,856.0
634,634,31.158900000000003,121.5477,31.0,172.0,203.0
635,635,31.158900000000003,121.5577,758.0,880.0,1638.0
636,636,31.158900000000003,121.5677,1411.0,1629.0,3040.0
637,637,31.158900000000003,121.5777,165.0,250.0,415.0
638,638,31.158900000000003,121.5877,118.0,112.0,230.0
639,639,31.158900000000003,121.5977,228.0,132.0,360.0
640,640,31.158900000000003,121.6077,92.0,131.0,223.0
641,641,31.158900000000003,121.6177,399.0,243.0,642.0
642,642,31.158900000000003,121.6277,445.0,230.0,675.0
643,643,31.158900000000003,121.6377,72.0,99.0,171.0
644,644,31.1689,121.2177,8.0,3.0,11.0
645,645,31.1689,121.2277,17.0,17.0,34.0
646,646,31.1689,121.2377,33.0,64.0,97.0
647,647,31.1689,121.2477,66.0,59.0,125.0
648,648,31.1689,121.2577,140.0,219.0,359.0
649,649,31.1689,121.2677,697.0,1072.0,1769.0
650,650,31.1689,121.2777,231.0,334.0,565.0
651,651,31.1689,121.2877,576.0,535.0,1111.0
652,652,31.1689,121.2977,348.0,405.0,753.0
653,653,31.1689,121.3077,494.0,631.0,1125.0
654,654,31.1689,121.3177,204.0,422.0,626.0
655,655,31.1689,121.3277,1148.0,1082.0,2230.0
656,656,31.1689,121.3377,3179.0,4011.0,7190.0
657,657,31.1689,121.3477,3514.0,2939.0,6453.0
658,658,31.1689,121.3577,1511.0,1540.0,3051.0
659,659,31.1689,121.3677,6192.0,4963.0,11155.0
660,660,31.1689,121.3777,5763.0,4673.0,10436.0
661,661,31.1689,121.3877,8677.0,5052.0,13729.0
662,662,31.1689,121.3977,10310.0,6832.0,17142.0
663,663,31.1689,121.4077,4018.0,2977.0,6995.0
664,664,31.1689,121.4177,5013.0,4429.0,9442.0
665,665,31.1689,121.4277,8302.0,7096.0,15398.0
666,666,31.1689,121.4377,3453.0,3300.0,6753.0
667,667,31.1689,121.4477,1279.0,1342.0,2621.0
668,668,31.1689,121.4577,355.0,396.0,751.0
669,669,31.1689,121.4677,42.0,55.0,97.0
670,670,31.1689,121.4777,2530.0,3287.0,5817.0
671,671,31.1689,121.4877,3765.0,4236.0,8001.0
672,672,31.1689,121.4977,2779.0,3838.0,6617.0
673,673,31.1689,121.5077,776.0,1324.0,2100.0
674,674,31.1689,121.5177,580.0,825.0,1405.0
675,675,31.1689,121.5277,897.0,1375.0,2272.0
676,676,31.1689,121.5377,713.0,1089.0,1802.0
677,677,31.1689,121.5477,213.0,504.0,717.0
678,678,31.1689,121.5577,506.0,661.0,1167.0
679,679,31.1689,121.5677,213.0,421.0,634.0
680,680,31.1689,121.5777,106.0,339.0,445.0
681,681,31.1689,121.5877,45.0,175.0,220.0
682,682,31.1689,121.5977,195.0,219.0,414.0
683,683,31.1689,121.6077,5.0,6.0,11.0
684,684,31.1689,121.6177,8.0,22.0,30.0
685,685,31.1689,121.6277,56.0,78.0,134.0
686,686,31.1689,121.6377,1.0,16.0,17.0
687,687,31.1789,121.2177,5.0,27.0,32.0
688,688,31.1789,121.2277,9.0,17.0,26.0
689,689,31.1789,121.2377,9.0,26.0,35.0
690,690,31.1789,121.2477,13.0,30.0,43.0
691,691,31.1789,121.2577,116.0,256.0,372.0
692,692,31.1789,121.2677,264.0,457.0,721.0
693,693,31.1789,121.2777,209.0,358.0,567.0
694,694,31.1789,121.2877,302.0,294.0,596.0
695,695,31.1789,121.2977,490.0,612.0,1102.0
696,696,31.1789,121.3077,1137.0,1396.0,2533.0
697,697,31.1789,121.3177,556.0,362.0,918.0
698,698,31.1789,121.3277,1152.0,2767.0,3919.0
699,699,31.1789,121.3377,1382.0,1276.0,2658.0
700,700,31.1789,121.3477,5217.0,5026.0,10243.0
701,701,31.1789,121.3577,6039.0,6184.0,12223.0
702,702,31.1789,121.3677,12864.0,11399.0,24263.0
703,703,31.1789,121.3777,7062.0,6091.0,13153.0
704,704,31.1789,121.3877,7933.0,6699.0,14632.0
705,705,31.1789,121.3977,2610.0,1910.0,4520.0
706,706,31.1789,121.4077,6472.0,4426.0,10898.0
707,707,31.1789,121.4177,7174.0,7011.0,14185.0
708,708,31.1789,121.4277,6748.0,6527.0,13275.0
709,709,31.1789,121.4377,6859.0,6632.0,13491.0
710,710,31.1789,121.4477,1912.0,1855.0,3767.0
711,711,31.1789,121.4577,433.0,495.0,928.0
712,712,31.1789,121.4677,526.0,493.0,1019.0
713,713,31.1789,121.4777,2769.0,3478.0,6247.0
714,714,31.1789,121.4877,9455.0,9815.0,19270.0
715,715,31.1789,121.4977,5247.0,5811.0,11058.0
716,716,31.1789,121.5077,3620.0,4398.0,8018.0
717,717,31.1789,121.5177,1641.0,2161.0,3802.0
718,718,31.1789,121.5277,1307.0,1410.0,2717.0
719,719,31.1789,121.5377,1122.0,1427.0,2549.0
720,720,31.1789,121.5477,1061.0,1262.0,2323.0
721,721,31.1789,121.5577,1058.0,1271.0,2329.0
722,722,31.1789,121.5677,30.0,63.0,93.0
723,723,31.1789,121.5777,36.0,125.0,161.0
724,724,31.1789,121.5877,299.0,305.0,604.0
725,725,31.1789,121.5977,908.0,685.0,1593.0
726,726,31.1789,121.6077,114.0,259.0,373.0
727,727,31.1789,121.6177,90.0,224.0,314.0
728,728,31.1789,121.6277,164.0,274.0,438.0
729,729,31.1789,121.6377,19.0,89.0,108.0
730,730,31.1889,121.2177,13.0,44.0,57.0
731,731,31.1889,121.2277,31.0,124.0,155.0
732,732,31.1889,121.2377,11.0,35.0,46.0
733,733,31.1889,121.2477,0.0,9.0,9.0
734,734,31.1889,121.2577,87.0,147.0,234.0
735,735,31.1889,121.2677,47.0,154.0,201.0
736,736,31.1889,121.2777,85.0,263.0,348.0
737,737,31.1889,121.2877,1394.0,1017.0,2411.0
738,738,31.1889,121.2977,2579.0,5860.0,8439.0
739,739,31.1889,121.3077,427.0,921.0,1348.0
740,740,31.1889,121.3177,18176.0,14859.0,33035.0
741,741,31.1889,121.3277,12256.0,12680.0,24936.0
742,742,31.1889,121.3377,18.0,50.0,68.0
743,743,31.1889,121.3477,2348.0,3512.0,5860.0
744,744,31.1889,121.3577,3731.0,4584.0,8315.0
745,745,31.1889,121.3677,9910.0,9859.0,19769.0
746,746,31.1889,121.3777,8858.0,7462.0,16320.0
747,747,31.1889,121.3877,5518.0,5736.0,11254.0
748,748,31.1889,121.3977,4536.0,3676.0,8212.0
749,749,31.1889,121.4077,5869.0,4050.0,9919.0
750,750,31.1889,121.4177,8263.0,7846.0,16109.0
751,751,31.1889,121.4277,12819.0,10364.0,23183.0
752,752,31.1889,121.4377,15275.0,13356.0,28631.0
753,753,31.1889,121.4477,8461.0,7651.0,16112.0
754,754,31.1889,121.4577,1831.0,1805.0,3636.0
755,755,31.1889,121.4677,658.0,798.0,1456.0
756,756,31.1889,121.4777,179.0,423.0,602.0
757,757,31.1889,121.4877,2712.0,2864.0,5576.0
758,758,31.1889,121.4977,2664.0,2511.0,5175.0
759,759,31.1889,121.5077,2534.0,2664.0,5198.0
760,760,31.1889,121.5177,1662.0,1999.0,3661.0
761,761,31.1889,121.5277,1343.0,1618.0,2961.0
762,762,31.1889,121.5377,1193.0,1585.0,2778.0
763,763,31.1889,121.5477,2976.0,3172.0,6148.0
764,764,31.1889,121.5577,1469.0,1814.0,3283.0
765,765,31.1889,121.5677,205.0,314.0,519.0
766,766,31.1889,121.5777,581.0,520.0,1101.0
767,767,31.1889,121.5877,1431.0,1484.0,2915.0
768,768,31.1889,121.5977,1166.0,993.0,2159.0
769,769,31.1889,121.6077,273.0,248.0,521.0
770,770,31.1889,121.6177,79.0,267.0,346.0
771,771,31.1889,121.6277,914.0,1444.0,2358.0
772,772,31.1889,121.6377,185.0,420.0,605.0
773,773,31.1989,121.2177,43.0,49.0,92.0
774,774,31.1989,121.2277,55.0,114.0,169.0
775,775,31.1989,121.2377,60.0,63.0,123.0
776,776,31.1989,121.2477,28.0,48.0,76.0
777,777,31.1989,121.2577,213.0,347.0,560.0
778,778,31.1989,121.2677,49.0,209.0,258.0
779,779,31.1989,121.2777,616.0,507.0,1123.0
780,780,31.1989,121.2877,546.0,1044.0,1590.0
781,781,31.1989,121.2977,1189.0,1929.0,3118.0
782,782,31.1989,121.3077,839.0,840.0,1679.0
783,783,31.1989,121.3177,87645.0,147595.0,235240.0
784,784,31.1989,121.3277,66844.0,32770.0,99614.0
785,785,31.1989,121.3377,9362.0,10550.0,19912.0
786,786,31.1989,121.3477,1638.0,1865.0,3503.0
787,787,31.1989,121.3577,1603.0,1612.0,3215.0
788,788,31.1989,121.3677,2055.0,1672.0,3727.0
789,789,31.1989,121.3777,2508.0,2835.0,5343.0
790,790,31.1989,121.3877,11017.0,11326.0,22343.0
791,791,31.1989,121.3977,12779.0,12492.0,25271.0
792,792,31.1989,121.4077,8242.0,7171.0,15413.0
793,793,31.1989,121.4177,11639.0,9576.0,21215.0
794,794,31.1989,121.4277,21519.0,19254.0,40773.0
795,795,31.1989,121.4377,25289.0,20973.0,46262.0
796,796,31.1989,121.4477,11300.0,10739.0,22039.0
797,797,31.1989,121.4577,4942.0,4296.0,9238.0
798,798,31.1989,121.4677,5660.0,5023.0,10683.0
799,799,31.1989,121.4777,4557.0,4713.0,9270.0
800,800,31.1989,121.4877,1304.0,1489.0,2793.0
801,801,31.1989,121.4977,1189.0,1324.0,2513.0
802,802,31.1989,121.5077,3173.0,2956.0,6129.0
803,803,31.1989,121.5177,2323.0,2529.0,4852.0
804,804,31.1989,121.5277,1670.0,2155.0,3825.0
805,805,31.1989,121.5377,1550.0,1963.0,3513.0
806,806,31.1989,121.5477,3134.0,3675.0,6809.0
807,807,31.1989,121.5577,2179.0,2516.0,4695.0
808,808,31.1989,121.5677,253.0,509.0,762.0
809,809,31.1989,121.5777,4220.0,3037.0,7257.0
810,810,31.1989,121.5877,1690.0,1705.0,3395.0
811,811,31.1989,121.5977,3163.0,2222.0,5385.0
812,812,31.1989,121.6077,2159.0,1581.0,3740.0
813,813,31.1989,121.6177,657.0,866.0,1523.0
814,814,31.1989,121.6277,1255.0,1819.0,3074.0
815,815,31.1989,121.6377,130.0,336.0,466.0
816,816,31.2089,121.2177,11.0,18.0,29.0
817,817,31.2089,121.2277,6.0,53.0,59.0
818,818,31.2089,121.2377,10.0,54.0,64.0
819,819,31.2089,121.2477,8.0,28.0,36.0
820,820,31.2089,121.2577,97.0,153.0,250.0
821,821,31.2089,121.2677,193.0,145.0,338.0
822,822,31.2089,121.2777,2072.0,1620.0,3692.0
823,823,31.2089,121.2877,1922.0,1698.0,3620.0
824,824,31.2089,121.2977,1567.0,1997.0,3564.0
825,825,31.2089,121.3077,2778.0,2681.0,5459.0
826,826,31.2089,121.3177,808.0,1056.0,1864.0
827,827,31.2089,121.3277,369.0,439.0,808.0
828,828,31.2089,121.3377,260.0,393.0,653.0
829,829,31.2089,121.3477,1669.0,1603.0,3272.0
830,830,31.2089,121.3577,5454.0,4048.0,9502.0
831,831,31.2089,121.3677,6296.0,5188.0,11484.0
832,832,31.2089,121.3777,4683.0,4452.0,9135.0
833,833,31.2089,121.3877,11314.0,10038.0,21352.0
834,834,31.2089,121.3977,35739.0,28315.0,64054.0
835,835,31.2089,121.4077,11257.0,13217.0,24474.0
836,836,31.2089,121.4177,12551.0,11301.0,23852.0
837,837,31.2089,121.4277,13436.0,12015.0,25451.0
838,838,31.2089,121.4377,7234.0,6290.0,13524.0
839,839,31.2089,121.4477,7571.0,7432.0,15003.0
840,840,31.2089,121.4577,12683.0,11509.0,24192.0
841,841,31.2089,121.4677,16068.0,14527.0,30595.0
842,842,31.2089,121.4777,11998.0,9296.0,21294.0
843,843,31.2089,121.4877,4685.0,4305.0,8990.0
844,844,31.2089,121.4977,3792.0,4673.0,8465.0
845,845,31.2089,121.5077,1750.0,2154.0,3904.0
846,846,31.2089,121.5177,6590.0,6466.0,13056.0
847,847,31.2089,121.5277,3514.0,3920.0,7434.0
848,848,31.2089,121.5377,3870.0,3985.0,7855.0
849,849,31.2089,121.5477,8413.0,8904.0,17317.0
850,850,31.2089,121.5577,14453.0,13235.0,27688.0
851,851,31.2089,121.5677,191.0,496.0,687.0
852,852,31.2089,121.5777,1741.0,1521.0,3262.0
853,853,31.2089,121.5877,3678.0,2299.0,5977.0
854,854,31.2089,121.5977,3983.0,2977.0,6960.0
855,855,31.2089,121.6077,2053.0,2030.0,4083.0
856,856,31.2089,121.6177,2487.0,2751.0,5238.0
857,857,31.2089,121.6277,2131.0,1309.0,3440.0
858,858,31.2089,121.6377,378.0,379.0,757.0
859,859,31.2189,121.2177,17.0,12.0,29.0
860,860,31.2189,121.2277,5.0,10.0,15.0
861,861,31.2189,121.2377,0.0,13.0,13.0
862,862,31.2189,121.2477,23.0,65.0,88.0
863,863,31.2189,121.2577,8.0,32.0,40.0
864,864,31.2189,121.2677,362.0,430.0,792.0
865,865,31.2189,121.2777,250.0,252.0,502.0
866,866,31.2189,121.2877,282.0,663.0,945.0
867,867,31.2189,121.2977,194.0,600.0,794.0
868,868,31.2189,121.3077,778.0,1063.0,1841.0
869,869,31.2189,121.3177,454.0,427.0,881.0
870,870,31.2189,121.3277,658.0,1036.0,1694.0
871,871,31.2189,121.3377,261.0,215.0,476.0
872,872,31.2189,121.3477,3310.0,3464.0,6774.0
873,873,31.2189,121.3577,13940.0,10511.0,24451.0
874,874,31.2189,121.3677,7197.0,6466.0,13663.0
875,875,31.2189,121.3777,5155.0,4613.0,9768.0
876,876,31.2189,121.3877,8445.0,6830.0,15275.0
877,877,31.2189,121.3977,7481.0,5948.0,13429.0
878,878,31.2189,121.4077,13006.0,12000.0,25006.0
879,879,31.2189,121.4177,10171.0,7837.0,18008.0
880,880,31.2189,121.4277,11379.0,10776.0,22155.0
881,881,31.2189,121.4377,20640.0,20393.0,41033.0
882,882,31.2189,121.4477,17779.0,16125.0,33904.0
883,883,31.2189,121.4577,18939.0,15494.0,34433.0
884,884,31.2189,121.4677,17358.0,15136.0,32494.0
885,885,31.2189,121.4777,11840.0,10805.0,22645.0
886,886,31.2189,121.4877,5946.0,5896.0,11842.0
887,887,31.2189,121.4977,7781.0,10352.0,18133.0
888,888,31.2189,121.5077,2072.0,2185.0,4257.0
889,889,31.2189,121.5177,3962.0,4257.0,8219.0
890,890,31.2189,121.5277,4536.0,4040.0,8576.0
891,891,31.2189,121.5377,3080.0,3332.0,6412.0
892,892,31.2189,121.5477,1282.0,1780.0,3062.0
893,893,31.2189,121.5577,5548.0,4245.0,9793.0
894,894,31.2189,121.5677,1144.0,1227.0,2371.0
895,895,31.2189,121.5777,394.0,438.0,832.0
896,896,31.2189,121.5877,1873.0,1288.0,3161.0
897,897,31.2189,121.5977,458.0,526.0,984.0
898,898,31.2189,121.6077,1545.0,1509.0,3054.0
899,899,31.2189,121.6177,1456.0,1773.0,3229.0
900,900,31.2189,121.6277,2572.0,1549.0,4121.0
901,901,31.2189,121.6377,362.0,391.0,753.0
902,902,31.2289,121.2177,19.0,75.0,94.0
903,903,31.2289,121.2277,42.0,120.0,162.0
904,904,31.2289,121.2377,7.0,19.0,26.0
905,905,31.2289,121.2477,4.0,37.0,41.0
906,906,31.2289,121.2577,12.0,39.0,51.0
907,907,31.2289,121.2677,91.0,144.0,235.0
908,908,31.2289,121.2777,143.0,201.0,344.0
909,909,31.2289,121.2877,11.0,51.0,62.0
910,910,31.2289,121.2977,38.0,109.0,147.0
911,911,31.2289,121.3077,18.0,116.0,134.0
912,912,31.2289,121.3177,400.0,793.0,1193.0
913,913,31.2289,121.3277,1580.0,2372.0,3952.0
914,914,31.2289,121.3377,922.0,1404.0,2326.0
915,915,31.2289,121.3477,4207.0,3220.0,7427.0
916,916,31.2289,121.3577,2994.0,3219.0,6213.0
917,917,31.2289,121.3677,1456.0,1448.0,2904.0
918,918,31.2289,121.3777,2610.0,2587.0,5197.0
919,919,31.2289,121.3877,5767.0,4955.0,10722.0
920,920,31.2289,121.3977,1724.0,1447.0,3171.0
921,921,31.2289,121.4077,4814.0,4983.0,9797.0
922,922,31.2289,121.4177,3805.0,3756.0,7561.0
923,923,31.2289,121.4277,11843.0,10015.0,21858.0
924,924,31.2289,121.4377,19502.0,17296.0,36798.0
925,925,31.2289,121.4477,46610.0,39571.0,86181.0
926,926,31.2289,121.4577,21177.0,20861.0,42038.0
927,927,31.2289,121.4677,22796.0,22235.0,45031.0
928,928,31.2289,121.4777,41170.0,39494.0,80664.0
929,929,31.2289,121.4877,15123.0,14869.0,29992.0
930,930,31.2289,121.4977,6991.0,6150.0,13141.0
931,931,31.2289,121.5077,10474.0,9463.0,19937.0
932,932,31.2289,121.5177,16110.0,15102.0,31212.0
933,933,31.2289,121.5277,7790.0,7431.0,15221.0
934,934,31.2289,121.5377,2594.0,2603.0,5197.0
935,935,31.2289,121.5477,5398.0,5502.0,10900.0
936,936,31.2289,121.5577,6217.0,6053.0,12270.0
937,937,31.2289,121.5677,1229.0,1703.0,2932.0
938,938,31.2289,121.5777,333.0,460.0,793.0
939,939,31.2289,121.5877,141.0,151.0,292.0
940,940,31.2289,121.5977,135.0,225.0,360.0
941,941,31.2289,121.6077,64.0,93.0,157.0
942,942,31.2289,121.6177,43.0,118.0,161.0
943,943,31.2289,121.6277,1458.0,998.0,2456.0
944,944,31.2289,121.6377,522.0,497.0,1019.0
945,945,31.2389,121.2177,7.0,47.0,54.0
946,946,31.2389,121.2277,39.0,87.0,126.0
947,947,31.2389,121.2377,11.0,27.0,38.0
948,948,31.2389,121.2477,0.0,25.0,25.0
949,949,31.2389,121.2577,28.0,67.0,95.0
950,950,31.2389,121.2677,229.0,445.0,674.0
951,951,31.2389,121.2777,11.0,48.0,59.0
952,952,31.2389,121.2877,0.0,11.0,11.0
953,953,31.2389,121.2977,25.0,67.0,92.0
954,954,31.2389,121.3077,536.0,930.0,1466.0
955,955,31.2389,121.3177,1376.0,1626.0,3002.0
956,956,31.2389,121.3277,453.0,557.0,1010.0
957,957,31.2389,121.3377,88.0,168.0,256.0
958,958,31.2389,121.3477,1620.0,1483.0,3103.0
959,959,31.2389,121.3577,4329.0,4035.0,8364.0
960,960,31.2389,121.3677,5308.0,4910.0,10218.0
961,961,31.2389,121.3777,6971.0,6995.0,13966.0
962,962,31.2389,121.3877,4096.0,3610.0,7706.0
963,963,31.2389,121.3977,3278.0,3503.0,6781.0
964,964,31.2389,121.4077,4751.0,4486.0,9237.0
965,965,31.2389,121.4177,8316.0,7518.0,15834.0
966,966,31.2389,121.4277,15304.0,13673.0,28977.0
967,967,31.2389,121.4377,19952.0,17366.0,37318.0
968,968,31.2389,121.4477,12116.0,10293.0,22409.0
969,969,31.2389,121.4577,11169.0,10642.0,21811.0
970,970,31.2389,121.4677,22341.0,16966.0,39307.0
971,971,31.2389,121.4777,26390.0,19774.0,46164.0
972,972,31.2389,121.4877,19558.0,20318.0,39876.0
973,973,31.2389,121.4977,36293.0,34479.0,70772.0
974,974,31.2389,121.5077,17619.0,18721.0,36340.0
975,975,31.2389,121.5177,7607.0,7324.0,14931.0
976,976,31.2389,121.5277,2991.0,3062.0,6053.0
977,977,31.2389,121.5377,2369.0,2627.0,4996.0
978,978,31.2389,121.5477,1781.0,2276.0,4057.0
979,979,31.2389,121.5577,1377.0,2061.0,3438.0
980,980,31.2389,121.5677,1639.0,2128.0,3767.0
981,981,31.2389,121.5777,1555.0,1737.0,3292.0
982,982,31.2389,121.5877,1523.0,1765.0,3288.0
983,983,31.2389,121.5977,306.0,551.0,857.0
984,984,31.2389,121.6077,158.0,137.0,295.0
985,985,31.2389,121.6177,35.0,63.0,98.0
986,986,31.2389,121.6277,185.0,252.0,437.0
987,987,31.2389,121.6377,35.0,133.0,168.0
988,988,31.2489,121.2177,23.0,83.0,106.0
989,989,31.2489,121.2277,16.0,51.0,67.0
990,990,31.2489,121.2377,21.0,25.0,46.0
991,991,31.2489,121.2477,38.0,57.0,95.0
992,992,31.2489,121.2577,29.0,100.0,129.0
993,993,31.2489,121.2677,28.0,100.0,128.0
994,994,31.2489,121.2777,2.0,14.0,16.0
995,995,31.2489,121.2877,9.0,14.0,23.0
996,996,31.2489,121.2977,37.0,123.0,160.0
997,997,31.2489,121.3077,354.0,756.0,1110.0
998,998,31.2489,121.3177,207.0,452.0,659.0
999,999,31.2489,121.3277,160.0,317.0,477.0
1000,1000,31.2489,121.3377,126.0,292.0,418.0
1001,1001,31.2489,121.3477,1088.0,1850.0,2938.0
1002,1002,31.2489,121.3577,4158.0,4051.0,8209.0
1003,1003,31.2489,121.3677,3662.0,4426.0,8088.0
1004,1004,31.2489,121.3777,8279.0,8550.0,16829.0
1005,1005,31.2489,121.3877,4364.0,5259.0,9623.0
1006,1006,31.2489,121.3977,4223.0,4934.0,9157.0
1007,1007,31.2489,121.4077,3401.0,3453.0,6854.0
1008,1008,31.2489,121.4177,3145.0,3965.0,7110.0
1009,1009,31.2489,121.4277,7547.0,7897.0,15444.0
1010,1010,31.2489,121.4377,15014.0,12242.0,27256.0
1011,1011,31.2489,121.4477,47026.0,44514.0,91540.0
1012,1012,31.2489,121.4577,7882.0,9596.0,17478.0
1013,1013,31.2489,121.4677,4469.0,3698.0,8167.0
1014,1014,31.2489,121.4777,9618.0,8149.0,17767.0
1015,1015,31.2489,121.4877,10446.0,9796.0,20242.0
1016,1016,31.2489,121.4977,4958.0,4772.0,9730.0
1017,1017,31.2489,121.5077,2380.0,2075.0,4455.0
1018,1018,31.2489,121.5177,538.0,713.0,1251.0
1019,1019,31.2489,121.5277,837.0,960.0,1797.0
1020,1020,31.2489,121.5377,1305.0,1855.0,3160.0
1021,1021,31.2489,121.5477,2339.0,2763.0,5102.0
1022,1022,31.2489,121.5577,3322.0,4055.0,7377.0
1023,1023,31.2489,121.5677,2702.0,3790.0,6492.0
1024,1024,31.2489,121.5777,3131.0,4540.0,7671.0
1025,1025,31.2489,121.5877,4311.0,4892.0,9203.0
1026,1026,31.2489,121.5977,1869.0,1757.0,3626.0
1027,1027,31.2489,121.6077,1467.0,1115.0,2582.0
1028,1028,31.2489,121.6177,1317.0,885.0,2202.0
1029,1029,31.2489,121.6277,280.0,232.0,512.0
1030,1030,31.2489,121.6377,3.0,87.0,90.0
1031,1031,31.2589,121.2177,1.0,33.0,34.0
1032,1032,31.2589,121.2277,2.0,8.0,10.0
1033,1033,31.2589,121.2377,2.0,19.0,21.0
1034,1034,31.2589,121.2477,0.0,9.0,9.0
1035,1035,31.2589,121.2577,4.0,20.0,24.0
1036,1036,31.2589,121.2677,0.0,21.0,21.0
1037,1037,31.2589,121.2777,55.0,37.0,92.0
1038,1038,31.2589,121.2877,9.0,35.0,44.0
1039,1039,31.2589,121.2977,32.0,38.0,70.0
1040,1040,31.2589,121.3077,93.0,158.0,251.0
1041,1041,31.2589,121.3177,178.0,386.0,564.0
1042,1042,31.2589,121.3277,256.0,475.0,731.0
1043,1043,31.2589,121.3377,1602.0,1932.0,3534.0
1044,1044,31.2589,121.3477,760.0,1146.0,1906.0
1045,1045,31.2589,121.3577,3067.0,4171.0,7238.0
1046,1046,31.2589,121.3677,3369.0,3934.0,7303.0
1047,1047,31.2589,121.3777,5173.0,4950.0,10123.0
1048,1048,31.2589,121.3877,4512.0,4672.0,9184.0
1049,1049,31.2589,121.3977,2722.0,2860.0,5582.0
1050,1050,31.2589,121.4077,473.0,755.0,1228.0
1051,1051,31.2589,121.4177,3042.0,3365.0,6407.0
1052,1052,31.2589,121.4277,3285.0,3776.0,7061.0
1053,1053,31.2589,121.4377,5475.0,5654.0,11129.0
1054,1054,31.2589,121.4477,13403.0,12996.0,26399.0
1055,1055,31.2589,121.4577,8591.0,8045.0,16636.0
1056,1056,31.2589,121.4677,3758.0,3659.0,7417.0
1057,1057,31.2589,121.4777,7433.0,6500.0,13933.0
1058,1058,31.2589,121.4877,16306.0,16094.0,32400.0
1059,1059,31.2589,121.4977,8358.0,7753.0,16111.0
1060,1060,31.2589,121.5077,7121.0,6208.0,13329.0
1061,1061,31.2589,121.5177,3442.0,3260.0,6702.0
1062,1062,31.2589,121.5277,5490.0,6371.0,11861.0
1063,1063,31.2589,121.5377,2470.0,2575.0,5045.0
1064,1064,31.2589,121.5477,1792.0,1619.0,3411.0
1065,1065,31.2589,121.5577,2310.0,2858.0,5168.0
1066,1066,31.2589,121.5677,3093.0,3988.0,7081.0
1067,1067,31.2589,121.5777,5065.0,5804.0,10869.0
1068,1068,31.2589,121.5877,2905.0,4236.0,7141.0
1069,1069,31.2589,121.5977,2187.0,2896.0,5083.0
1070,1070,31.2589,121.6077,2163.0,2278.0,4441.0
1071,1071,31.2589,121.6177,922.0,763.0,1685.0
1072,1072,31.2589,121.6277,728.0,571.0,1299.0
1073,1073,31.2589,121.6377,5.0,86.0,91.0
1074,1074,31.2689,121.2177,12.0,44.0,56.0
1075,1075,31.2689,121.2277,8.0,36.0,44.0
1076,1076,31.2689,121.2377,17.0,60.0,77.0
1077,1077,31.2689,121.2477,15.0,51.0,66.0
1078,1078,31.2689,121.2577,8.0,34.0,42.0
1079,1079,31.2689,121.2677,52.0,95.0,147.0
1080,1080,31.2689,121.2777,50.0,70.0,120.0
1081,1081,31.2689,121.2877,245.0,242.0,487.0
1082,1082,31.2689,121.2977,288.0,498.0,786.0
1083,1083,31.2689,121.3077,227.0,326.0,553.0
1084,1084,31.2689,121.3177,204.0,227.0,431.0
1085,1085,31.2689,121.3277,518.0,780.0,1298.0
1086,1086,31.2689,121.3377,349.0,659.0,1008.0
1087,1087,31.2689,121.3477,667.0,895.0,1562.0
1088,1088,31.2689,121.3577,1289.0,633.0,1922.0
1089,1089,31.2689,121.3677,1953.0,1477.0,3430.0
1090,1090,31.2689,121.3777,1881.0,1622.0,3503.0
1091,1091,31.2689,121.3877,3400.0,3767.0,7167.0
1092,1092,31.2689,121.3977,2258.0,2308.0,4566.0
1093,1093,31.2689,121.4077,2438.0,2747.0,5185.0
1094,1094,31.2689,121.4177,2606.0,2955.0,5561.0
1095,1095,31.2689,121.4277,4745.0,4733.0,9478.0
1096,1096,31.2689,121.4377,6345.0,5368.0,11713.0
1097,1097,31.2689,121.4477,8523.0,8343.0,16866.0
1098,1098,31.2689,121.4577,6613.0,6098.0,12711.0
1099,1099,31.2689,121.4677,3696.0,3808.0,7504.0
1100,1100,31.2689,121.4777,8604.0,7128.0,15732.0
1101,1101,31.2689,121.4877,8172.0,7885.0,16057.0
1102,1102,31.2689,121.4977,4971.0,5471.0,10442.0
1103,1103,31.2689,121.5077,4402.0,4850.0,9252.0
1104,1104,31.2689,121.5177,4040.0,4592.0,8632.0
1105,1105,31.2689,121.5277,8749.0,9447.0,18196.0
1106,1106,31.2689,121.5377,6301.0,6355.0,12656.0
1107,1107,31.2689,121.5477,1489.0,1899.0,3388.0
1108,1108,31.2689,121.5577,285.0,259.0,544.0
1109,1109,31.2689,121.5677,1358.0,1906.0,3264.0
1110,1110,31.2689,121.5777,1658.0,2878.0,4536.0
1111,1111,31.2689,121.5877,3187.0,4343.0,7530.0
1112,1112,31.2689,121.5977,1439.0,2489.0,3928.0
1113,1113,31.2689,121.6077,1684.0,1948.0,3632.0
1114,1114,31.2689,121.6177,984.0,871.0,1855.0
1115,1115,31.2689,121.6277,1225.0,581.0,1806.0
1116,1116,31.2689,121.6377,135.0,180.0,315.0
1117,1117,31.2789,121.2177,55.0,82.0,137.0
1118,1118,31.2789,121.2277,66.0,37.0,103.0
1119,1119,31.2789,121.2377,62.0,90.0,152.0
1120,1120,31.2789,121.2477,57.0,80.0,137.0
1121,1121,31.2789,121.2577,94.0,118.0,212.0
1122,1122,31.2789,121.2677,132.0,160.0,292.0
1123,1123,31.2789,121.2777,16.0,53.0,69.0
1124,1124,31.2789,121.2877,13.0,82.0,95.0
1125,1125,31.2789,121.2977,34.0,156.0,190.0
1126,1126,31.2789,121.3077,13.0,93.0,106.0
1127,1127,31.2789,121.3177,14.0,59.0,73.0
1128,1128,31.2789,121.3277,43.0,26.0,69.0
1129,1129,31.2789,121.3377,114.0,258.0,372.0
1130,1130,31.2789,121.3477,962.0,1209.0,2171.0
1131,1131,31.2789,121.3577,1867.0,1092.0,2959.0
1132,1132,31.2789,121.3677,573.0,582.0,1155.0
1133,1133,31.2789,121.3777,587.0,623.0,1210.0
1134,1134,31.2789,121.3877,1680.0,2069.0,3749.0
1135,1135,31.2789,121.3977,2882.0,2853.0,5735.0
1136,1136,31.2789,121.4077,3299.0,3329.0,6628.0
1137,1137,31.2789,121.4177,3110.0,3520.0,6630.0
1138,1138,31.2789,121.4277,4934.0,4439.0,9373.0
1139,1139,31.2789,121.4377,8550.0,5732.0,14282.0
1140,1140,31.2789,121.4477,16731.0,15408.0,32139.0
1141,1141,31.2789,121.4577,9388.0,8012.0,17400.0
1142,1142,31.2789,121.4677,3562.0,3280.0,6842.0
1143,1143,31.2789,121.4777,5552.0,7172.0,12724.0
1144,1144,31.2789,121.4877,4951.0,6411.0,11362.0
1145,1145,31.2789,121.4977,5389.0,5347.0,10736.0
1146,1146,31.2789,121.5077,6712.0,6204.0,12916.0
1147,1147,31.2789,121.5177,7133.0,7600.0,14733.0
1148,1148,31.2789,121.5277,4354.0,4292.0,8646.0
1149,1149,31.2789,121.5377,3479.0,3821.0,7300.0
1150,1150,31.2789,121.5477,1393.0,1752.0,3145.0
1151,1151,31.2789,121.5577,486.0,681.0,1167.0
1152,1152,31.2789,121.5677,146.0,187.0,333.0
1153,1153,31.2789,121.5777,1607.0,2623.0,4230.0
1154,1154,31.2789,121.5877,2193.0,2729.0,4922.0
1155,1155,31.2789,121.5977,1754.0,2387.0,4141.0
1156,1156,31.2789,121.6077,959.0,1314.0,2273.0
1157,1157,31.2789,121.6177,881.0,789.0,1670.0
1158,1158,31.2789,121.6277,608.0,311.0,919.0
1159,1159,31.2789,121.6377,21.0,102.0,123.0
1160,1160,31.2889,121.2177,49.0,140.0,189.0
1161,1161,31.2889,121.2277,3.0,15.0,18.0
1162,1162,31.2889,121.2377,6.0,46.0,52.0
1163,1163,31.2889,121.2477,3.0,8.0,11.0
1164,1164,31.2889,121.2577,11.0,38.0,49.0
1165,1165,31.2889,121.2677,9.0,36.0,45.0
1166,1166,31.2889,121.2777,15.0,48.0,63.0
1167,1167,31.2889,121.2877,20.0,94.0,114.0
1168,1168,31.2889,121.2977,223.0,393.0,616.0
1169,1169,31.2889,121.3077,1120.0,1118.0,2238.0
1170,1170,31.2889,121.3177,612.0,804.0,1416.0
1171,1171,31.2889,121.3277,289.0,408.0,697.0
1172,1172,31.2889,121.3377,748.0,1223.0,1971.0
1173,1173,31.2889,121.3477,2133.0,2441.0,4574.0
1174,1174,31.2889,121.3577,234.0,663.0,897.0
1175,1175,31.2889,121.3677,70.0,156.0,226.0
1176,1176,31.2889,121.3777,3061.0,1945.0,5006.0
1177,1177,31.2889,121.3877,368.0,536.0,904.0
1178,1178,31.2889,121.3977,1439.0,1849.0,3288.0
1179,1179,31.2889,121.4077,2837.0,3270.0,6107.0
1180,1180,31.2889,121.4177,3718.0,3862.0,7580.0
1181,1181,31.2889,121.4277,3339.0,3707.0,7046.0
1182,1182,31.2889,121.4377,5255.0,5177.0,10432.0
1183,1183,31.2889,121.4477,5601.0,5617.0,11218.0
1184,1184,31.2889,121.4577,3088.0,2713.0,5801.0
1185,1185,31.2889,121.4677,4831.0,5068.0,9899.0
1186,1186,31.2889,121.4777,7842.0,8131.0,15973.0
1187,1187,31.2889,121.4877,13502.0,13207.0,26709.0
1188,1188,31.2889,121.4977,4023.0,4567.0,8590.0
1189,1189,31.2889,121.5077,5468.0,5459.0,10927.0
1190,1190,31.2889,121.5177,6341.0,6845.0,13186.0
1191,1191,31.2889,121.5277,3708.0,4208.0,7916.0
1192,1192,31.2889,121.5377,3346.0,3549.0,6895.0
1193,1193,31.2889,121.5477,2024.0,1983.0,4007.0
1194,1194,31.2889,121.5577,90.0,164.0,254.0
1195,1195,31.2889,121.5677,287.0,509.0,796.0
1196,1196,31.2889,121.5777,689.0,1168.0,1857.0
1197,1197,31.2889,121.5877,919.0,1143.0,2062.0
1198,1198,31.2889,121.5977,570.0,944.0,1514.0
1199,1199,31.2889,121.6077,1596.0,1606.0,3202.0
1200,1200,31.2889,121.6177,228.0,352.0,580.0
1201,1201,31.2889,121.6277,25.0,23.0,48.0
1202,1202,31.2889,121.6377,20.0,69.0,89.0
1203,1203,31.2989,121.2177,5.0,18.0,23.0
1204,1204,31.2989,121.2277,0.0,3.0,3.0
1205,1205,31.2989,121.2377,4.0,10.0,14.0
1206,1206,31.2989,121.2477,2.0,14.0,16.0
1207,1207,31.2989,121.2577,16.0,33.0,49.0
1208,1208,31.2989,121.2677,12.0,41.0,53.0
1209,1209,31.2989,121.2777,13.0,30.0,43.0
1210,1210,31.2989,121.2877,82.0,137.0,219.0
1211,1211,31.2989,121.2977,224.0,283.0,507.0
1212,1212,31.2989,121.3077,654.0,1056.0,1710.0
1213,1213,31.2989,121.3177,2009.0,2291.0,4300.0
1214,1214,31.2989,121.3277,294.0,390.0,684.0
1215,1215,31.2989,121.3377,120.0,257.0,377.0
1216,1216,31.2989,121.3477,221.0,970.0,1191.0
1217,1217,31.2989,121.3577,116.0,388.0,504.0
1218,1218,31.2989,121.3677,175.0,176.0,351.0
1219,1219,31.2989,121.3777,426.0,337.0,763.0
1220,1220,31.2989,121.3877,124.0,129.0,253.0
1221,1221,31.2989,121.3977,558.0,724.0,1282.0
1222,1222,31.2989,121.4077,599.0,742.0,1341.0
1223,1223,31.2989,121.4177,984.0,843.0,1827.0
1224,1224,31.2989,121.4277,2395.0,2126.0,4521.0
1225,1225,31.2989,121.4377,4578.0,4056.0,8634.0
1226,1226,31.2989,121.4477,3931.0,3410.0,7341.0
1227,1227,31.2989,121.4577,1920.0,2072.0,3992.0
1228,1228,31.2989,121.4677,4733.0,4369.0,9102.0
1229,1229,31.2989,121.4777,5755.0,5411.0,11166.0
1230,1230,31.2989,121.4877,8785.0,5509.0,14294.0
1231,1231,31.2989,121.4977,7970.0,7269.0,15239.0
1232,1232,31.2989,121.5077,19508.0,17834.0,37342.0
1233,1233,31.2989,121.5177,8528.0,6551.0,15079.0
1234,1234,31.2989,121.5277,3893.0,3929.0,7822.0
1235,1235,31.2989,121.5377,2486.0,2823.0,5309.0
1236,1236,31.2989,121.5477,213.0,310.0,523.0
1237,1237,31.2989,121.5577,12.0,45.0,57.0
1238,1238,31.2989,121.5677,59.0,154.0,213.0
1239,1239,31.2989,121.5777,225.0,376.0,601.0
1240,1240,31.2989,121.5877,375.0,558.0,933.0
1241,1241,31.2989,121.5977,398.0,505.0,903.0
1242,1242,31.2989,121.6077,1035.0,1296.0,2331.0
1243,1243,31.2989,121.6177,215.0,257.0,472.0
1244,1244,31.2989,121.6277,220.0,146.0,366.0
1245,1245,31.2989,121.6377,32.0,87.0,119.0
1246,1246,31.3089,121.2177,8.0,17.0,25.0
1247,1247,31.3089,121.2277,53.0,58.0,111.0
1248,1248,31.3089,121.2377,58.0,41.0,99.0
1249,1249,31.3089,121.2477,26.0,32.0,58.0
1250,1250,31.3089,121.2577,18.0,17.0,35.0
1251,1251,31.3089,121.2677,23.0,23.0,46.0
1252,1252,31.3089,121.2777,30.0,57.0,87.0
1253,1253,31.3089,121.2877,80.0,50.0,130.0
1254,1254,31.3089,121.2977,99.0,154.0,253.0
1255,1255,31.3089,121.3077,1040.0,1218.0,2258.0
1256,1256,31.3089,121.3177,1031.0,1231.0,2262.0
1257,1257,31.3089,121.3277,119.0,170.0,289.0
1258,1258,31.3089,121.3377,361.0,306.0,667.0
1259,1259,31.3089,121.3477,187.0,217.0,404.0
1260,1260,31.3089,121.3577,116.0,217.0,333.0
1261,1261,31.3089,121.3677,362.0,330.0,692.0
1262,1262,31.3089,121.3777,6586.0,640.0,7226.0
1263,1263,31.3089,121.3877,854.0,799.0,1653.0
1264,1264,31.3089,121.3977,898.0,857.0,1755.0
1265,1265,31.3089,121.4077,1768.0,1361.0,3129.0
1266,1266,31.3089,121.4177,437.0,261.0,698.0
1267,1267,31.3089,121.4277,1962.0,1520.0,3482.0
1268,1268,31.3089,121.4377,3677.0,3745.0,7422.0
1269,1269,31.3089,121.4477,3884.0,4679.0,8563.0
1270,1270,31.3089,121.4577,1970.0,2384.0,4354.0
1271,1271,31.3089,121.4677,2908.0,2411.0,5319.0
1272,1272,31.3089,121.4777,4191.0,4056.0,8247.0
1273,1273,31.3089,121.4877,8241.0,5560.0,13801.0
1274,1274,31.3089,121.4977,3971.0,3902.0,7873.0
1275,1275,31.3089,121.5077,11487.0,9253.0,20740.0
1276,1276,31.3089,121.5177,8197.0,7121.0,15318.0
1277,1277,31.3089,121.5277,5531.0,5271.0,10802.0
1278,1278,31.3089,121.5377,3178.0,3295.0,6473.0
1279,1279,31.3089,121.5477,390.0,608.0,998.0
1280,1280,31.3089,121.5577,3.0,15.0,18.0
1281,1281,31.3089,121.5677,175.0,294.0,469.0
1282,1282,31.3089,121.5777,485.0,791.0,1276.0
1283,1283,31.3089,121.5877,733.0,943.0,1676.0
1284,1284,31.3089,121.5977,509.0,459.0,968.0
1285,1285,31.3089,121.6077,3031.0,960.0,3991.0
1286,1286,31.3089,121.6177,1243.0,376.0,1619.0
1287,1287,31.3089,121.6277,235.0,247.0,482.0
1288,1288,31.3089,121.6377,66.0,159.0,225.0
1289,1289,31.3189,121.2177,109.0,179.0,288.0
1290,1290,31.3189,121.2277,76.0,139.0,215.0
1291,1291,31.3189,121.2377,131.0,144.0,275.0
1292,1292,31.3189,121.2477,73.0,47.0,120.0
1293,1293,31.3189,121.2577,10.0,8.0,18.0
1294,1294,31.3189,121.2677,104.0,171.0,275.0
1295,1295,31.3189,121.2777,53.0,90.0,143.0
1296,1296,31.3189,121.2877,233.0,130.0,363.0
1297,1297,31.3189,121.2977,53.0,142.0,195.0
1298,1298,31.3189,121.3077,197.0,335.0,532.0
1299,1299,31.3189,121.3177,299.0,417.0,716.0
1300,1300,31.3189,121.3277,73.0,69.0,142.0
1301,1301,31.3189,121.3377,44.0,103.0,147.0
1302,1302,31.3189,121.3477,380.0,893.0,1273.0
1303,1303,31.3189,121.3577,40.0,75.0,115.0
1304,1304,31.3189,121.3677,354.0,366.0,720.0
1305,1305,31.3189,121.3777,1813.0,2123.0,3936.0
1306,1306,31.3189,121.3877,591.0,685.0,1276.0
1307,1307,31.3189,121.3977,555.0,526.0,1081.0
1308,1308,31.3189,121.4077,358.0,404.0,762.0
1309,1309,31.3189,121.4177,388.0,105.0,493.0
1310,1310,31.3189,121.4277,4657.0,1995.0,6652.0
1311,1311,31.3189,121.4377,4623.0,4859.0,9482.0
1312,1312,31.3189,121.4477,4454.0,5246.0,9700.0
1313,1313,31.3189,121.4577,2955.0,3100.0,6055.0
1314,1314,31.3189,121.4677,2383.0,2127.0,4510.0
1315,1315,31.3189,121.4777,2410.0,2611.0,5021.0
1316,1316,31.3189,121.4877,1881.0,2659.0,4540.0
1317,1317,31.3189,121.4977,517.0,659.0,1176.0
1318,1318,31.3189,121.5077,2170.0,1615.0,3785.0
1319,1319,31.3189,121.5177,3373.0,3277.0,6650.0
1320,1320,31.3189,121.5277,2671.0,3291.0,5962.0
1321,1321,31.3189,121.5377,2087.0,2782.0,4869.0
1322,1322,31.3189,121.5477,21.0,36.0,57.0
1323,1323,31.3189,121.5577,8.0,41.0,49.0
1324,1324,31.3189,121.5677,9.0,64.0,73.0
1325,1325,31.3189,121.5777,273.0,602.0,875.0
1326,1326,31.3189,121.5877,224.0,477.0,701.0
1327,1327,31.3189,121.5977,2061.0,1642.0,3703.0
1328,1328,31.3189,121.6077,5621.0,1156.0,6777.0
1329,1329,31.3189,121.6177,986.0,429.0,1415.0
1330,1330,31.3189,121.6277,344.0,596.0,940.0
1331,1331,31.3189,121.6377,13.0,63.0,76.0
1332,1332,31.3289,121.2177,65.0,146.0,211.0
1333,1333,31.3289,121.2277,19.0,123.0,142.0
1334,1334,31.3289,121.2377,10.0,34.0,44.0
1335,1335,31.3289,121.2477,231.0,452.0,683.0
1336,1336,31.3289,121.2577,135.0,230.0,365.0
1337,1337,31.3289,121.2677,75.0,189.0,264.0
1338,1338,31.3289,121.2777,287.0,412.0,699.0
1339,1339,31.3289,121.2877,96.0,173.0,269.0
1340,1340,31.3289,121.2977,2.0,21.0,23.0
1341,1341,31.3289,121.3077,12.0,19.0,31.0
1342,1342,31.3289,121.3177,45.0,112.0,157.0
1343,1343,31.3289,121.3277,63.0,76.0,139.0
1344,1344,31.3289,121.3377,15.0,47.0,62.0
1345,1345,31.3289,121.3477,18.0,38.0,56.0
1346,1346,31.3289,121.3577,28.0,65.0,93.0
1347,1347,31.3289,121.3677,25.0,73.0,98.0
1348,1348,31.3289,121.3777,266.0,603.0,869.0
1349,1349,31.3289,121.3877,884.0,1162.0,2046.0
1350,1350,31.3289,121.3977,1250.0,1565.0,2815.0
1351,1351,31.3289,121.4077,16.0,105.0,121.0
1352,1352,31.3289,121.4177,241.0,452.0,693.0
1353,1353,31.3289,121.4277,2341.0,2289.0,4630.0
1354,1354,31.3289,121.4377,4909.0,6510.0,11419.0
1355,1355,31.3289,121.4477,8203.0,5103.0,13306.0
1356,1356,31.3289,121.4577,3256.0,3569.0,6825.0
1357,1357,31.3289,121.4677,2984.0,2419.0,5403.0
1358,1358,31.3289,121.4777,588.0,884.0,1472.0
1359,1359,31.3289,121.4877,1259.0,1435.0,2694.0
1360,1360,31.3289,121.4977,406.0,438.0,844.0
1361,1361,31.3289,121.5077,311.0,358.0,669.0
1362,1362,31.3289,121.5177,1271.0,1408.0,2679.0
1363,1363,31.3289,121.5277,2159.0,2599.0,4758.0
1364,1364,31.3289,121.5377,1717.0,1716.0,3433.0
1365,1365,31.3289,121.5477,160.0,226.0,386.0
1366,1366,31.3289,121.5577,7.0,29.0,36.0
1367,1367,31.3289,121.5677,73.0,123.0,196.0
1368,1368,31.3289,121.5777,179.0,333.0,512.0
1369,1369,31.3289,121.5877,850.0,1634.0,2484.0
1370,1370,31.3289,121.5977,3895.0,756.0,4651.0
1371,1371,31.3289,121.6077,2386.0,550.0,2936.0
1372,1372,31.3289,121.6177,241.0,364.0,605.0
1373,1373,31.3289,121.6277,129.0,146.0,275.0
1374,1374,31.3289,121.6377,12.0,18.0,30.0
1375,1375,31.3389,121.2177,12.0,46.0,58.0
1376,1376,31.3389,121.2277,3.0,86.0,89.0
1377,1377,31.3389,121.2377,30.0,54.0,84.0
1378,1378,31.3389,121.2477,36.0,102.0,138.0
1379,1379,31.3389,121.2577,52.0,110.0,162.0
1380,1380,31.3389,121.2677,110.0,169.0,279.0
1381,1381,31.3389,121.2777,279.0,276.0,555.0
1382,1382,31.3389,121.2877,307.0,345.0,652.0
1383,1383,31.3389,121.2977,88.0,118.0,206.0
1384,1384,31.3389,121.3077,82.0,99.0,181.0
1385,1385,31.3389,121.3177,28.0,59.0,87.0
1386,1386,31.3389,121.3277,10.0,13.0,23.0
1387,1387,31.3389,121.3377,4.0,27.0,31.0
1388,1388,31.3389,121.3477,26.0,39.0,65.0
1389,1389,31.3389,121.3577,49.0,61.0,110.0
1390,1390,31.3389,121.3677,52.0,65.0,117.0
1391,1391,31.3389,121.3777,28.0,120.0,148.0
1392,1392,31.3389,121.3877,111.0,327.0,438.0
1393,1393,31.3389,121.3977,619.0,513.0,1132.0
1394,1394,31.3389,121.4077,19.0,106.0,125.0
1395,1395,31.3389,121.4177,68.0,90.0,158.0
1396,1396,31.3389,121.4277,2325.0,1778.0,4103.0
1397,1397,31.3389,121.4377,14723.0,4961.0,19684.0
1398,1398,31.3389,121.4477,7669.0,6449.0,14118.0
1399,1399,31.3389,121.4577,7579.0,5248.0,12827.0
1400,1400,31.3389,121.4677,3007.0,3436.0,6443.0
1401,1401,31.3389,121.4777,3052.0,3289.0,6341.0
1402,1402,31.3389,121.4877,1714.0,1749.0,3463.0
1403,1403,31.3389,121.4977,902.0,777.0,1679.0
1404,1404,31.3389,121.5077,823.0,771.0,1594.0
1405,1405,31.3389,121.5177,568.0,550.0,1118.0
1406,1406,31.3389,121.5277,590.0,467.0,1057.0
1407,1407,31.3389,121.5377,125.0,219.0,344.0
1408,1408,31.3389,121.5477,1.0,6.0,7.0
1409,1409,31.3389,121.5577,8.0,26.0,34.0
1410,1410,31.3389,121.5677,373.0,802.0,1175.0
1411,1411,31.3389,121.5777,654.0,1146.0,1800.0
1412,1412,31.3389,121.5877,1926.0,20166.0,22092.0
1413,1413,31.3389,121.5977,1098.0,642.0,1740.0
1414,1414,31.3389,121.6077,73.0,205.0,278.0
1415,1415,31.3389,121.6177,88.0,159.0,247.0
1416,1416,31.3389,121.6277,1.0,24.0,25.0
1417,1417,31.3389,121.6377,41.0,59.0,100.0
1418,1418,31.3489,121.2177,10.0,17.0,27.0
1419,1419,31.3489,121.2277,5.0,20.0,25.0
1420,1420,31.3489,121.2377,203.0,454.0,657.0
1421,1421,31.3489,121.2477,63.0,104.0,167.0
1422,1422,31.3489,121.2577,88.0,121.0,209.0
1423,1423,31.3489,121.2677,27.0,13.0,40.0
1424,1424,31.3489,121.2777,126.0,102.0,228.0
1425,1425,31.3489,121.2877,79.0,76.0,155.0
1426,1426,31.3489,121.2977,41.0,61.0,102.0
1427,1427,31.3489,121.3077,63.0,100.0,163.0
1428,1428,31.3489,121.3177,54.0,68.0,122.0
1429,1429,31.3489,121.3277,96.0,98.0,194.0
1430,1430,31.3489,121.3377,51.0,39.0,90.0
1431,1431,31.3489,121.3477,447.0,566.0,1013.0
1432,1432,31.3489,121.3577,1952.0,1690.0,3642.0
1433,1433,31.3489,121.3677,2226.0,2413.0,4639.0
1434,1434,31.3489,121.3777,1192.0,1622.0,2814.0
1435,1435,31.3489,121.3877,1018.0,1142.0,2160.0
1436,1436,31.3489,121.3977,15693.0,6331.0,22024.0
1437,1437,31.3489,121.4077,146.0,339.0,485.0
1438,1438,31.3489,121.4177,986.0,1228.0,2214.0
1439,1439,31.3489,121.4277,2530.0,2279.0,4809.0
1440,1440,31.3489,121.4377,712.0,870.0,1582.0
1441,1441,31.3489,121.4477,588.0,663.0,1251.0
1442,1442,31.3489,121.4577,147.0,100.0,247.0
1443,1443,31.3489,121.4677,365.0,381.0,746.0
1444,1444,31.3489,121.4777,674.0,931.0,1605.0
1445,1445,31.3489,121.4877,1730.0,1517.0,3247.0
1446,1446,31.3489,121.4977,723.0,696.0,1419.0
1447,1447,31.3489,121.5077,4061.0,429.0,4490.0
1448,1448,31.3489,121.5177,39.0,17.0,56.0
1449,1449,31.3489,121.5277,5.0,13.0,18.0
1450,1450,31.3489,121.5377,577.0,204.0,781.0
1451,1451,31.3489,121.5477,28.0,28.0,56.0
1452,1452,31.3489,121.5577,114.0,471.0,585.0
1453,1453,31.3489,121.5677,780.0,1644.0,2424.0
1454,1454,31.3489,121.5777,955.0,1785.0,2740.0
1455,1455,31.3489,121.5877,1744.0,1770.0,3514.0
1456,1456,31.3489,121.5977,87.0,76.0,163.0
1457,1457,31.3489,121.6077,2.0,12.0,14.0
1458,1458,31.3489,121.6177,3.0,23.0,26.0
1459,1459,31.3489,121.6277,0.0,1.0,1.0
1460,1460,31.3489,121.6377,0.0,0.0,0.0
1461,1461,31.3589,121.2177,3.0,22.0,25.0
1462,1462,31.3589,121.2277,50.0,41.0,91.0
1463,1463,31.3589,121.2377,163.0,121.0,284.0
1464,1464,31.3589,121.2477,68.0,107.0,175.0
1465,1465,31.3589,121.2577,112.0,143.0,255.0
1466,1466,31.3589,121.2677,29.0,55.0,84.0
1467,1467,31.3589,121.2777,63.0,72.0,135.0
1468,1468,31.3589,121.2877,75.0,116.0,191.0
1469,1469,31.3589,121.2977,61.0,48.0,109.0
1470,1470,31.3589,121.3077,10.0,21.0,31.0
1471,1471,31.3589,121.3177,0.0,2.0,2.0
1472,1472,31.3589,121.3277,36.0,37.0,73.0
1473,1473,31.3589,121.3377,0.0,5.0,5.0
1474,1474,31.3589,121.3477,14.0,126.0,140.0
1475,1475,31.3589,121.3577,779.0,734.0,1513.0
1476,1476,31.3589,121.3677,1069.0,1090.0,2159.0
1477,1477,31.3589,121.3777,556.0,688.0,1244.0
1478,1478,31.3589,121.3877,2081.0,10962.0,13043.0
1479,1479,31.3589,121.3977,420.0,442.0,862.0
1480,1480,31.3589,121.4077,2021.0,1807.0,3828.0
1481,1481,31.3589,121.4177,1079.0,888.0,1967.0
1482,1482,31.3589,121.4277,1721.0,1720.0,3441.0
1483,1483,31.3589,121.4377,247.0,452.0,699.0
1484,1484,31.3589,121.4477,118.0,256.0,374.0
1485,1485,31.3589,121.4577,115.0,139.0,254.0
1486,1486,31.3589,121.4677,4.0,2.0,6.0
1487,1487,31.3589,121.4777,0.0,2.0,2.0
1488,1488,31.3589,121.4877,12.0,41.0,53.0
1489,1489,31.3589,121.4977,399.0,1300.0,1699.0
1490,1490,31.3589,121.5077,2.0,8.0,10.0
1491,1491,31.3589,121.5177,0.0,9.0,9.0
1492,1492,31.3589,121.5277,3.0,9.0,12.0
1493,1493,31.3589,121.5377,184.0,98.0,282.0
1494,1494,31.3589,121.5477,27.0,62.0,89.0
1495,1495,31.3589,121.5577,9.0,31.0,40.0
1496,1496,31.3589,121.5677,38.0,118.0,156.0
1497,1497,31.3589,121.5777,45.0,153.0,198.0
1498,1498,31.3589,121.5877,31.0,184.0,215.0
1499,1499,31.3589,121.5977,0.0,0.0,0.0
1500,1500,31.3589,121.6077,0.0,0.0,0.0
1501,1501,31.3589,121.6177,0.0,6.0,6.0
1502,1502,31.3589,121.6277,0.0,0.0,0.0
1503,1503,31.3589,121.6377,0.0,0.0,0.0
1504,1504,31.3689,121.2177,1.0,7.0,8.0
1505,1505,31.3689,121.2277,55.0,76.0,131.0
1506,1506,31.3689,121.2377,167.0,297.0,464.0
1507,1507,31.3689,121.2477,397.0,452.0,849.0
1508,1508,31.3689,121.2577,291.0,456.0,747.0
1509,1509,31.3689,121.2677,78.0,120.0,198.0
1510,1510,31.3689,121.2777,17.0,40.0,57.0
1511,1511,31.3689,121.2877,20.0,37.0,57.0
1512,1512,31.3689,121.2977,31.0,45.0,76.0
1513,1513,31.3689,121.3077,2.0,10.0,12.0
1514,1514,31.3689,121.3177,4.0,11.0,15.0
1515,1515,31.3689,121.3277,0.0,1.0,1.0
1516,1516,31.3689,121.3377,2.0,18.0,20.0
1517,1517,31.3689,121.3477,13.0,34.0,47.0
1518,1518,31.3689,121.3577,199.0,437.0,636.0
1519,1519,31.3689,121.3677,4318.0,1339.0,5657.0
1520,1520,31.3689,121.3777,14.0,34.0,48.0
1521,1521,31.3689,121.3877,22.0,21.0,43.0
1522,1522,31.3689,121.3977,63.0,115.0,178.0
1523,1523,31.3689,121.4077,213.0,223.0,436.0
1524,1524,31.3689,121.4177,346.0,539.0,885.0
1525,1525,31.3689,121.4277,1318.0,1892.0,3210.0
1526,1526,31.3689,121.4377,1240.0,1558.0,2798.0
1527,1527,31.3689,121.4477,332.0,309.0,641.0
1528,1528,31.3689,121.4577,63.0,111.0,174.0
1529,1529,31.3689,121.4677,80.0,133.0,213.0
1530,1530,31.3689,121.4777,261.0,1623.0,1884.0
1531,1531,31.3689,121.4877,1140.0,1116.0,2256.0
1532,1532,31.3689,121.4977,6.0,21.0,27.0
1533,1533,31.3689,121.5077,2.0,25.0,27.0
1534,1534,31.3689,121.5177,3.0,5.0,8.0
1535,1535,31.3689,121.5277,2.0,24.0,26.0
1536,1536,31.3689,121.5377,44.0,160.0,204.0
1537,1537,31.3689,121.5477,12.0,36.0,48.0
1538,1538,31.3689,121.5577,4.0,14.0,18.0
1539,1539,31.3689,121.5677,17.0,58.0,75.0
1540,1540,31.3689,121.5777,0.0,0.0,0.0
1541,1541,31.3689,121.5877,4.0,17.0,21.0
1542,1542,31.3689,121.5977,0.0,0.0,0.0
1543,1543,31.3689,121.6077,0.0,0.0,0.0
1544,1544,31.3689,121.6177,0.0,0.0,0.0
1545,1545,31.3689,121.6277,0.0,0.0,0.0
1546,1546,31.3689,121.6377,0.0,0.0,0.0
1547,1547,31.3789,121.2177,59.0,136.0,195.0
1548,1548,31.3789,121.2277,125.0,262.0,387.0
1549,1549,31.3789,121.2377,158.0,279.0,437.0
1550,1550,31.3789,121.2477,715.0,512.0,1227.0
1551,1551,31.3789,121.2577,166.0,355.0,521.0
1552,1552,31.3789,121.2677,116.0,217.0,333.0
1553,1553,31.3789,121.2777,29.0,102.0,131.0
1554,1554,31.3789,121.2877,13.0,40.0,53.0
1555,1555,31.3789,121.2977,3.0,16.0,19.0
1556,1556,31.3789,121.3077,0.0,3.0,3.0
1557,1557,31.3789,121.3177,0.0,8.0,8.0
1558,1558,31.3789,121.3277,1.0,9.0,10.0
1559,1559,31.3789,121.3377,2.0,11.0,13.0
1560,1560,31.3789,121.3477,0.0,13.0,13.0
1561,1561,31.3789,121.3577,91.0,101.0,192.0
1562,1562,31.3789,121.3677,19.0,23.0,42.0
1563,1563,31.3789,121.3777,4.0,14.0,18.0
1564,1564,31.3789,121.3877,42.0,49.0,91.0
1565,1565,31.3789,121.3977,63.0,99.0,162.0
1566,1566,31.3789,121.4077,5.0,37.0,42.0
1567,1567,31.3789,121.4177,49.0,94.0,143.0
1568,1568,31.3789,121.4277,175.0,425.0,600.0
1569,1569,31.3789,121.4377,21472.0,811.0,22283.0
1570,1570,31.3789,121.4477,233.0,92.0,325.0
1571,1571,31.3789,121.4577,113.0,168.0,281.0
1572,1572,31.3789,121.4677,75.0,87.0,162.0
1573,1573,31.3789,121.4777,20.0,61.0,81.0
1574,1574,31.3789,121.4877,1384.0,2060.0,3444.0
1575,1575,31.3789,121.4977,818.0,963.0,1781.0
1576,1576,31.3789,121.5077,5.0,76.0,81.0
1577,1577,31.3789,121.5177,11.0,75.0,86.0
1578,1578,31.3789,121.5277,10.0,79.0,89.0
1579,1579,31.3789,121.5377,0.0,10.0,10.0
1580,1580,31.3789,121.5477,2.0,5.0,7.0
1581,1581,31.3789,121.5577,2.0,10.0,12.0
1582,1582,31.3789,121.5677,0.0,7.0,7.0
1583,1583,31.3789,121.5777,0.0,0.0,0.0
1584,1584,31.3789,121.5877,0.0,0.0,0.0
1585,1585,31.3789,121.5977,0.0,0.0,0.0
1586,1586,31.3789,121.6077,0.0,0.0,0.0
1587,1587,31.3789,121.6177,0.0,0.0,0.0
1588,1588,31.3789,121.6277,0.0,0.0,0.0
1589,1589,31.3789,121.6377,0.0,0.0,0.0
1590,1590,31.3889,121.2177,52.0,148.0,200.0
1591,1591,31.3889,121.2277,43.0,50.0,93.0
1592,1592,31.3889,121.2377,234.0,458.0,692.0
1593,1593,31.3889,121.2477,221.0,536.0,757.0
1594,1594,31.3889,121.2577,74.0,153.0,227.0
1595,1595,31.3889,121.2677,55.0,140.0,195.0
1596,1596,31.3889,121.2777,39.0,66.0,105.0
1597,1597,31.3889,121.2877,4.0,5.0,9.0
1598,1598,31.3889,121.2977,0.0,0.0,0.0
1599,1599,31.3889,121.3077,0.0,1.0,1.0
1600,1600,31.3889,121.3177,0.0,1.0,1.0
1601,1601,31.3889,121.3277,5.0,51.0,56.0
1602,1602,31.3889,121.3377,10.0,17.0,27.0
1603,1603,31.3889,121.3477,16.0,47.0,63.0
1604,1604,31.3889,121.3577,238.0,597.0,835.0
1605,1605,31.3889,121.3677,7.0,42.0,49.0
1606,1606,31.3889,121.3777,7.0,33.0,40.0
1607,1607,31.3889,121.3877,2.0,42.0,44.0
1608,1608,31.3889,121.3977,0.0,30.0,30.0
1609,1609,31.3889,121.4077,18.0,69.0,87.0
1610,1610,31.3889,121.4177,43.0,154.0,197.0
1611,1611,31.3889,121.4277,311.0,437.0,748.0
1612,1612,31.3889,121.4377,285.0,429.0,714.0
1613,1613,31.3889,121.4477,118.0,172.0,290.0
1614,1614,31.3889,121.4577,91.0,78.0,169.0
1615,1615,31.3889,121.4677,58.0,49.0,107.0
1616,1616,31.3889,121.4777,154.0,192.0,346.0
1617,1617,31.3889,121.4877,1430.0,1577.0,3007.0
1618,1618,31.3889,121.4977,265.0,566.0,831.0
1619,1619,31.3889,121.5077,1.0,14.0,15.0
1620,1620,31.3889,121.5177,0.0,0.0,0.0
1621,1621,31.3889,121.5277,0.0,0.0,0.0
1622,1622,31.3889,121.5377,0.0,0.0,0.0
1623,1623,31.3889,121.5477,0.0,2.0,2.0
1624,1624,31.3889,121.5577,0.0,0.0,0.0
1625,1625,31.3889,121.5677,0.0,0.0,0.0
1626,1626,31.3889,121.5777,0.0,0.0,0.0
1627,1627,31.3889,121.5877,0.0,0.0,0.0
1628,1628,31.3889,121.5977,0.0,0.0,0.0
1629,1629,31.3889,121.6077,0.0,0.0,0.0
1630,1630,31.3889,121.6177,0.0,0.0,0.0
1631,1631,31.3889,121.6277,0.0,0.0,0.0
1632,1632,31.3889,121.6377,0.0,0.0,0.0
1633,1633,31.3989,121.2177,0.0,0.0,0.0
1634,1634,31.3989,121.2277,13.0,12.0,25.0
1635,1635,31.3989,121.2377,10.0,58.0,68.0
1636,1636,31.3989,121.2477,60.0,175.0,235.0
1637,1637,31.3989,121.2577,23.0,109.0,132.0
1638,1638,31.3989,121.2677,3.0,28.0,31.0
1639,1639,31.3989,121.2777,2.0,11.0,13.0
1640,1640,31.3989,121.2877,16.0,4.0,20.0
1641,1641,31.3989,121.2977,0.0,1.0,1.0
1642,1642,31.3989,121.3077,0.0,1.0,1.0
1643,1643,31.3989,121.3177,1.0,7.0,8.0
1644,1644,31.3989,121.3277,2.0,7.0,9.0
1645,1645,31.3989,121.3377,0.0,1.0,1.0
1646,1646,31.3989,121.3477,128.0,234.0,362.0
1647,1647,31.3989,121.3577,202.0,419.0,621.0
1648,1648,31.3989,121.3677,0.0,5.0,5.0
1649,1649,31.3989,121.3777,1.0,17.0,18.0
1650,1650,31.3989,121.3877,0.0,12.0,12.0
1651,1651,31.3989,121.3977,2.0,16.0,18.0
1652,1652,31.3989,121.4077,3.0,80.0,83.0
1653,1653,31.3989,121.4177,146.0,407.0,553.0
1654,1654,31.3989,121.4277,57.0,261.0,318.0
1655,1655,31.3989,121.4377,60.0,120.0,180.0
1656,1656,31.3989,121.4477,150.0,402.0,552.0
1657,1657,31.3989,121.4577,18.0,87.0,105.0
1658,1658,31.3989,121.4677,80.0,164.0,244.0
1659,1659,31.3989,121.4777,905.0,1026.0,1931.0
1660,1660,31.3989,121.4877,1020.0,1073.0,2093.0
1661,1661,31.3989,121.4977,317.0,770.0,1087.0
1662,1662,31.3989,121.5077,0.0,2.0,2.0
1663,1663,31.3989,121.5177,0.0,0.0,0.0
1664,1664,31.3989,121.5277,0.0,0.0,0.0
1665,1665,31.3989,121.5377,0.0,1.0,1.0
1666,1666,31.3989,121.5477,0.0,1.0,1.0
1667,1667,31.3989,121.5577,0.0,0.0,0.0
1668,1668,31.3989,121.5677,0.0,0.0,0.0
1669,1669,31.3989,121.5777,0.0,0.0,0.0
1670,1670,31.3989,121.5877,0.0,0.0,0.0
1671,1671,31.3989,121.5977,0.0,0.0,0.0
1672,1672,31.3989,121.6077,0.0,0.0,0.0
1673,1673,31.3989,121.6177,0.0,0.0,0.0
1674,1674,31.3989,121.6277,0.0,0.0,0.0
1675,1675,31.3989,121.6377,0.0,0.0,0.0
