time_step,low_battery_ratio,low_battery_count,mean_battery_pct
0,0.0,0,98.08394312543369
1,0.0,0,97.04767201293613
2,0.0,0,97.40221757951144
3,0.0,0,97.50083112624438
4,0.0,0,98.0550521845484
5,0.0,0,98.30416020082275
6,0.0,0,98.6849244905514
7,4.761904761904762e-05,1,98.8144702530659
8,9.523809523809524e-05,2,98.85580439861711
9,9.523809523809524e-05,2,98.85756683892687
10,9.523809523809524e-05,2,98.14311840722756
11,0.00038095238095238096,8,97.7849102126738
12,0.0005238095238095238,11,96.29731024810519
13,0.001238095238095238,26,94.47005293411549
14,0.0014761904761904762,31,92.23087102053469
15,0.0015714285714285715,33,89.97750467711813
16,0.0020476190476190477,43,87.54323175945865
17,0.0018095238095238095,38,85.05348056391404
18,0.0017142857142857142,36,81.80238598187661
19,0.0025238095238095237,53,78.35856424354054
20,0.002380952380952381,50,75.53801311258383
21,0.003142857142857143,66,73.16111268874187
22,0.002857142857142857,60,71.279091784915
23,0.0029047619047619048,61,69.73297301197178
24,0.0038095238095238095,80,68.07092141478664
25,0.005619047619047619,118,66.42217561542179
26,0.007380952380952381,155,64.30609191916002
27,0.008523809523809524,179,61.64999393320852
28,0.01361904761904762,286,59.00406990329411
29,0.020904761904761905,439,56.46357473955033
30,0.03147619047619048,661,53.98309633832422
31,0.04733333333333333,994,51.635520390907736
32,0.06714285714285714,1410,49.62450944455551
33,0.09314285714285714,1956,47.63220682809481
34,0.12280952380952381,2579,46.09746264330496
35,0.17195238095238094,3611,44.43028989920363
36,0.23895238095238094,5018,42.76573258364301
37,0.2882857142857143,6054,41.038601843630616
38,0.3494285714285714,7338,38.44905642544542
39,0.4050952380952381,8507,35.92853171275283
40,0.4752857142857143,9981,32.976734769818776
41,0.5448571428571428,11442,29.900394404154394
42,0.6037619047619047,12679,25.956422180369437
43,0.6587619047619048,13834,22.4149545712463
44,0.7137142857142857,14988,20.098677370003415
45,0.7521904761904762,15796,17.98332559454965
46,0.7714285714285715,16200,17.049778117709533
47,0.764095238095238,16046,16.38707254492255
48,0.7702857142857142,16176,16.943585067460308
49,0.7425714285714285,15594,17.550157388145458
50,0.6913333333333334,14518,19.66529738036838
51,0.6126666666666667,12866,22.011856273754052
52,0.5064285714285715,10635,25.82663997255639
53,0.3550952380952381,7457,30.165003741158007
54,0.19233333333333333,4039,35.326612233955366
55,0.10676190476190477,2242,40.741090764602184
56,0.062142857142857146,1305,46.195107917397756
57,0.03538095238095238,743,51.68154172244811
58,0.023190476190476192,487,55.8978094169996
59,0.019857142857142858,417,59.853352716174385
60,0.022714285714285715,477,61.469105739956376
61,0.02280952380952381,479,62.524486308224645
62,0.027142857142857142,570,62.793284992707136
63,0.040285714285714286,846,62.372309842231736
64,0.05409523809523809,1136,61.27426947522304
65,0.0720952380952381,1514,59.63186416239827
66,0.10304761904761905,2164,56.59779911921222
67,0.1300952380952381,2732,53.79364580003197
68,0.14461904761904762,3037,51.831546665367924
69,0.15780952380952382,3314,49.923699090143664
70,0.17661904761904762,3709,48.40874862157084
71,0.1956190476190476,4108,47.20219725825995
72,0.21347619047619049,4483,45.869156370885385
73,0.2302857142857143,4836,44.43933173683117
74,0.2470952380952381,5189,42.44220959744465
75,0.2793333333333333,5866,39.63527416596192
76,0.32071428571428573,6735,36.82434466100096
77,0.36295238095238097,7622,33.893367403168746
78,0.4134285714285714,8682,31.404346692101353
79,0.4825238095238095,10133,29.01257756734325
80,0.5492380952380952,11534,27.044589243202136
81,0.6124285714285714,12861,25.13684623544623
82,0.6676190476190477,14020,23.651547916628534
83,0.7114761904761905,14941,21.922753017530052
84,0.7533809523809524,15821,19.930407877428006
85,0.7857619047619048,16501,17.279525922543158
86,0.8122857142857143,17058,14.560594962810512
87,0.835,17535,13.301779586209115
88,0.8469047619047619,17785,12.301388108585321
89,0.8632857142857143,18129,11.31673380622727
90,0.878095238095238,18440,10.566807625006588
91,0.8968095238095238,18833,9.900230155921937
92,0.9124761904761904,19162,9.109055250832679
93,0.9351428571428572,19638,8.547259136805724
94,0.9487142857142857,19923,8.457948115728094
95,0.9632380952380952,20228,7.991532182645774
96,0.9691428571428572,20352,7.477083225996016
97,0.9795238095238096,20570,7.321071708098535
98,0.9798095238095238,20576,7.292010885108818
99,0.9917142857142857,20826,6.990344877805077
100,0.9714761904761905,20401,7.859035532172497
101,0.9349047619047619,19633,9.016335269353181
102,0.8562857142857143,17982,11.305505540108872
103,0.7463333333333333,15673,13.836483467861525
104,0.6107619047619047,12826,17.4386971510403
105,0.4794761904761905,10069,21.877422748914444
106,0.36514285714285716,7668,25.430115937171653
107,0.2537142857142857,5328,29.10478166291909
108,0.2169047619047619,4555,30.986533970956867
109,0.1849047619047619,3883,32.560885706630806
110,0.17819047619047618,3742,33.16599602177356
111,0.20685714285714285,4344,33.32032444343853
112,0.2579047619047619,5416,32.70221274484118
113,0.28919047619047616,6073,32.09116204785532
114,0.3499047619047619,7348,30.170856953868686
115,0.4114761904761905,8641,28.11030436803959
116,0.4673333333333333,9814,26.244759355460165
117,0.5459047619047619,11464,24.342975406466653
118,0.5837142857142857,12258,22.777704887108946
119,0.6175238095238095,12968,21.52845076608256
120,0.6598095238095238,13856,20.045553524128707
121,0.7065714285714285,14838,18.093084233887524
122,0.7705714285714286,16182,14.742863034542252
123,0.8037142857142857,16878,12.888883195249603
124,0.8466666666666667,17780,11.604151952450659
125,0.8738095238095238,18350,10.331236099036259
126,0.9056190476190477,19018,9.38853936790222
127,0.9326190476190476,19585,8.54236989115127
128,0.9504761904761905,19960,8.054850736363145
129,0.9641428571428572,20247,7.585700162129054
130,0.974047619047619,20455,7.25891751464586
131,0.9767142857142858,20511,7.248789728438547
132,0.9857619047619047,20701,7.720280044261116
133,0.9886190476190476,20761,7.115708443529244
134,0.9912380952380953,20816,7.1504590778978185
135,0.9969523809523809,20936,7.157990476040207
136,0.9932857142857143,20859,7.0980515512295925
137,0.9954761904761905,20905,7.091586027543586
138,1.0,21000,6.521430324211757
139,0.9975714285714286,20949,6.904764673690745
140,0.9992380952380953,20984,7.368989611807476
141,0.9995238095238095,20990,7.405982077990722
142,0.9959523809523809,20915,7.3116618742335415
143,0.9972380952380953,20942,7.3057931878091145
144,0.9943809523809524,20882,8.212920396336559
145,0.9977142857142857,20952,8.224938065007068
146,0.9958095238095238,20912,8.295006013665446
147,0.9914285714285714,20820,8.421455453867008
148,0.9892857142857143,20775,8.550427344963351
149,0.9825238095238096,20633,8.209989013428633
150,0.9728095238095238,20429,7.70456724947061
151,0.9802380952380952,20585,7.686401961279104
152,0.9456190476190476,19858,8.664497258069572
153,0.901952380952381,18941,9.727629406814623
154,0.8680476190476191,18229,10.265261314987791
155,0.8781904761904762,18442,9.87459198368159
156,0.8885238095238095,18659,10.162370938946593
157,0.8715238095238095,18302,10.701809728808348
158,0.9101904761904762,19114,9.180170810784787
159,0.9515714285714286,19983,8.032815625912226
160,0.9730952380952381,20435,7.241044412580974
161,0.9872380952380952,20732,6.838490855061158
162,0.994,20874,6.6790617062168645
163,0.9977142857142857,20952,6.708510952556415
164,1.0,21000,6.808175782193711
165,1.0,21000,6.983745125528137
166,0.9918571428571429,20829,7.525451139907444
167,0.9990952380952381,20981,7.621467315520222
168,0.9993333333333333,20986,7.770975270491189
169,0.9989523809523809,20978,8.327934762835312
170,1.0,21000,8.219496868776071
171,1.0,21000,8.297992637449642
172,0.9989047619047619,20977,7.951082308591258
173,1.0,21000,7.926117229475455
174,0.9987142857142857,20973,8.169031322054234
175,0.9874761904761905,20737,8.221318876613758
176,0.9992857142857143,20985,8.01985732349542
177,0.9938095238095238,20870,8.090133367102291
178,0.9907142857142858,20805,8.518279448989206
179,0.9855238095238095,20696,8.184670045357231
180,0.9985238095238095,20969,7.5055573263182165
181,0.9982857142857143,20964,7.737447004868365
182,0.9978095238095238,20954,7.23934028321625
183,0.9946666666666667,20888,7.408939890969578
184,0.9944761904761905,20884,7.721160461327195
185,0.9917142857142857,20826,7.908017853720561
186,0.9982380952380953,20963,7.648564444285743
187,0.9825714285714285,20634,8.18013716449415
188,0.9772380952380952,20522,8.474547563365418
189,0.9870476190476191,20728,7.840887098147111
190,0.9934285714285714,20862,8.113613943103113
191,0.9781428571428571,20541,8.768212849808611
192,0.9656666666666667,20279,8.520817882074386
193,0.9852857142857143,20691,8.780677366212938
194,0.9889523809523809,20768,9.092864081890616
195,0.9835238095238096,20654,8.948434297011922
196,0.9636190476190476,20236,9.239858152408194
197,0.9583333333333334,20125,9.744638419074139
198,0.951,19971,9.735420982504927
199,0.9717142857142858,20406,8.240645190532465
200,0.9720952380952381,20414,7.939780035357117
201,0.9803333333333333,20587,8.178763694816318
202,0.9653809523809523,20273,7.643974561809447
203,0.9667142857142857,20301,7.6400316046566195
204,0.9854761904761905,20695,7.094450401003819
205,0.9895714285714285,20781,6.870540866171135
206,0.9914761904761905,20821,6.749241008808031
207,0.9912857142857143,20817,7.081350554728408
208,0.9806666666666667,20594,7.344991753527875
209,0.9930476190476191,20854,7.674019931134471
210,0.9897142857142858,20784,8.112931895515894
211,0.9891904761904762,20773,8.293740835979008
212,0.9811904761904762,20605,8.745963124609474
213,0.9926666666666667,20846,8.82965497035369
214,0.9672857142857143,20313,9.170574963462242
215,0.9714761904761905,20401,9.290048249192298
216,0.9756666666666667,20489,8.922448116063704
217,0.9774761904761905,20527,9.11521018978065
218,0.9938571428571429,20871,9.43956850700042
219,0.9815714285714285,20613,9.110441492859978
220,0.9865714285714285,20718,8.791613877693841
221,0.9884761904761905,20758,8.889953946251225
222,0.9623333333333334,20209,8.783268291850137
223,0.9707619047619047,20386,8.820997739164275
224,0.9913809523809524,20819,8.428546941306454
225,0.9946190476190476,20887,8.831152420158467
226,0.9806190476190476,20593,8.489138736054466
227,0.9864761904761905,20716,8.001844725238893
228,0.9964285714285714,20925,8.194577230758382
229,0.9871904761904762,20731,7.903758581036267
230,0.9833809523809524,20651,8.149498037988444
231,0.9881428571428571,20751,8.357520015023514
232,0.9830476190476191,20644,7.993316309709662
233,0.9955238095238095,20906,7.786784562854797
234,0.9996666666666667,20993,8.312742621866763
235,0.9867619047619047,20722,8.683879889578337
236,0.9792857142857143,20565,8.261164806162313
237,0.9897619047619047,20785,8.300642668461673
238,0.9835714285714285,20655,8.881016176358647
239,0.9788571428571429,20556,9.27888646340149
240,0.9882857142857143,20754,8.67399483758964
241,0.9864761904761905,20716,8.996300367558295
242,0.9656666666666667,20279,9.199197652576428
243,0.962,20202,9.789706487278089
244,0.9327142857142857,19587,10.340182465484904
245,0.9176190476190477,19270,10.612589254026982
246,0.943047619047619,19804,8.997134041062111
247,0.9544285714285714,20043,8.454303273044873
248,0.9613333333333334,20188,8.313348441978913
249,0.9548571428571428,20052,8.531669346683426
250,0.9525238095238096,20003,8.09418030448366
251,0.9773809523809524,20525,7.559939533115481
252,0.9846666666666667,20678,7.071148448570151
253,0.9944761904761905,20884,6.551623695011812
254,0.9904761904761905,20800,6.598815373714547
255,0.9881428571428571,20751,6.914416238975247
256,0.9919523809523809,20831,7.234192729571123
257,0.9946190476190476,20887,7.705362680383995
258,0.9703809523809523,20378,7.925752327079883
259,0.9730952380952381,20435,7.870166709353375
260,0.978047619047619,20539,8.084539685688126
261,0.9752857142857143,20481,8.358452862039455
262,0.9788571428571429,20556,8.199090736543758
263,0.9775238095238096,20528,8.388623828355028
264,0.978,20538,8.464171891244336
265,0.9769523809523809,20516,8.570283598123213
266,0.9853333333333333,20692,8.389241086539814
267,0.9905714285714285,20802,8.552730057255172
268,0.9553809523809523,20063,8.896943287034208
269,0.9813809523809524,20609,8.517442614373829
270,0.9849523809523809,20684,8.771527614976824
271,0.9751904761904762,20479,8.83724707702145
272,0.9770952380952381,20519,9.347151578043114
273,0.990904761904762,20809,8.474198556759879
274,0.9876190476190476,20740,8.230537830906716
275,0.9710952380952381,20393,8.14247271443826
276,0.9754761904761905,20485,7.748897892673454
277,0.9668571428571429,20304,8.268000408073998
278,0.9846666666666667,20678,8.241717296772334
279,0.9758571428571429,20493,8.249594236528226
280,0.9836666666666667,20657,7.6505650922521005
281,0.9831904761904762,20647,7.843309346672193
282,0.9887619047619047,20764,7.988214807476954
283,0.9922380952380953,20837,7.857529572975899
284,0.9913809523809524,20819,7.937847356734534
285,0.9880476190476191,20749,7.739360108339817
286,0.9762380952380952,20501,8.176672027514774
287,0.9719047619047619,20410,8.583656664675098
288,0.9720952380952381,20414,9.196446663827931
289,0.954047619047619,20035,9.224509459421004
290,0.9619047619047619,20200,9.974380298279343
291,0.9546666666666667,20048,10.53350397843584
292,0.9226190476190477,19375,10.170236784400545
293,0.9461428571428572,19869,10.261991412116567
294,0.9275714285714286,19479,9.024029240743676
295,0.9305238095238095,19541,8.539612743985156
296,0.9682857142857143,20334,8.449282563048163
297,0.9332380952380952,19598,8.73105733446434
298,0.9675238095238096,20318,7.6741047893944305
299,0.9821428571428571,20625,7.346888605762488
300,0.9958095238095238,20912,6.848324882883151
301,0.9982857142857143,20964,6.851154799402948
302,0.9809523809523809,20600,7.456791579095553
303,0.9848571428571429,20682,8.075098876444287
304,0.9873333333333333,20734,8.463541711601938
305,0.9970952380952381,20939,8.692807556060963
306,0.9816190476190476,20614,8.798705788956871
307,0.9742857142857143,20460,9.18681182459127
308,0.9516666666666667,19985,9.595164508007048
309,0.9495238095238095,19940,9.50634439485744
310,0.9231904761904762,19387,9.674440365926824
311,0.948,19908,9.392870556504588
312,0.9746666666666667,20468,9.055690520538667
313,0.9704285714285714,20379,9.362286839140362
314,0.9816190476190476,20614,9.384248541284668
315,0.9465714285714286,19878,8.578179653546133
316,0.9754285714285714,20484,8.405443861783167
317,0.9865238095238095,20717,7.929076069234244
318,0.9756666666666667,20489,8.158440823381385
319,0.9906190476190476,20803,7.921350931882153
320,0.9926190476190476,20845,7.590878835421249
321,0.9966666666666667,20930,7.3230136732209
322,0.9914761904761905,20821,7.263905800218615
323,0.979904761904762,20578,7.650857830265512
324,0.9813333333333333,20608,7.623272751678197
325,0.9778571428571429,20535,7.930172975977977
326,0.9955714285714286,20907,7.885336043992846
327,0.980904761904762,20599,7.706830258347797
328,0.9905714285714285,20802,7.8331118803112725
329,0.9738095238095238,20450,8.226730271035889
330,0.9853809523809524,20693,8.648559668810991
331,0.9761904761904762,20500,8.599489076983133
332,0.9865714285714285,20718,8.180625490332657
333,0.9796666666666667,20573,8.141389113918459
334,0.988904761904762,20767,7.625007829221307
335,0.9951428571428571,20898,8.70872188867642
336,0.9498571428571428,19947,9.190756933572807
337,0.9518571428571428,19989,9.880866792188687
338,0.965047619047619,20266,9.348634631509487
339,0.9412380952380952,19766,9.747271138124988
340,0.9495714285714286,19941,9.67526921837614
341,0.9328095238095238,19589,9.909127334498828
342,0.9634285714285714,20232,9.102973428630412
343,0.9325714285714286,19584,9.616027079939908
344,0.9213809523809524,19349,9.552602109539466
345,0.9078095238095238,19064,9.263277210829303
346,0.9626190476190476,20215,8.52102278566169
347,0.9586666666666667,20132,8.276819459913957
348,0.9795714285714285,20571,7.860053145173699
349,0.9727142857142858,20427,8.298252335380662
350,0.9588571428571429,20136,8.45641985328894
351,0.959047619047619,20140,8.706999007795174
352,0.9860476190476191,20707,8.481331128646382
353,0.9870952380952381,20729,9.028410230975007
354,0.9618095238095238,20198,9.29895439292182
355,0.9578571428571429,20115,9.184960238992936
356,0.957952380952381,20117,8.76970703916502
357,0.9483809523809524,19916,8.762001148454093
358,0.964047619047619,20245,8.737516393408791
359,0.9575238095238096,20108,9.248478684797092
360,0.9464285714285714,19875,9.679751816346203
361,0.9480952380952381,19910,9.653495059184683
362,0.9385714285714286,19710,9.470824097099477
363,0.955952380952381,20075,9.572698626378662
364,0.9664285714285714,20295,8.79483852315041
365,0.961047619047619,20182,8.716016263272333
366,0.9755238095238096,20486,7.975032134862899
367,0.9445714285714286,19836,8.2247831692429
368,0.9828571428571429,20640,8.291855030725356
369,0.9845714285714285,20676,7.445452039542241
370,0.9817142857142858,20616,7.775821098135211
371,0.9742380952380952,20459,8.18173587090615
372,0.9774285714285714,20526,8.196902920813566
373,0.977,20517,7.6808523435666745
374,0.9822857142857143,20628,7.423456322890656
375,0.9847142857142858,20679,8.453094817066761
376,0.9847619047619047,20680,8.095077678478631
377,0.9985714285714286,20970,7.672016194928169
378,0.984904761904762,20683,7.566188588319776
379,0.9870952380952381,20729,7.959620720166001
380,0.9837142857142858,20658,8.179984566550598
381,0.982904761904762,20641,8.527360971487008
382,0.9758095238095238,20492,8.05128713170064
383,0.979,20559,8.676204887689412
384,0.9820476190476191,20623,8.347900221416042
385,0.9755238095238096,20486,8.596182412550474
386,0.9397619047619048,19735,8.570428609621578
387,0.9802857142857143,20586,9.133667841992734
388,0.9278571428571428,19485,10.031497392130207
389,0.9137619047619048,19189,9.559672695443055
390,0.9301428571428572,19533,9.910948383999362
391,0.9312380952380952,19556,9.267267307190503
392,0.9182380952380952,19283,9.604532743193856
393,0.9601428571428572,20163,8.310174698801267
394,0.9695714285714285,20361,7.744093014403634
395,0.9875714285714285,20739,7.43608061110904
396,0.9885238095238095,20759,7.6633599143024105
397,0.9802857142857143,20586,7.943771923064952
398,0.9534285714285714,20022,8.4432246584505
399,0.9578571428571429,20115,8.974403763587697
400,0.966,20286,9.347054325109449
401,0.9622380952380952,20207,9.530085242082903
402,0.9739523809523809,20453,9.194631735511958
403,0.9682380952380952,20333,9.146950911519623
404,0.9418095238095238,19778,9.250792642790342
405,0.9583333333333334,20125,9.282322709599143
406,0.9468571428571428,19884,9.32046110304428
407,0.924,19404,9.688648169864493
408,0.9463809523809524,19874,9.739013300810324
409,0.9434285714285714,19812,9.69825260685728
410,0.940952380952381,19760,9.620365959501571
411,0.9555714285714285,20067,9.188682085538908
412,0.9745714285714285,20466,8.577679636619191
413,0.9822857142857143,20628,8.67183168427254
414,0.9856666666666667,20699,8.424174395675344
415,0.9594761904761905,20149,8.674567233176422
416,0.9738095238095238,20450,8.360794065661826
417,0.9799523809523809,20579,8.398869689209587
418,0.9930952380952381,20855,7.964318135542951
419,0.9904761904761905,20800,8.005923870686415
420,0.9892380952380952,20774,8.131242473969227
421,0.9883809523809524,20756,8.062566092869682
422,0.9923809523809524,20840,7.763420907332207
423,0.9930952380952381,20855,8.334937262586218
424,0.9872857142857143,20733,8.393682812535046
425,0.9937619047619047,20869,8.634730726402566
426,0.9736666666666667,20447,8.404801663769526
427,0.9852380952380952,20690,8.414567331000491
428,0.9855714285714285,20697,8.623711977883405
429,0.9759523809523809,20495,8.832356564462303
430,0.9663333333333334,20293,9.233719853289848
431,0.9817619047619047,20617,8.31784190762359
432,0.983904761904762,20662,8.306441589656465
433,0.9425714285714286,19794,9.543836801953654
434,0.9251904761904762,19429,10.631320994239575
435,0.9013809523809524,18929,10.770328572178041
436,0.9455714285714286,19857,9.765293107441392
437,0.9293809523809524,19517,9.81378359098727
438,0.9302857142857143,19536,10.65755163544447
439,0.8700952380952381,18272,10.65838492461213
440,0.906,19026,9.25342258610684
441,0.9407619047619048,19756,8.781874847187751
442,0.961,20181,8.656078713238253
443,0.9471428571428572,19890,8.504099832829453
444,0.9640952380952381,20246,8.628865630108196
445,0.9558095238095238,20072,8.79987235862382
446,0.9534285714285714,20022,8.973475179326467
447,0.9655714285714285,20277,9.256035389407218
448,0.9788571428571429,20556,9.463614647252424
449,0.9795714285714285,20571,9.49585246374938
450,0.985,20685,9.03464762153202
451,0.9706666666666667,20384,9.199979919675446
452,0.966,20286,8.98128801217452
453,0.9722857142857143,20418,9.352818303316962
454,0.9514761904761905,19981,9.452361128197452
455,0.9567142857142857,20091,9.635720818840968
456,0.9394285714285714,19728,9.887457254671979
457,0.9584761904761905,20128,9.871217828686042
458,0.9609047619047619,20179,9.74818743117169
459,0.9716190476190476,20404,9.502152893054786
460,0.9781428571428571,20541,8.872993318424026
461,0.9897619047619047,20785,8.173605812126816
462,0.9876666666666667,20741,8.315266561882542
463,0.995904761904762,20914,8.43010090466253
464,0.966,20286,8.530240213880473
465,0.9743333333333334,20461,8.549662474850956
466,0.9893333333333333,20776,8.543388283000532
467,0.9778095238095238,20534,8.261400686107807
468,0.9964761904761905,20926,8.302716816018739
469,0.9865714285714285,20718,8.6028131586178
470,0.9845714285714285,20676,8.007531415158573
471,0.9899523809523809,20789,7.741717051376136
472,0.9955714285714286,20907,8.071396970079638
473,0.9989523809523809,20978,8.340652819942761
474,0.9819523809523809,20621,9.031649532350691
475,0.9776666666666667,20531,8.84040644606634
476,0.968,20328,8.77524173343675
477,0.9900476190476191,20791,8.668687312728629
478,0.9805714285714285,20592,8.188633833977653
479,0.9670952380952381,20309,8.966547388406955
480,0.9928571428571429,20850,9.16547614737686
481,0.9681904761904762,20332,9.584295318525248
482,0.9550952380952381,20057,9.635410389046951
483,0.938952380952381,19718,10.447874890538111
484,0.9112857142857143,19137,10.214084341221382
485,0.8914285714285715,18720,10.895059495345073
486,0.8948095238095238,18791,11.13831835035136
487,0.8866666666666667,18620,11.023416979668674
488,0.9158571428571428,19233,10.254341599972875
489,0.8883809523809524,18656,9.937055199720547
490,0.9474285714285714,19896,9.144406209397271
491,0.9455238095238095,19856,9.197991333247986
492,0.9469047619047619,19885,9.290771353990623
493,0.9531428571428572,20016,9.072112633901737
494,0.941,19761,9.219277000347935
495,0.9491904761904761,19933,9.292879071883712
496,0.9655714285714285,20277,8.867578873991679
497,0.9801428571428571,20583,8.736356530459078
498,0.9859523809523809,20705,8.873021728727794
499,0.965,20265,9.188483065436508
500,0.94,19740,9.718883062696067
501,0.9522857142857143,19998,9.559043386568439
502,0.9725238095238096,20423,9.557698193744354
503,0.9607142857142857,20175,9.672355480570282
504,0.9464285714285714,19875,9.932799632612252
505,0.9603809523809523,20168,10.317823006245712
506,0.967,20307,9.928556633133155
507,0.9878571428571429,20745,9.54273826463731
508,0.9881904761904762,20752,8.978360625032089
509,0.983904761904762,20662,9.097575585581195
510,0.9930952380952381,20855,9.199119275690494
511,0.9895714285714285,20781,8.565442852214066
512,0.9726190476190476,20425,8.86854336472939
513,0.9869523809523809,20726,9.007530322050885
514,0.9970952380952381,20939,8.665191133796043
515,0.991904761904762,20830,8.295997646183235
516,0.9977619047619047,20953,7.875236642428951
517,0.9998095238095238,20996,8.34749576452868
518,0.9945238095238095,20885,8.657771283283408
519,0.9911428571428571,20814,8.673332145927512
520,0.9892380952380952,20774,8.644908884214274
521,0.9858571428571429,20703,8.441050666783298
522,0.9816190476190476,20614,8.668870758105385
523,0.967047619047619,20308,9.560915108724153
524,0.9600952380952381,20162,9.446588117007375
525,0.9785238095238096,20549,9.44336165044667
526,0.9832380952380952,20648,9.111610086856473
527,0.9541428571428572,20037,9.181388384176625
528,0.9552857142857143,20061,9.695414851424625
529,0.955047619047619,20056,10.26159595035362
530,0.9341904761904762,19618,10.271436359048144
531,0.9298571428571428,19527,10.115019257827509
532,0.9298095238095239,19526,11.132600126809375
533,0.918952380952381,19298,11.096831708097936
534,0.9057142857142857,19020,10.936634456903466
535,0.8886666666666667,18662,10.620185405574343
536,0.9122380952380953,19157,9.295325696467415
537,0.9477142857142857,19902,8.20085495853554
538,0.9765714285714285,20508,7.9303897686589
539,0.9628571428571429,20220,7.864295310761135
540,0.9822380952380952,20627,7.411047746263911
541,0.9766190476190476,20509,7.684638664980426
542,0.9803809523809524,20588,7.680657170359058
543,0.9836190476190476,20656,7.669074929242887
544,0.9879523809523809,20747,7.955221098125394
545,0.9775714285714285,20529,8.492970234975278
546,0.9610952380952381,20183,8.97573155441538
547,0.9738571428571429,20451,8.330967508834402
548,0.9907619047619047,20806,8.427417364112303
549,0.9918095238095238,20828,8.294357657917821
550,0.9602380952380952,20165,8.662844365856149
551,0.9693809523809523,20357,8.373578939127233
552,0.982904761904762,20641,8.277257091515246
553,0.9723333333333334,20419,8.841173577529357
554,0.9532857142857143,20019,9.200033873104022
555,0.9630952380952381,20225,8.578600591681449
556,0.9721428571428572,20415,8.638351678012807
557,0.9803333333333333,20587,8.116626015074326
558,0.9738571428571429,20451,8.03121083115776
559,0.9814761904761905,20611,8.041152020411028
560,0.9749047619047619,20473,7.979415070266736
561,0.9914761904761905,20821,8.121739694254037
562,0.9961904761904762,20920,7.865195380690728
563,0.9858571428571429,20703,7.672477441377625
564,0.9825238095238096,20633,7.6017667654037195
565,0.9896666666666667,20783,8.443708104452421
566,0.9881428571428571,20751,8.041580844988495
567,0.9941904761904762,20878,8.110814289572678
568,0.9905714285714285,20802,7.6194846668612595
569,0.9893333333333333,20776,7.8935977458636755
570,0.9872380952380952,20732,7.353358042931921
571,0.9979047619047619,20956,7.639815288458639
572,0.9974761904761905,20947,7.526676153559183
573,0.9854761904761905,20695,7.971507100410911
574,0.9893333333333333,20776,8.450652588976002
575,0.9596666666666667,20153,9.327003586760581
576,0.9622857142857143,20208,9.76501870672554
577,0.9594285714285714,20148,9.730382416023357
578,0.9446190476190476,19837,9.600453165216011
579,0.9613333333333334,20188,9.065701684905632
580,0.9468095238095238,19883,9.853323804470106
581,0.9086190476190477,19081,10.72804170822174
582,0.9016666666666666,18935,9.93947393968753
583,0.934952380952381,19634,8.476698306079411
584,0.9542380952380952,20039,8.748746264746014
585,0.9337619047619048,19609,9.044752687212618
586,0.9521904761904761,19996,8.187167044184202
587,0.975,20475,7.772006342400273
588,0.988904761904762,20767,7.2264648087027155
589,0.990904761904762,20809,7.07411042642494
590,0.9834761904761905,20653,7.440791674456311
591,0.978047619047619,20539,7.8857222315178035
592,0.9796666666666667,20573,8.288443678138071
593,0.9873809523809524,20735,8.64799527887846
594,0.960952380952381,20180,9.20480948875906
595,0.946,19866,9.464330791221666
596,0.9588571428571429,20136,9.033670890513656
597,0.9705238095238096,20381,8.976447667370756
598,0.9741428571428571,20457,8.462145250418319
599,0.9818095238095238,20618,8.319818563651797
600,0.9717142857142858,20406,8.613733745935606
601,0.9503809523809523,19958,9.075010610324574
602,0.9424285714285714,19791,9.104545365343743
603,0.9633333333333334,20230,8.88863908778564
604,0.9770952380952381,20519,8.676438425055865
605,0.9748571428571429,20472,8.354728531975029
606,0.9854285714285714,20694,8.092228444651642
607,0.9642857142857143,20250,8.251916978116435
608,0.9873809523809524,20735,8.06648430596074
609,0.9963809523809524,20924,8.005410189037022
610,0.9881428571428571,20751,7.812981880763759
611,0.9925714285714285,20844,7.7781132570713885
612,0.9891428571428571,20772,7.700319672499249
613,0.9984761904761905,20968,7.808589061615113
614,0.9921428571428571,20835,7.787882511257105
615,0.9947142857142857,20889,8.017284966724718
616,0.9818095238095238,20618,8.10072776467084
617,0.9847619047619047,20680,8.025480003855053
618,0.9818095238095238,20618,8.630132464984172
619,0.9934285714285714,20862,8.14641326705729
620,0.9945238095238095,20885,8.521218107082785
621,0.9797619047619047,20575,8.74566367228565
622,0.9723333333333334,20419,9.005284221084558
623,0.9504285714285714,19959,9.46326770249773
624,0.9492380952380952,19934,9.648260355496726
625,0.9603809523809523,20168,10.175531075125338
626,0.9451904761904761,19849,10.175056313805566
627,0.9492857142857143,19935,10.185074755778764
628,0.9328571428571428,19590,10.316849765648065
629,0.905,19005,10.720543238482467
630,0.8745714285714286,18366,10.990687507500516
631,0.9082380952380953,19073,10.711938026614602
632,0.9289047619047619,19507,9.280486178642663
633,0.9095238095238095,19100,9.244778608649233
634,0.9674285714285714,20316,8.498760293389848
635,0.9443333333333334,19831,8.113049564098528
636,0.9786190476190476,20551,7.666165886647451
637,0.9765714285714285,20508,8.075448222740603
638,0.9492380952380952,19934,8.802888906513573
639,0.9511428571428572,19974,9.158608383027198
640,0.9794285714285714,20568,9.065029351063593
641,0.9621428571428572,20205,9.210204013957108
642,0.9627142857142857,20217,9.561990912646714
643,0.9473809523809524,19895,9.779985718220603
644,0.947047619047619,19888,9.479841162248906
645,0.9581428571428572,20121,9.568223489841444
646,0.9428571428571428,19800,9.798480612291216
647,0.9391428571428572,19722,9.796925694098428
648,0.9455714285714286,19857,9.206905419293951
649,0.9654761904761905,20275,9.326409289052194
650,0.951952380952381,19991,9.577320666945953
651,0.9720952380952381,20414,9.00843641186512
652,0.9634761904761905,20233,8.323338127155143
653,0.963,20223,8.585269751864292
654,0.9782380952380952,20543,8.542199748847347
655,0.9844761904761905,20674,8.257572799353023
656,0.9884761904761905,20758,7.232098086532685
657,0.9984285714285714,20967,7.329682742447933
658,0.9898571428571429,20787,7.241957271099658
659,0.9866666666666667,20720,7.572994585670799
660,0.9758095238095238,20492,8.086248957499588
661,0.9777619047619047,20533,8.12358981427792
662,0.9866666666666667,20720,8.249657505752014
663,0.9815238095238096,20612,8.410821321821501
664,0.9856666666666667,20699,7.949526673658971
665,0.9857619047619047,20701,8.228405396986465
666,0.9842380952380952,20669,8.356939645194366
667,0.9984285714285714,20967,8.402135478328013
668,0.9755714285714285,20487,8.83193980521209
669,0.9698571428571429,20367,9.58018609191452
670,0.9749047619047619,20473,9.512337347662646
671,0.9796666666666667,20573,9.640321486282726
672,0.9386666666666666,19712,9.302432698345008
673,0.961047619047619,20182,8.658761918134745
674,0.9719523809523809,20411,9.345110583566683
675,0.9463333333333334,19873,9.620744132554035
676,0.8933333333333333,18760,9.935995889742614
677,0.9193333333333333,19306,10.658721281247466
678,0.9047619047619048,19000,10.439466080918587
679,0.920952380952381,19340,9.997064451670788
680,0.8823809523809524,18530,10.745540900275293
681,0.8522857142857143,17898,10.424410333106508
682,0.9123809523809524,19160,9.546927622104477
683,0.9351428571428572,19638,9.223664856804357
684,0.9418095238095238,19778,9.157922037463834
685,0.947047619047619,19888,9.12411930283985
686,0.9409047619047619,19759,9.099283813023087
687,0.9586666666666667,20132,9.280807491620372
688,0.9735238095238096,20444,9.341012264182698
689,0.9699523809523809,20369,9.443829150029524
690,0.9583809523809523,20126,9.215100950407209
691,0.9695238095238096,20360,9.18283078071296
692,0.9679523809523809,20327,9.010150765854101
693,0.9478571428571428,19905,9.339418229205313
694,0.9612380952380952,20186,9.143087708919005
695,0.9545238095238096,20045,9.321507311039774
696,0.9528571428571428,20010,9.103124199191667
697,0.9647619047619047,20260,9.584643039427544
698,0.9637619047619047,20239,8.942074963486924
699,0.9774761904761905,20527,8.164690273161893
700,0.9881428571428571,20751,8.253881491073505
701,0.9983333333333333,20965,8.513203604792453
702,0.9707142857142858,20385,8.654242986812394
703,0.9877619047619047,20743,8.115490501453433
704,0.9807619047619047,20596,7.416786650170541
705,0.9959523809523809,20915,7.274372307748054
706,0.9915238095238095,20822,7.3922207969244615
707,0.9947619047619047,20890,7.452519615023714
708,0.9744285714285714,20463,7.918189045461646
709,0.9686666666666667,20342,8.288341323486936
710,0.9685238095238096,20339,8.057271961472466
711,0.987904761904762,20746,8.1066498453041
712,0.9844761904761905,20674,8.05890847026775
713,0.9770952380952381,20519,8.58607681188444
714,0.9840952380952381,20666,8.647523214739637
715,0.9892857142857143,20775,8.417095648803256
716,0.9861904761904762,20710,8.733034824692298
717,0.9825238095238096,20633,8.698868312267438
718,0.9842380952380952,20669,8.754564295233612
719,0.990904761904762,20809,8.793202492864932
720,0.972047619047619,20413,9.597076659928529
721,0.9419047619047619,19780,9.731440147699656
722,0.9468095238095238,19883,9.881694964261715
723,0.9364285714285714,19665,10.269235702329663
724,0.9232857142857143,19389,10.497910292002334
725,0.9204761904761904,19330,10.43477335973487
726,0.9163333333333333,19243,10.13887122974162
727,0.9247142857142857,19419,10.540391635563191
728,0.8769523809523809,18416,10.789772556155578
729,0.910047619047619,19111,10.077975636817301
730,0.8877142857142857,18642,10.015804210791268
731,0.9243809523809524,19412,9.53127227231915
732,0.9337619047619048,19609,9.371324805484118
733,0.9555714285714285,20067,9.068112686924863
734,0.9582857142857143,20124,9.100041460208574
735,0.9597619047619048,20155,9.377022761298376
736,0.9584761904761905,20128,9.784101336005529
737,0.9481904761904761,19912,9.787166645142182
738,0.958952380952381,20138,9.208631133810702
739,0.9510952380952381,19973,9.659035388446544
740,0.9461428571428572,19869,9.26647653692122
741,0.9453333333333334,19852,9.73922163298764
742,0.9616190476190476,20194,9.413595088995985
743,0.9651904761904762,20269,9.219077401873173
744,0.9706190476190476,20383,9.268482569599188
745,0.948,19908,9.136512862506947
746,0.9710952380952381,20393,9.147982436057893
747,0.9686190476190476,20341,8.841814684062314
748,0.9846666666666667,20678,8.74497262505238
749,0.9842380952380952,20669,8.52952432066065
750,0.9709523809523809,20390,8.305054644444215
751,0.9699047619047619,20368,8.164162444949373
752,0.9714285714285714,20400,7.767744985832125
753,0.9923333333333333,20839,6.9177384233036
754,0.9973809523809524,20945,7.133504350937874
755,0.9777619047619047,20533,7.357832712457468
756,0.9506190476190476,19963,8.426755677616981
757,0.9683809523809523,20336,8.803460604857213
758,0.961047619047619,20182,8.288482811115122
759,0.9957142857142857,20910,8.166522351673883
760,0.9954285714285714,20904,7.493279553493095
761,0.9998095238095238,20996,8.241973942069194
762,0.9954761904761905,20905,8.199217551816233
763,0.9844285714285714,20673,7.526556649966792
764,0.9893809523809524,20777,8.050664971041224
765,0.9818571428571429,20619,8.751521543266923
766,0.988,20748,8.913273717367856
767,0.9729047619047619,20431,8.629310506386977
768,0.9786190476190476,20551,9.287566280097
769,0.951,19971,9.628243170862131
770,0.9431428571428572,19806,9.237911380168521
771,0.9498095238095238,19946,9.876299669145336
772,0.9231904761904762,19387,10.604234240064633
773,0.922,19362,11.067873756545575
774,0.9087619047619048,19084,10.977061329348734
775,0.8915238095238095,18722,10.579570430287323
776,0.9065714285714286,19038,9.38644742993147
777,0.9297619047619048,19525,8.854136461690182
778,0.9425714285714286,19794,8.637257409120238
779,0.9486190476190476,19921,8.547692118619004
780,0.9587142857142857,20133,8.707379809141152
781,0.9527142857142857,20007,8.937188029055932
782,0.9361428571428572,19659,9.456245700004647
783,0.945047619047619,19846,10.17777556550453
784,0.9308095238095239,19547,10.32710444270472
785,0.9394285714285714,19728,9.593571405167948
786,0.9708095238095238,20387,9.577933936526364
787,0.9645714285714285,20256,9.562397177105838
788,0.931,19551,9.647503835421297
789,0.9377142857142857,19692,9.785571419658941
790,0.9406666666666667,19754,9.652304567949699
791,0.951,19971,9.612908548512914
792,0.9585238095238096,20129,9.60164673124816
793,0.9550952380952381,20057,9.375553087915655
794,0.9584761904761905,20128,8.830289246056642
795,0.9625238095238096,20213,8.125803706693945
796,0.9738095238095238,20450,8.24736860440811
797,0.9787619047619047,20554,8.52322051664594
798,0.9724285714285714,20421,8.197955287507856
799,0.9677619047619047,20323,7.929551682509376
800,0.9758571428571429,20493,7.947017388898868
801,0.9796190476190476,20572,8.67773164190312
802,0.9822857142857143,20628,8.03416606899835
803,0.9851428571428571,20688,7.854713219649635
804,0.9877142857142858,20742,8.120014757771123
805,0.9804761904761905,20590,8.41999027921808
806,0.9798095238095238,20576,7.352152301522727
807,0.9921428571428571,20835,7.620984421352727
808,0.9754761904761905,20485,7.709761367648639
809,0.9758571428571429,20493,8.069090413595301
810,0.9978095238095238,20954,7.7315262842855565
811,0.9883809523809524,20756,7.552900399506695
812,0.9917142857142857,20826,7.987346993560437
813,0.9824285714285714,20631,8.734775944500166
814,0.9654761904761905,20275,8.502439365501568
815,0.9747619047619047,20470,8.951631733962296
816,0.977047619047619,20518,9.175597066174454
817,0.9693333333333334,20356,9.095108297006671
818,0.9672380952380952,20312,9.669290888945996
819,0.9397619047619048,19735,10.40233679029717
820,0.9206666666666666,19334,11.170003702177528
821,0.9064761904761904,19036,11.576390637869741
822,0.9003333333333333,18907,11.419754969750652
823,0.912047619047619,19153,10.386151835898985
824,0.8601904761904762,18064,10.524656054366359
825,0.8856190476190476,18598,10.486847156773688
826,0.8883333333333333,18655,9.602556955452568
827,0.9315238095238095,19562,9.344195521547801
828,0.9550952380952381,20057,8.87836246776166
829,0.9435238095238095,19814,8.453384801560064
830,0.9454285714285714,19854,8.1893468973142
831,0.957,20097,8.428775898294434
832,0.9446666666666667,19838,8.893856276991398
833,0.9542380952380952,20039,8.998262117881598
834,0.9697619047619047,20365,9.204170927168965
835,0.9560952380952381,20078,9.054360056783512
836,0.9683333333333334,20335,8.794964434995771
837,0.97,20370,8.787396233011405
838,0.9860952380952381,20708,8.53327917850829
839,0.9707142857142858,20385,8.429500501813886
840,0.9654285714285714,20274,8.430883965655353
841,0.958952380952381,20138,8.429010106683569
842,0.951,19971,8.934254370463943
843,0.9498571428571428,19947,8.948807486614637
844,0.9442380952380952,19829,9.153389712489616
845,0.9646190476190476,20257,8.208070900370764
846,0.9509047619047619,19969,8.425976503659568
847,0.9741428571428571,20457,7.822213992277374
848,0.9754285714285714,20484,7.663098223550128
849,0.9951428571428571,20898,7.54383953242962
850,0.9934761904761905,20863,7.905384413432157
851,0.9876190476190476,20740,7.813368614640792
852,0.9961428571428571,20919,7.847154785269609
853,0.9884285714285714,20757,7.897332956280925
854,0.9811428571428571,20604,8.325823220287422
855,0.9751428571428571,20478,8.143495724307881
856,0.9915238095238095,20822,8.178258064522582
857,0.990904761904762,20809,8.425680123439728
858,0.9920952380952381,20834,7.405829840148594
859,0.9887142857142858,20763,7.8811768211187525
860,0.9793809523809524,20567,8.159114205992356
861,0.9847619047619047,20680,8.63692422878201
862,0.9891904761904762,20773,8.70201748015608
863,0.9581428571428572,20121,9.304290984423368
864,0.9588095238095238,20135,9.720088956183494
865,0.9357619047619048,19651,9.844400247029048
866,0.9518095238095238,19988,10.085433329985348
867,0.9249047619047619,19423,10.500388118613923
868,0.9183333333333333,19285,10.579111042030645
869,0.9214285714285714,19350,10.69036168121958
870,0.9391904761904762,19723,8.410795769687013
871,0.93,19530,9.10607417199051
872,0.9410952380952381,19763,8.814490676387615
873,0.9141904761904762,19198,8.632258259221214
874,0.9709523809523809,20390,7.892547951315872
875,0.9773333333333334,20524,8.040817341311975
876,0.9729523809523809,20432,7.373707255726637
877,0.9770952380952381,20519,7.046908663093269
878,0.9835238095238096,20654,7.286194462900283
879,0.9894761904761905,20779,7.719211619147774
880,0.9858095238095238,20702,8.092460331878362
881,0.9619047619047619,20200,8.541123107235844
882,0.9712857142857143,20397,8.35153620168837
883,0.9862857142857143,20712,8.2259830636378
884,0.9678095238095238,20324,8.503723922521903
885,0.9354285714285714,19644,9.14862100465478
886,0.9377142857142857,19692,9.139226381628648
887,0.9390952380952381,19721,8.986126801550872
888,0.9644761904761905,20254,8.968690754051732
889,0.954,20034,9.184054119002543
890,0.9596666666666667,20153,9.131318062855636
891,0.9493333333333334,19936,8.877646413581628
892,0.9308571428571428,19548,9.345402747206006
893,0.9509047619047619,19969,8.29616056300392
894,0.9815238095238096,20612,7.90251944023887
895,0.992904761904762,20851,7.663520101733058
896,0.9759523809523809,20495,7.668675822123192
897,0.9683809523809523,20336,7.979408268053461
898,0.9798095238095238,20576,8.281794455032161
899,0.9791904761904762,20563,8.481864938953958
900,0.9725714285714285,20424,8.396401852944297
901,0.9816666666666667,20615,8.01163360348589
902,0.9664761904761905,20296,8.341045379803399
903,0.9771904761904762,20521,8.776176368986139
904,0.9910476190476191,20812,8.734178050390232
905,0.9756190476190476,20488,8.435600410638859
906,0.9830476190476191,20644,8.793469858098714
907,0.9902380952380953,20795,7.7040528270621245
908,0.9890952380952381,20771,7.915281355740756
909,0.9766666666666667,20510,8.584126262251669
910,0.9669047619047619,20305,9.0338394965302
911,0.9698095238095238,20366,9.159766800284242
912,0.9668571428571429,20304,8.988896199991196
913,0.9648571428571429,20262,9.38188000923505
914,0.9523333333333334,19999,9.114808441462884
915,0.9629047619047619,20221,10.39142365436124
916,0.9177142857142857,19272,10.632444167215755
917,0.9223333333333333,19369,10.535155444228144
918,0.9082380952380953,19073,9.566828529684079
919,0.9321428571428572,19575,10.386220520246123
920,0.8881904761904762,18652,10.045342223049543
921,0.9038095238095238,18980,9.611650261936122
922,0.9267619047619048,19462,9.33950922647592
923,0.9548095238095238,20051,8.601550317213473
924,0.9767619047619047,20512,8.498299978999464
925,0.952047619047619,19993,8.613044703403766
926,0.9463333333333334,19873,8.993950823682871
927,0.9587142857142857,20133,9.187327951162693
928,0.9571428571428572,20100,8.993830818933043
929,0.9624285714285714,20211,9.251980677510446
930,0.9496666666666667,19943,9.649650250476231
931,0.9476190476190476,19900,9.643843780040564
932,0.9476190476190476,19900,9.605552031879185
933,0.95,19950,9.720360398172057
934,0.9476666666666667,19901,9.547549788326315
935,0.9557619047619048,20071,9.53970826030299
936,0.9436190476190476,19816,9.50658517725514
937,0.9655714285714285,20277,9.727046821470527
938,0.9672380952380952,20312,9.520023497856092
939,0.9709523809523809,20390,8.62005516187795
940,0.9712857142857143,20397,8.667769244324102
941,0.9662380952380952,20291,8.150463631204817
942,0.9751904761904762,20479,8.008793038316556
943,0.9648571428571429,20262,8.078199968301432
944,0.9621904761904762,20206,8.307282299261479
945,0.9889523809523809,20768,8.15662297849519
946,0.979904761904762,20578,7.993132136627293
947,0.9801904761904762,20584,7.065328308423379
948,0.9968571428571429,20934,7.601714653183599
949,0.9974285714285714,20946,7.622394354392004
950,0.9917142857142857,20826,6.614338294880668
951,0.9877142857142858,20742,7.885906870193827
952,0.9917142857142857,20826,8.274292520283877
953,0.9802857142857143,20586,8.071948063529776
954,0.9835714285714285,20655,8.260759493087114
955,0.9999047619047619,20998,8.2613404374596
956,0.9963333333333333,20923,7.521473536556622
957,0.989904761904762,20788,7.823327967961787
958,0.9847142857142858,20679,8.44322796856974
959,0.9710952380952381,20393,8.422098565600542
960,0.9695714285714285,20361,8.71512424307451
961,0.9757619047619047,20491,9.490722693555506
962,0.9131428571428571,19176,10.60777986780188
963,0.9173809523809524,19265,10.604567659228119
964,0.9119047619047619,19150,10.736189563301393
965,0.896,18816,11.279903426849236
966,0.8388095238095238,17615,11.077139336569992
967,0.8843333333333333,18571,10.699848295328547
968,0.9231428571428572,19386,9.966026697930754
969,0.9238571428571428,19401,9.33209858575959
970,0.9529047619047619,20011,9.180583280552764
971,0.9493809523809524,19937,8.632741709556882
972,0.9324285714285714,19581,8.660445290960164
973,0.9640952380952381,20246,8.79614277655256
974,0.9394761904761905,19729,9.167271402563076
975,0.9482380952380952,19913,9.525835579696615
976,0.9570952380952381,20099,9.488637283612338
977,0.9454285714285714,19854,9.644011710771657
978,0.9656666666666667,20279,9.336399218779666
979,0.9707142857142858,20385,9.237970140988502
980,0.9761428571428571,20499,9.127965233077434
981,0.9753333333333334,20482,9.08064682068801
982,0.9633333333333334,20230,8.99079937274111
983,0.9585238095238096,20129,9.32987793018181
984,0.9639047619047619,20242,9.041024591697049
985,0.9596666666666667,20153,9.14100550275341
986,0.9542857142857143,20040,9.036898795339335
987,0.9685238095238096,20339,8.999579353623524
988,0.9632857142857143,20229,8.93719579270297
989,0.9727142857142858,20427,8.868871531674174
990,0.9741428571428571,20457,8.526531605999189
991,0.966,20286,8.355742951295134
992,0.9928095238095238,20849,7.98376918693253
993,0.9866666666666667,20720,7.9698919982823675
994,0.9512380952380952,19976,8.49682690372262
995,0.9677142857142857,20322,8.34598363962161
996,0.9768095238095238,20513,8.177481610922817
997,0.9787619047619047,20554,7.975954622849768
998,0.9933809523809524,20861,8.242179036102584
999,0.9711428571428572,20394,8.532398510923155
1000,0.9707142857142858,20385,7.577174150665201
1001,0.9723333333333334,20419,8.26345303496969
1002,0.9911428571428571,20814,7.851488447949145
1003,0.9807619047619047,20596,8.366000139485573
1004,0.9925238095238095,20843,8.091068634519468
1005,0.9899523809523809,20789,8.811328091274865
1006,0.9888095238095238,20765,8.613455528986286
1007,0.9867619047619047,20722,9.012701054746573
1008,0.9672380952380952,20312,9.225164774543726
1009,0.9759523809523809,20495,9.566156821312786
1010,0.9664761904761905,20296,9.744376080987198
1011,0.9654761904761905,20275,10.140797185487012
1012,0.9157142857142857,19230,10.505258362617983
1013,0.9312857142857143,19557,10.412381666972143
1014,0.9198571428571428,19317,11.409598812116458
1015,0.8822857142857143,18528,10.549832985110315
1016,0.8806666666666667,18494,10.260121775820092
1017,0.8961428571428571,18819,10.28159039916647
1018,0.9286190476190476,19501,9.459457882741306
1019,0.9058571428571428,19023,9.338425231822725
1020,0.9423333333333334,19789,9.209082327747995
1021,0.937952380952381,19697,9.491237171804908
1022,0.9363333333333334,19663,9.893988666025265
1023,0.9669047619047619,20305,10.030936793701532
1024,0.9369047619047619,19675,10.252013211558753
1025,0.9333809523809524,19601,10.569346470624852
1026,0.9522857142857143,19998,9.837612532063705
1027,0.9608571428571429,20178,9.53994273481583
1028,0.9699523809523809,20369,9.407042127976053
1029,0.9611428571428572,20184,9.889112769799418
1030,0.9494761904761905,19939,10.038031402987926
1031,0.9429047619047619,19801,9.63668578665938
1032,0.9583809523809523,20126,9.518820507441237
1033,0.9625714285714285,20214,9.16618113886796
1034,0.9691428571428572,20352,9.041871164207427
1035,0.9779047619047619,20536,8.63062636010948
1036,0.9650952380952381,20267,8.970610968338756
1037,0.9696190476190476,20362,9.009960021231558
1038,0.9618571428571429,20199,8.814201853779164
1039,0.9894761904761905,20779,8.411897628082723
1040,0.9940952380952381,20876,8.396691409340287
1041,0.9911428571428571,20814,7.994540411489181
1042,0.9729523809523809,20432,7.820743994671921
1043,0.9678571428571429,20325,8.322352061457659
1044,0.9634761904761905,20233,8.296294923905227
1045,0.9767619047619047,20512,8.029066688709136
1046,0.9811428571428571,20604,8.433099733217947
1047,0.9628571428571429,20220,8.960715798712092
1048,0.9853333333333333,20692,8.471728814686756
1049,0.9946666666666667,20888,8.320724556428111
1050,0.9963809523809524,20924,8.663172107694358
1051,0.9909523809523809,20810,8.408983431215077
1052,0.9823333333333333,20629,8.375084023060296
1053,0.9666666666666667,20300,8.624947805062913
1054,0.9818571428571429,20619,8.262489928078406
1055,0.9781428571428571,20541,8.586104197417724
1056,0.9547142857142857,20049,9.76028445538177
1057,0.9275238095238095,19478,10.189319187409977
1058,0.9305238095238095,19541,9.914422497581945
1059,0.9543809523809523,20042,9.784403028802537
1060,0.925952380952381,19445,9.963474059280836
1061,0.9037142857142857,18978,11.296889542834814
1062,0.9099047619047619,19108,10.976012397544928
1063,0.8726190476190476,18325,10.27696628072236
1064,0.8907619047619048,18706,9.542406662834424
1065,0.9043809523809524,18992,9.820197350315992
1066,0.9312857142857143,19557,9.638814817052573
1067,0.912047619047619,19153,9.474836616731618
1068,0.9441904761904761,19828,9.030929109214902
1069,0.9436666666666667,19817,9.196524810841643
1070,0.9528571428571428,20010,9.39750733116272
1071,0.9545714285714286,20046,9.700120294139394
1072,0.9581428571428572,20121,9.826111309955674
1073,0.9586190476190476,20131,9.732654078599857
1074,0.971047619047619,20392,8.904746466035624
1075,0.9708571428571429,20388,9.063163006639552
1076,0.9713333333333334,20398,8.657730549452355
1077,0.9794285714285714,20568,8.228398281311774
1078,0.9822857142857143,20628,8.528988151807706
1079,0.9541428571428572,20037,9.170040662444759
1080,0.9428571428571428,19800,9.245793262387133
1081,0.963,20223,8.997064079476472
1082,0.957047619047619,20098,8.978695766558232
1083,0.9682380952380952,20333,8.623623194323482
1084,0.97,20370,8.559359202686439
1085,0.9842380952380952,20669,8.475256966647807
1086,0.9791904761904762,20563,8.143004591238308
1087,0.963952380952381,20243,8.322801722995996
1088,0.9651904761904762,20269,8.699065984080253
1089,0.9762380952380952,20501,8.558571014478858
1090,0.9698095238095238,20366,8.269933352378468
1091,0.9552857142857143,20061,7.908775942368929
1092,0.9697619047619047,20365,7.8536196955160635
1093,0.9857142857142858,20700,7.8020751577888205
1094,0.9609047619047619,20179,7.505735268241697
1095,0.9810476190476191,20602,8.01774826167407
1096,0.9995714285714286,20991,7.609334002276929
1097,0.9898571428571429,20787,8.46611560808266
1098,0.9933333333333333,20860,8.391777762193689
1099,0.9977619047619047,20953,8.575235062167149
1100,0.9804285714285714,20589,8.52146818763667
1101,0.987,20727,8.540889240681688
1102,0.9826666666666667,20636,8.573817496956872
1103,0.9810952380952381,20603,8.851281579986056
1104,0.9821428571428571,20625,9.394708741234783
1105,0.9705714285714285,20382,9.524922328085063
1106,0.9336666666666666,19607,10.082676668303009
1107,0.9466190476190476,19879,9.977045477156155
1108,0.939952380952381,19739,10.0449904535687
1109,0.9191904761904762,19303,10.982417445867245
1110,0.8971904761904762,18841,11.218858214927586
1111,0.930047619047619,19531,10.44283751965873
1112,0.8747142857142857,18369,11.24295928904839
1113,0.8939047619047619,18772,10.138746711402687
1114,0.8993809523809524,18887,10.0871932123953
1115,0.9316190476190476,19564,9.994815509648785
1116,0.9138571428571428,19191,10.088371331347743
1117,0.9148095238095239,19211,10.066017919435064
1118,0.9050476190476191,19006,10.070518971991941
1119,0.9145238095238095,19205,10.008456622437423
1120,0.9529047619047619,20011,9.738112148701266
1121,0.9597142857142857,20154,9.742401020577672
1122,0.9377619047619048,19693,9.82099113169495
1123,0.9447619047619048,19840,9.803178414709633
1124,0.9479047619047619,19906,9.779281050897605
1125,0.9356190476190476,19648,9.78980697204908
1126,0.936047619047619,19657,9.945302904015525
1127,0.9558095238095238,20072,9.708730954557012
1128,0.9347142857142857,19629,9.943969746167575
1129,0.9354285714285714,19644,9.875773520127671
1130,0.9350952380952381,19637,9.739531705565934
1131,0.9468095238095238,19883,9.668142243641709
1132,0.9645238095238096,20255,9.490271546294952
1133,0.9536666666666667,20027,9.08371464023675
1134,0.9707619047619047,20386,8.988081331082798
1135,0.973047619047619,20434,8.626543720951995
1136,0.9516190476190476,19984,8.694957028628345
1137,0.9590952380952381,20141,8.74702722728423
1138,0.9583333333333334,20125,8.748966076273517
1139,0.955047619047619,20056,8.74919933871864
1140,0.967,20307,8.620798825814099
1141,0.9951428571428571,20898,7.996132584971946
1142,0.9888095238095238,20765,7.974442541282505
1143,0.9912380952380953,20816,7.984722373804344
1144,0.9920952380952381,20834,8.248971525381798
1145,0.996,20916,7.835754840599832
1146,0.9726666666666667,20426,7.9824237461149075
1147,0.9841904761904762,20668,8.511745933159467
1148,0.9941904761904762,20878,8.619704021258633
1149,0.992,20832,8.339628051425105
1150,0.9881904761904762,20752,8.700636629787313
1151,0.967047619047619,20308,9.076752332859494
1152,0.969047619047619,20350,9.302396698072382
1153,0.9667142857142857,20301,9.874541894212921
1154,0.9533333333333334,20020,9.697486767605552
1155,0.9679523809523809,20327,10.131350743860342
1156,0.9299047619047619,19528,11.311755321678296
1157,0.8713333333333333,18298,11.719216026248413
1158,0.879,18459,11.175707777256376
1159,0.9103809523809524,19118,9.6691468780031
1160,0.9334285714285714,19602,9.172036035679827
1161,0.9401428571428572,19743,8.903675340218609
1162,0.9646666666666667,20258,8.24854372426417
1163,0.9698571428571429,20367,8.240153370610022
1164,0.9669047619047619,20305,8.067298655607344
1165,0.9651428571428572,20268,8.085822353831764
1166,0.9770952380952381,20519,7.97469001484654
1167,0.9780952380952381,20540,8.397716167367545
1168,0.9703809523809523,20378,8.598589015028159
1169,0.9700952380952381,20372,8.994673245672617
1170,0.9486666666666667,19922,9.123870288969702
1171,0.9708571428571429,20388,8.794297049368987
1172,0.9739523809523809,20453,8.722548286131797
1173,0.9690952380952381,20351,8.725653441775753
1174,0.9672380952380952,20312,8.835915926147004
1175,0.9534761904761905,20023,9.171789869357934
1176,0.9592857142857143,20145,9.3701198459804
1177,0.9471904761904761,19891,9.300928452772837
1178,0.9463333333333334,19873,9.137219305087179
1179,0.9308095238095239,19547,9.443546552226668
1180,0.9396666666666667,19733,9.622142403635715
1181,0.9587142857142857,20133,9.419873614440585
1182,0.9424285714285714,19791,9.451943407160044
1183,0.9407142857142857,19755,9.810534969225607
1184,0.9531428571428572,20016,10.083483374221332
1185,0.921952380952381,19361,9.645693425461932
1186,0.9368571428571428,19674,9.014892856266025
1187,0.9605238095238096,20171,8.886678028313742
1188,0.9594761904761905,20149,8.981415263867781
1189,0.9623809523809523,20210,8.814626364045335
1190,0.9751904761904762,20479,8.782294235730511
1191,0.9721904761904762,20416,8.7851262347315
1192,0.9724285714285714,20421,8.370572688585957
1193,0.9883809523809524,20756,8.137951921289002
1194,0.9912857142857143,20817,8.43478437978307
1195,0.990904761904762,20809,8.778121487841483
1196,0.9745714285714285,20466,8.402380806190816
1197,0.982904761904762,20641,8.33104146967687
1198,0.9876666666666667,20741,8.017457334355111
1199,0.9614761904761905,20191,8.761186813464386
1200,0.9536190476190476,20026,8.642823791982261
1201,0.9792857142857143,20565,8.58432897311715
1202,0.9475714285714286,19899,9.436647589680797
1203,0.9321428571428572,19575,9.998145699939139
1204,0.939047619047619,19720,10.649405851169934
1205,0.8934285714285715,18762,10.683922000542301
1206,0.8953333333333333,18802,10.022240105697572
1207,0.8958095238095238,18812,9.317044354173536
1208,0.9235714285714286,19395,8.64837119847562
1209,0.9412857142857143,19767,8.75911935484925
1210,0.953952380952381,20033,8.054110806297697
1211,0.9743809523809523,20462,7.635650842827497
1212,0.9843809523809524,20672,7.527886410401419
1213,0.9855238095238095,20696,7.646967630659536
1214,0.961952380952381,20201,8.319669300774255
1215,0.9707142857142858,20385,8.65882427014495
1216,0.9736190476190476,20446,8.853689691461392
1217,0.9829523809523809,20642,9.083180080216238
1218,0.9752380952380952,20480,8.99928265544538
1219,0.9649047619047619,20263,9.113634091715818
1220,0.922952380952381,19382,9.52491503725749
1221,0.943952380952381,19823,9.38777171445724
1222,0.955,20055,8.9199184891224
1223,0.9647619047619047,20260,9.227792188437778
1224,0.9573809523809523,20105,9.184743060253608
1225,0.9384285714285714,19707,9.1740651275276
1226,0.9381428571428572,19701,8.958561821675339
1227,0.949,19929,8.684866036640218
1228,0.9666190476190476,20299,8.700949330966626
1229,0.9727619047619047,20428,8.534952583533823
1230,0.9727619047619047,20428,8.20398441370692
1231,0.9806190476190476,20593,7.951882926804332
1232,0.984904761904762,20683,8.200020878947397
1233,0.9690952380952381,20351,8.211329269994858
1234,0.988904761904762,20767,8.257039058193318
1235,0.9745238095238096,20465,8.647128614826636
1236,0.9812380952380952,20606,7.690024184608584
1237,0.9921904761904762,20836,7.644030079686032
1238,0.9891428571428571,20772,7.838831051687092
1239,0.9643809523809523,20252,8.460132856024336
1240,0.9501904761904761,19954,8.656244398607564
1241,0.9731904761904762,20437,8.177465455939293
1242,0.9602380952380952,20165,8.342404271495084
1243,0.9817619047619047,20617,8.814465619360387
1244,0.9793809523809524,20567,7.987052071765374
1245,0.972,20412,8.57207557620576
1246,0.9780952380952381,20540,8.480160015083609
1247,0.9781904761904762,20542,9.30819588071415
1248,0.9793809523809524,20567,10.107442085114956
1249,0.9594761904761905,20149,9.5908038752172
1250,0.9620952380952381,20204,8.8066229966163
1251,0.9553333333333334,20062,9.459214977171674
1252,0.9278571428571428,19485,10.111934526807184
1253,0.886095238095238,18608,10.940030963640913
1254,0.8433809523809523,17711,11.715892028854027
1255,0.8748571428571429,18372,11.10370257248559
1256,0.8988095238095238,18875,10.623427918101978
1257,0.888,18648,9.51422979825308
1258,0.9507142857142857,19965,9.076687264714986
1259,0.9513809523809523,19979,8.825807501458057
1260,0.9612857142857143,20187,8.609075101874605
1261,0.9682380952380952,20333,8.739454589406844
1262,0.9687619047619047,20344,9.075139186865155
1263,0.9686666666666667,20342,9.21078611903049
1264,0.9685714285714285,20340,9.316684052379477
1265,0.9794285714285714,20568,9.620105836357821
1266,0.9624285714285714,20211,9.98516081199958
1267,0.9472380952380952,19892,10.185396990082069
1268,0.9475714285714286,19899,9.906376977427364
1269,0.9639047619047619,20242,9.078195021282982
1270,0.9606190476190476,20173,9.193767820837797
1271,0.9414285714285714,19770,9.022318482495502
1272,0.9555714285714285,20067,8.665747982181669
1273,0.9535714285714286,20025,9.229301059813178
1274,0.9601428571428572,20163,8.784520620229028
1275,0.9561904761904761,20080,8.515454146796174
1276,0.9698571428571429,20367,8.473380694378314
1277,0.9763809523809523,20504,8.339722138038788
1278,0.9766666666666667,20510,7.9862616442166185
1279,0.9823333333333333,20629,8.070141389918435
1280,0.9822380952380952,20627,8.030348657302104
1281,0.9963333333333333,20923,7.748303928226203
1282,0.9980476190476191,20959,7.396993697868152
1283,0.9915714285714285,20823,8.109479657896157
1284,0.9973333333333333,20944,7.770333588972279
1285,0.9828095238095238,20639,7.537085878010805
1286,0.9966190476190476,20929,7.5120104051350385
1287,0.9809523809523809,20600,8.266051973478135
1288,0.9719523809523809,20411,8.593924339005943
1289,0.9788571428571429,20556,8.802376236654988
1290,0.9912380952380953,20816,8.96387204738927
1291,0.9928095238095238,20849,8.556215696107493
1292,0.9953809523809524,20903,8.842640385853944
1293,0.9927142857142857,20847,8.28376881887098
1294,0.976,20496,8.813214561967033
1295,0.9945238095238095,20885,9.108045382052449
1296,0.9521904761904761,19996,8.986116647542703
1297,0.946047619047619,19867,8.867719555697473
1298,0.937952380952381,19697,9.570748435835126
1299,0.9361904761904762,19660,11.099337895707455
1300,0.896,18816,10.498386725702442
1301,0.9137142857142857,19188,10.785916541477222
1302,0.8986666666666666,18872,11.135827276570176
1303,0.8441428571428572,17727,11.226928676846029
1304,0.8748095238095238,18371,10.585305745926107
1305,0.9044285714285715,18993,9.748802305592095
1306,0.935047619047619,19636,9.189179256036482
1307,0.9304761904761905,19540,9.223635538245814
1308,0.9484761904761905,19918,9.17986192630848
1309,0.9384285714285714,19707,9.626274120068242
1310,0.9283333333333333,19495,9.974227295331803
1311,0.952047619047619,19993,9.868761985882369
1312,0.9632380952380952,20228,9.386984301036922
1313,0.9718571428571429,20409,9.255084810610287
1314,0.9548571428571428,20052,9.536699127545852
1315,0.9347619047619048,19630,9.99168283806077
1316,0.9459047619047619,19864,9.507876842808427
1317,0.9486666666666667,19922,9.381482128821126
1318,0.955,20055,9.190604137839882
1319,0.9514761904761905,19981,9.500789105862651
1320,0.9574285714285714,20106,9.329329800014369
1321,0.9564285714285714,20085,9.384371829494858
1322,0.9477619047619048,19903,9.738848119979094
1323,0.9407619047619048,19756,10.037739492518961
1324,0.9414761904761905,19771,9.347706415983001
1325,0.9544761904761905,20044,8.655485249462252
1326,0.9528571428571428,20010,8.203036654491143
1327,0.9381904761904762,19702,8.20236106110172
1328,0.9618571428571429,20199,8.036909153648901
1329,0.9860476190476191,20707,8.240932304405938
1330,0.9867142857142858,20721,8.203984336932304
1331,0.9744761904761905,20464,7.374032415991131
1332,0.9731904761904762,20437,6.982175226193351
1333,0.9970476190476191,20938,7.38335012794965
1334,0.9905714285714285,20802,7.385683882523873
1335,0.9918095238095238,20828,7.466669463680744
1336,0.9958571428571429,20913,7.89589768838867
1337,0.9959523809523809,20915,8.171465664084925
1338,0.9673333333333334,20314,8.16381787943968
1339,0.960952380952381,20180,8.052931044253166
1340,0.9666666666666667,20300,8.961747221051416
1341,0.9649047619047619,20263,9.803135767973389
1342,0.9693333333333334,20356,8.822154637021839
1343,0.9747142857142858,20469,9.272781804046042
1344,0.9766666666666667,20510,9.32112501211376
1345,0.9572857142857143,20103,9.09817786577694
1346,0.9534761904761905,20023,9.037449704233781
1347,0.9652857142857143,20271,9.95036113107382
1348,0.927,19467,10.439153090956513
1349,0.933952380952381,19613,10.476924778748698
1350,0.9316666666666666,19565,9.780307806326602
1351,0.9093333333333333,19096,10.18504995214252
1352,0.8978571428571429,18855,9.803267136607598
1353,0.926952380952381,19466,9.66625196242018
1354,0.9244285714285714,19413,9.700078592958722
1355,0.900952380952381,18920,9.784251082903712
1356,0.9166190476190477,19249,9.87882795935308
1357,0.9048095238095238,19001,10.45237013702259
1358,0.9055714285714286,19017,10.93240721440077
1359,0.9161904761904762,19240,10.906539833723288
1360,0.9338571428571428,19611,10.786466872120059
1361,0.9380952380952381,19700,10.135425196362926
1362,0.9476190476190476,19900,9.449791609973483
1363,0.9804285714285714,20589,8.990987673096784
1364,0.9818095238095238,20618,8.664085373224221
1365,0.9755714285714285,20487,8.531798430316577
1366,0.9823809523809524,20630,8.25390056802224
1367,0.9432857142857143,19809,9.022722407668502
1368,0.9391904761904762,19723,8.942555505793361
1369,0.9656190476190476,20278,8.725300190850493
1370,0.9688571428571429,20346,8.969147078087795
1371,0.9590952380952381,20141,8.258041784810803
1372,0.9725238095238096,20423,8.51466710004604
1373,0.9947142857142857,20889,8.031905441759637
1374,0.9811428571428571,20604,7.901863095714614
1375,0.9945238095238095,20885,8.06610578883063
1376,0.9769523809523809,20516,8.915387286553038
1377,0.9801904761904762,20584,8.637279009677654
1378,0.9755714285714285,20487,8.302924683129229
1379,0.9831904761904762,20647,8.20955670787332
1380,0.9893809523809524,20777,7.546629916899652
1381,0.9937619047619047,20869,7.375383517945296
1382,0.9972857142857143,20943,7.572372980024087
1383,0.9833333333333333,20650,7.828976671404526
1384,0.9876190476190476,20740,7.8101482144253405
1385,0.9873333333333333,20734,8.281481757471106
1386,0.9922380952380953,20837,7.871312252186936
1387,0.9991428571428571,20982,8.10529406007534
1388,0.9993809523809524,20987,7.661021219822531
1389,0.9753809523809523,20483,8.245982586339728
1390,0.997,20937,8.750253838852734
1391,0.9792857142857143,20565,8.86102049126443
