vertiport,low_battery_count
217,0
217,0
217,0
217,0
217,0
217,0
217,0
217,0
217,0
217,0
217,0
217,0
217,0
217,0
217,0
217,0
217,0
217,0
217,0
217,0
217,0
217,0
217,0
217,0
217,0
217,0
217,0
217,0
217,0
217,0
217,0
217,0
217,0
217,0
217,0
217,0
217,0
217,0
217,0
217,0
217,0
217,0
217,0
217,0
217,0
217,0
217,0
217,0
217,0
217,0
217,0
217,0
217,0
217,0
217,0
217,0
217,0
217,0
217,0
217,0
217,0
217,0
217,0
217,0
217,0
217,0
217,0
217,0
217,0
217,0
217,0
217,0
217,0
217,0
217,0
217,0
217,0
217,0
217,0
217,0
217,0
217,0
217,0
217,0
217,0
217,0
217,0
217,0
217,0
217,0
217,0
217,0
217,0
217,0
217,0
217,0
217,0
217,0
217,0
217,0
217,0
217,0
217,0
217,0
217,0
217,0
217,0
217,0
217,0
217,0
217,0
217,0
217,0
217,0
217,0
217,0
217,0
217,0
217,0
217,1
217,1
217,0
217,0
217,0
217,0
217,0
217,0
217,0
217,0
217,0
217,0
217,0
217,0
217,0
217,0
217,0
217,0
217,0
217,0
217,0
217,0
217,0
217,0
217,0
217,0
217,0
217,0
217,0
217,0
217,0
217,0
217,0
217,0
217,0
217,0
217,0
217,0
217,0
217,0
217,0
217,0
217,0
217,0
217,0
217,0
217,0
217,0
217,0
217,0
217,0
217,0
217,0
217,0
217,0
217,0
217,0
217,0
217,0
217,0
217,0
217,0
217,0
217,0
217,0
217,0
217,0
217,0
217,0
217,0
217,0
217,0
217,0
217,0
217,0
217,0
217,0
217,0
217,0
217,0
217,0
217,0
217,0
217,0
217,0
217,0
217,0
217,0
217,0
217,0
217,0
217,0
217,0
217,0
217,0
217,0
217,0
217,0
217,0
217,0
217,0
217,0
217,0
217,0
217,0
217,0
217,0
217,0
217,0
217,0
217,0
217,0
217,0
217,0
217,0
217,0
217,0
217,0
217,0
217,0
217,0
217,0
217,0
217,0
217,0
217,0
217,0
217,0
217,0
217,0
217,0
217,0
217,0
217,0
217,0
217,0
217,0
217,0
217,0
217,0
217,0
217,0
217,0
217,0
217,0
217,0
217,0
217,0
217,0
217,0
217,0
217,0
217,0
217,0
217,0
217,0
217,0
217,0
217,0
217,0
217,0
217,0
217,0
217,0
217,0
217,0
217,0
217,0
217,0
217,0
217,0
217,0
217,0
217,0
217,0
217,0
217,0
217,0
217,0
217,0
217,0
217,0
217,0
217,0
217,0
217,0
217,0
217,0
217,0
217,0
217,0
217,0
217,0
217,0
217,0
217,0
217,0
217,0
217,0
217,0
217,0
217,0
217,0
217,0
217,0
217,0
217,0
217,0
217,0
217,0
217,0
217,0
217,0
217,0
217,0
217,0
217,0
217,0
217,0
217,0
217,0
217,0
217,0
217,0
217,0
217,0
217,1
217,1
217,1
217,0
217,0
217,0
217,0
217,0
217,0
217,0
217,0
217,1
217,2
217,2
217,1
217,0
217,0
217,0
217,0
217,0
217,1
217,2
217,2
217,2
217,1
217,1
217,0
217,0
217,0
217,0
217,1
217,1
217,2
217,1
217,1
217,0
217,0
217,0
217,1
217,0
217,1
217,1
217,1
217,1
217,1
217,1
217,0
217,0
217,0
217,0
217,1
217,1
217,1
217,0
217,0
217,0
217,0
217,0
217,0
217,1
217,1
217,1
217,0
217,0
217,1
217,0
217,0
217,0
217,1
217,0
217,1
217,0
217,0
217,0
217,2
217,2
217,2
217,2
217,1
217,1
217,1
217,0
217,0
217,0
217,0
217,0
217,0
217,0
217,0
217,0
217,1
217,2
217,2
217,0
217,0
217,0
217,0
217,0
217,0
217,1
217,1
217,1
217,0
217,0
217,0
217,0
217,1
217,2
217,1
217,0
217,0
217,0
217,0
217,1
217,1
217,0
217,0
217,0
217,1
217,2
217,3
217,4
217,3
217,0
217,0
217,0
217,0
217,0
217,1
217,1
217,1
217,1
217,1
217,1
217,0
217,0
217,0
217,1
217,1
217,1
217,2
217,2
217,1
217,0
217,0
217,0
217,0
217,1
217,2
217,2
217,0
217,0
217,0
217,0
217,0
882,0
882,0
882,0
882,0
882,0
882,0
882,0
882,0
882,0
882,0
882,0
882,0
882,0
882,1
882,0
882,0
882,0
882,0
882,1
882,0
882,0
882,0
882,0
882,0
882,2
882,4
882,4
882,7
882,9
882,8
882,14
882,8
882,10
882,12
882,18
882,16
882,17
882,17
882,16
882,20
882,21
882,25
882,28
882,35
882,35
882,42
882,47
882,54
882,60
882,61
882,63
882,60
882,60
882,62
882,63
882,60
882,60
882,54
882,58
882,56
882,57
882,63
882,70
882,74
882,78
882,82
882,76
882,71
882,79
882,80
882,97
882,101
882,103
882,104
882,108
882,116
882,126
882,120
882,141
882,131
882,111
882,121
882,158
882,143
882,110
882,81
882,75
882,86
882,128
882,134
882,120
882,96
882,85
882,102
882,120
882,130
882,136
882,114
882,105
882,99
882,111
882,115
882,133
882,121
882,120
882,129
882,139
882,147
882,136
882,137
882,142
882,146
882,134
882,147
882,148
882,153
882,149
882,145
882,145
882,158
882,150
882,153
882,161
882,162
882,154
882,153
882,155
882,156
882,153
882,148
882,164
882,166
882,170
882,177
882,174
882,165
882,178
882,179
882,187
882,192
882,185
882,186
882,191
882,194
882,196
882,198
882,194
882,200
882,191
882,202
882,208
882,214
882,210
882,206
882,193
882,202
882,208
882,217
882,214
882,211
882,189
882,199
882,211
882,217
882,213
882,204
882,186
882,195
882,195
882,200
882,210
882,207
882,191
882,197
882,196
882,197
882,201
882,210
882,198
882,202
882,197
882,202
882,194
882,210
882,208
882,196
882,195
882,203
882,195
882,218
882,214
882,193
882,193
882,201
882,199
882,214
882,203
882,197
882,198
882,213
882,214
882,223
882,209
882,203
882,200
882,209
882,218
882,222
882,203
882,207
882,205
882,206
882,217
882,218
882,206
882,206
882,204
882,211
882,221
882,218
882,214
882,202
882,200
882,212
882,222
882,219
882,212
882,200
882,208
882,217
882,229
882,222
882,211
882,206
882,224
882,229
882,232
882,224
882,213
882,206
882,225
882,233
882,230
882,220
882,208
882,203
882,227
882,232
882,227
882,215
882,206
882,205
882,234
882,235
882,226
882,219
882,207
882,209
882,230
882,230
882,230
882,210
882,209
882,216
882,224
882,223
882,234
882,204
882,215
882,218
882,220
882,230
882,233
882,204
882,225
882,222
882,232
882,232
882,231
882,214
882,238
882,229
882,242
882,232
882,231
882,220
882,233
882,221
882,244
882,230
882,232
882,227
882,233
882,221
882,238
882,227
882,237
882,233
882,241
882,237
882,241
882,230
882,241
882,234
882,238
882,239
882,237
882,237
882,240
882,235
882,235
882,237
882,244
882,234
882,228
882,211
882,207
882,190
882,170
882,130
882,103
882,58
882,34
882,14
882,18
882,20
882,20
882,12
882,9
882,9
882,9
882,9
882,11
882,15
882,17
882,13
882,8
882,12
882,14
882,21
882,20
882,19
882,9
882,7
882,9
882,7
882,9
882,6
882,15
882,14
882,5
882,3
882,2
882,7
882,18
882,15
882,2
882,7
882,16
882,17
882,8
882,5
882,4
882,2
882,10
882,12
882,18
882,15
882,10
882,15
882,13
882,21
882,15
882,11
882,6
882,4
882,4
882,1
882,1
882,1
882,0
882,0
882,1
882,1
882,1
882,0
882,0
882,0
882,0
882,0
882,0
882,0
882,0
882,0
882,0
882,1
882,2
882,3
882,3
882,3
882,4
882,3
882,4
882,4
882,6
882,8
882,10
882,8
882,8
882,4
882,4
882,3
882,5
882,5
882,8
882,7
882,5
882,5
882,7
882,5
882,0
882,2
882,2
882,1
882,0
882,0
882,4
882,4
882,1
882,1
882,6
882,1
882,0
882,5
882,6
882,1
882,1
882,0
882,0
882,0
882,0
882,0
882,0
882,0
882,0
882,1
882,1
882,1
882,0
882,0
882,1
882,0
882,0
882,0
882,1
882,0
882,1
882,0
882,0
882,0
882,0
882,2
882,3
882,1
882,1
882,1
882,0
882,0
882,0
882,0
882,1
882,1
882,2
882,3
882,2
882,1
882,1
882,0
882,1
882,1
882,0
882,0
882,0
882,1
882,1
882,4
882,4
882,1
882,2
882,3
882,1
882,0
882,3
882,2
882,2
882,2
882,3
882,3
882,2
882,3
1276,0
1276,0
1276,0
1276,0
1276,0
1276,0
1276,0
1276,0
1276,0
1276,0
1276,0
1276,0
1276,0
1276,0
1276,0
1276,0
1276,0
1276,0
1276,4
1276,7
1276,6
1276,6
1276,5
1276,11
1276,13
1276,18
1276,14
1276,17
1276,26
1276,28
1276,26
1276,29
1276,35
1276,33
1276,38
1276,37
1276,40
1276,37
1276,41
1276,46
1276,56
1276,48
1276,44
1276,45
1276,51
1276,49
1276,45
1276,38
1276,36
1276,41
1276,41
1276,38
1276,42
1276,49
1276,54
1276,54
1276,52
1276,54
1276,46
1276,40
1276,34
1276,47
1276,47
1276,53
1276,33
1276,45
1276,34
1276,45
1276,39
1276,46
1276,53
1276,53
1276,49
1276,40
1276,44
1276,38
1276,40
1276,41
1276,49
1276,35
1276,45
1276,25
1276,35
1276,28
1276,41
1276,41
1276,40
1276,27
1276,38
1276,30
1276,38
1276,29
1276,38
1276,40
1276,35
1276,32
1276,28
1276,35
1276,32
1276,34
1276,36
1276,36
1276,23
1276,35
1276,27
1276,39
1276,35
1276,43
1276,45
1276,34
1276,28
1276,34
1276,35
1276,41
1276,39
1276,41
1276,34
1276,25
1276,27
1276,29
1276,43
1276,40
1276,48
1276,42
1276,27
1276,17
1276,22
1276,22
1276,30
1276,20
1276,20
1276,11
1276,5
1276,3
1276,4
1276,2
1276,2
1276,2
1276,2
1276,2
1276,1
1276,0
1276,0
1276,1
1276,1
1276,0
1276,0
1276,0
1276,2
1276,3
1276,4
1276,2
1276,0
1276,2
1276,3
1276,4
1276,2
1276,1
1276,0
1276,0
1276,0
1276,0
1276,0
1276,1
1276,1
1276,2
1276,1
1276,1
1276,0
1276,0
1276,0
1276,0
1276,0
1276,1
1276,1
1276,1
1276,1
1276,2
1276,2
1276,1
1276,1
1276,0
1276,0
1276,2
1276,2
1276,2
1276,0
1276,1
1276,2
1276,1
1276,1
1276,0
1276,0
1276,0
1276,0
1276,0
1276,0
1276,0
1276,0
1276,1
1276,0
1276,0
1276,0
1276,0
1276,0
1276,0
1276,0
1276,0
1276,0
1276,0
1276,1
1276,1
1276,0
1276,0
1276,0
1276,0
1276,0
1276,0
1276,1
1276,2
1276,0
1276,0
1276,0
1276,0
1276,1
1276,1
1276,1
1276,3
1276,3
1276,3
1276,1
1276,0
1276,0
1276,0
1276,0
1276,1
1276,0
1276,0
1276,0
1276,0
1276,0
1276,0
1276,0
1276,0
1276,0
1276,0
1276,0
1276,2
1276,1
1276,0
1276,0
1276,0
1276,0
1276,0
1276,0
1276,1
1276,1
1276,1
1276,1
1276,1
1276,2
1276,1
1276,1
1276,0
1276,0
1276,0
1276,0
1276,0
1276,2
1276,2
1276,1
1276,0
1276,2
1276,2
1276,2
1276,0
1276,0
1276,0
1276,0
1276,0
1276,2
1276,2
1276,2
1276,0
1276,0
1276,0
1276,0
1276,0
1276,0
1276,1
1276,1
1276,1
1276,0
1276,0
1276,1
1276,1
1276,0
1276,0
1276,0
1276,1
1276,1
1276,1
1276,0
1276,1
1276,1
1276,1
1276,0
1276,0
1276,0
1276,0
1276,0
1276,0
1276,0
1276,0
1276,0
1276,1
1276,0
1276,0
1276,0
1276,0
1276,0
1276,0
1276,0
1276,0
1276,0
1276,0
1276,3
1276,5
1276,5
1276,2
1276,0
1276,0
1276,0
1276,0
1276,0
1276,2
1276,2
1276,3
1276,1
1276,1
1276,0
1276,15
1276,15
1276,5
1276,6
1276,6
1276,5
1276,3
1276,1
1276,2
1276,5
1276,12
1276,4
1276,3
1276,0
1276,0
1276,0
1276,1
1276,4
1276,4
1276,3
1276,8
1276,12
1276,4
1276,3
1276,7
1276,6
1276,4
1276,2
1276,8
1276,11
1276,19
1276,22
1276,26
1276,21
1276,25
1276,28
1276,33
1276,30
1276,34
1276,34
1276,30
1276,21
1276,27
1276,33
1276,35
1276,34
1276,35
1276,26
1276,24
1276,29
1276,29
1276,33
1276,21
1276,23
1276,11
1276,10
1276,5
1276,6
1276,7
1276,6
1276,3
1276,2
1276,4
1276,3
1276,8
1276,13
1276,17
1276,22
1276,18
1276,22
1276,16
1276,16
1276,21
1276,15
1276,18
1276,7
1276,11
1276,14
1276,9
1276,6
1276,7
1276,7
1276,14
1276,12
1276,10
1276,14
1276,12
1276,11
1276,14
1276,10
1276,13
1276,12
1276,19
1276,17
1276,13
1276,13
1276,17
1276,22
1276,22
1276,31
1276,34
1276,44
1276,31
1276,29
1276,21
1276,19
1276,18
1276,17
1276,18
1276,10
1276,9
1276,9
1276,12
1276,13
1276,13
1276,15
1276,14
1276,10
1276,10
1276,14
1276,15
1276,10
1276,9
1276,17
1276,18
1276,11
1276,10
1276,15
1276,12
1276,12
1276,12
1276,18
1276,15
1276,17
1276,21
1276,22
1276,17
1276,16
1276,13
1276,14
1276,11
1276,14
1276,13
1276,18
1276,15
1276,20
1276,22
1276,22
1276,21
1276,27
1276,30
1276,24
1276,20
1276,15
1276,14
1276,7
1276,9
1276,9
1276,10
917,0
917,0
917,0
917,0
917,0
917,0
917,0
917,0
917,0
917,0
917,0
917,0
917,2
917,2
917,1
917,3
917,6
917,7
917,6
917,6
917,5
917,4
917,3
917,5
917,5
917,4
917,6
917,6
917,7
917,7
917,5
917,2
917,3
917,3
917,4
917,6
917,9
917,12
917,15
917,13
917,5
917,5
917,7
917,6
917,8
917,5
917,4
917,0
917,0
917,0
917,0
917,0
917,0
917,0
917,0
917,0
917,0
917,0
917,0
917,0
917,0
917,0
917,0
917,0
917,0
917,0
917,0
917,0
917,2
917,2
917,1
917,0
917,0
917,1
917,0
917,1
917,0
917,0
917,0
917,0
917,1
917,1
917,1
917,0
917,7
917,3
917,5
917,6
917,7
917,4
917,1
917,0
917,0
917,0
917,1
917,1
917,1
917,0
917,0
917,1
917,1
917,0
917,0
917,0
917,0
917,0
917,0
917,0
917,0
917,1
917,1
917,0
917,1
917,0
917,0
917,1
917,1
917,1
917,0
917,1
917,0
917,0
917,0
917,0
917,1
917,1
917,0
917,0
917,0
917,0
917,0
917,0
917,0
917,0
917,1
917,1
917,0
917,1
917,1
917,1
917,0
917,0
917,0
917,1
917,0
917,0
917,0
917,0
917,0
917,0
917,0
917,0
917,0
917,0
917,0
917,0
917,0
917,1
917,1
917,1
917,0
917,0
917,1
917,0
917,0
917,0
917,0
917,1
917,1
917,1
917,0
917,1
917,1
917,0
917,0
917,0
917,0
917,0
917,0
917,0
917,0
917,0
917,0
917,0
917,0
917,0
917,1
917,1
917,1
917,0
917,2
917,1
917,0
917,0
917,0
917,1
917,1
917,1
917,0
917,0
917,0
917,0
917,0
917,0
917,0
917,0
917,1
917,0
917,0
917,0
917,0
917,0
917,1
917,1
917,1
917,0
917,0
917,1
917,0
917,0
917,0
917,0
917,0
917,1
917,0
917,0
917,0
917,0
917,0
917,0
917,0
917,0
917,0
917,0
917,0
917,0
917,0
917,0
917,0
917,0
917,0
917,0
917,0
917,0
917,1
917,0
917,0
917,0
917,0
917,0
917,0
917,0
917,0
917,0
917,0
917,0
917,0
917,0
917,0
917,0
917,0
917,0
917,0
917,0
917,0
917,0
917,0
917,0
917,1
917,1
917,1
917,0
917,0
917,0
917,0
917,0
917,0
917,0
917,0
917,0
917,0
917,0
917,0
917,0
917,0
917,0
917,0
917,0
917,0
917,0
917,0
917,0
917,0
917,0
917,0
917,0
917,0
917,0
917,0
917,0
917,0
917,0
917,0
917,0
917,0
917,0
917,0
917,0
917,1
917,2
917,2
917,2
917,2
917,1
917,0
917,0
917,0
917,0
917,3
917,5
917,7
917,8
917,9
917,12
917,12
917,11
917,7
917,5
917,1
917,3
917,6
917,11
917,11
917,9
917,9
917,10
917,10
917,8
917,7
917,5
917,3
917,4
917,3
917,3
917,4
917,5
917,6
917,8
917,8
917,7
917,8
917,5
917,9
917,9
917,10
917,5
917,4
917,10
917,11
917,14
917,11
917,14
917,16
917,16
917,16
917,18
917,18
917,16
917,17
917,12
917,12
917,11
917,10
917,12
917,13
917,15
917,15
917,15
917,16
917,14
917,11
917,8
917,7
917,5
917,6
917,7
917,8
917,7
917,7
917,6
917,6
917,2
917,3
917,3
917,1
917,1
917,2
917,2
917,2
917,1
917,1
917,0
917,2
917,2
917,2
917,0
917,0
917,1
917,1
917,2
917,1
917,1
917,1
917,2
917,0
917,1
917,0
917,1
917,2
917,3
917,2
917,2
917,2
917,1
917,7
917,5
917,4
917,3
917,6
917,4
917,1
917,1
917,3
917,2
917,3
917,3
917,6
917,6
917,7
917,4
917,5
917,6
917,9
917,8
917,8
917,7
917,6
917,8
917,9
917,5
917,8
917,10
917,9
917,10
917,7
917,5
917,4
917,6
917,7
917,5
917,6
917,6
917,9
917,8
917,6
917,9
917,8
917,7
917,9
917,7
917,5
917,7
917,7
917,8
917,10
917,9
917,11
917,8
917,6
917,6
917,6
917,9
917,10
917,12
917,15
917,11
917,12
917,14
917,17
917,16
917,15
917,15
917,17
917,16
917,14
917,18
917,18
917,16
917,14
917,16
855,0
855,0
855,0
855,0
855,0
855,0
855,0
855,0
855,0
855,0
855,0
855,0
855,0
855,0
855,0
855,0
855,0
855,0
855,2
855,2
855,2
855,2
855,3
855,4
855,4
855,3
855,4
855,4
855,3
855,3
855,3
855,5
855,4
855,6
855,6
855,6
855,6
855,6
855,6
855,6
855,6
855,6
855,5
855,7
855,7
855,5
855,2
855,2
855,0
855,0
855,0
855,0
855,1
855,1
855,1
855,0
855,0
855,0
855,2
855,3
855,3
855,1
855,0
855,0
855,0
855,0
855,0
855,0
855,0
855,0
855,0
855,0
855,0
855,0
855,0
855,0
855,0
855,0
855,0
855,0
855,0
855,1
855,1
855,2
855,4
855,4
855,3
855,0
855,1
855,1
855,1
855,0
855,1
855,1
855,1
855,0
855,0
855,0
855,0
855,0
855,0
855,0
855,0
855,0
855,0
855,0
855,0
855,0
855,0
855,0
855,0
855,0
855,0
855,0
855,0
855,0
855,0
855,0
855,0
855,0
855,0
855,0
855,0
855,0
855,0
855,0
855,0
855,0
855,0
855,0
855,0
855,0
855,0
855,0
855,0
855,1
855,1
855,1
855,1
855,0
855,0
855,0
855,0
855,0
855,0
855,0
855,1
855,2
855,2
855,1
855,0
855,0
855,0
855,0
855,0
855,0
855,0
855,0
855,0
855,0
855,0
855,0
855,0
855,0
855,0
855,0
855,0
855,0
855,0
855,0
855,0
855,0
855,0
855,0
855,0
855,0
855,0
855,0
855,0
855,0
855,1
855,1
855,1
855,0
855,0
855,0
855,0
855,0
855,0
855,1
855,1
855,2
855,2
855,3
855,3
855,3
855,2
855,0
855,0
855,0
855,0
855,0
855,0
855,0
855,0
855,0
855,0
855,0
855,0
855,0
855,0
855,0
855,0
855,0
855,0
855,0
855,0
855,0
855,0
855,0
855,0
855,0
855,0
855,0
855,0
855,0
855,0
855,0
855,0
855,0
855,0
855,0
855,0
855,0
855,0
855,0
855,0
855,0
855,0
855,0
855,0
855,0
855,0
855,0
855,0
855,0
855,0
855,0
855,0
855,0
855,0
855,0
855,0
855,0
855,0
855,0
855,0
855,0
855,0
855,1
855,1
855,0
855,0
855,0
855,0
855,0
855,0
855,0
855,0
855,0
855,0
855,0
855,0
855,0
855,0
855,0
855,0
855,0
855,0
855,0
855,0
855,0
855,0
855,0
855,0
855,0
855,0
855,0
855,1
855,1
855,0
855,0
855,0
855,0
855,0
855,0
855,0
855,0
855,0
855,0
855,0
855,0
855,0
855,0
855,0
855,0
855,0
855,0
855,0
855,0
855,0
855,0
855,0
855,0
855,0
855,0
855,0
855,0
855,0
855,0
855,0
855,0
855,0
855,0
855,1
855,1
855,1
855,0
855,2
855,2
855,2
855,0
855,2
855,0
855,0
855,0
855,1
855,1
855,0
855,0
855,0
855,0
855,0
855,0
855,0
855,1
855,0
855,0
855,0
855,0
855,0
855,0
855,0
855,0
855,0
855,0
855,0
855,0
855,0
855,0
855,0
855,0
855,0
855,0
855,0
855,1
855,1
855,0
855,0
855,0
855,0
855,0
855,0
855,0
855,0
855,0
855,0
855,0
855,0
855,0
855,0
855,0
855,0
855,0
855,0
855,0
855,0
855,1
855,1
855,1
855,0
855,0
855,0
855,0
855,2
855,2
855,1
855,0
855,1
855,0
855,0
855,0
855,0
855,0
855,0
855,0
855,0
855,0
855,0
855,0
855,1
855,1
855,2
855,1
855,1
855,0
855,0
855,0
855,0
855,0
855,0
855,0
855,0
855,0
855,0
855,0
855,1
855,0
855,0
855,0
855,0
855,0
855,0
855,0
855,0
855,0
855,0
855,0
855,0
855,0
855,0
855,0
855,0
855,0
855,0
855,0
855,0
855,0
855,0
855,0
855,0
855,0
855,0
855,0
855,0
855,0
855,0
855,0
855,0
855,0
855,0
855,0
855,0
855,0
855,0
855,0
855,0
855,0
855,0
855,0
855,0
855,0
855,0
855,0
855,0
855,0
855,0
855,0
855,0
855,0
855,0
855,0
855,0
855,0
855,0
855,0
855,0
855,0
855,0
855,0
855,0
855,0
855,0
855,0
855,0
855,0
855,0
855,0
855,0
855,0
931,0
931,0
931,0
931,0
931,0
931,0
931,0
931,0
931,0
931,0
931,0
931,0
931,0
931,0
931,5
931,5
931,1
931,3
931,3
931,2
931,2
931,3
931,4
931,2
931,3
931,3
931,3
931,5
931,6
931,6
931,7
931,9
931,8
931,13
931,17
931,21
931,22
931,20
931,22
931,23
931,21
931,26
931,24
931,25
931,28
931,35
931,33
931,35
931,34
931,40
931,39
931,40
931,41
931,42
931,43
931,49
931,45
931,47
931,39
931,40
931,43
931,45
931,43
931,40
931,42
931,48
931,48
931,41
931,38
931,54
931,50
931,52
931,27
931,16
931,21
931,18
931,12
931,14
931,11
931,8
931,2
931,1
931,1
931,1
931,1
931,1
931,2
931,4
931,3
931,0
931,0
931,0
931,0
931,1
931,3
931,5
931,3
931,1
931,0
931,5
931,7
931,9
931,3
931,1
931,1
931,1
931,1
931,1
931,0
931,0
931,0
931,0
931,0
931,0
931,0
931,2
931,2
931,2
931,2
931,3
931,4
931,2
931,3
931,2
931,2
931,1
931,0
931,0
931,2
931,3
931,3
931,1
931,2
931,2
931,2
931,3
931,2
931,2
931,1
931,3
931,3
931,3
931,1
931,2
931,2
931,1
931,1
931,1
931,11
931,11
931,9
931,4
931,3
931,1
931,2
931,2
931,2
931,0
931,0
931,0
931,0
931,1
931,2
931,2
931,0
931,1
931,1
931,3
931,5
931,6
931,2
931,1
931,2
931,4
931,5
931,4
931,5
931,7
931,5
931,0
931,0
931,3
931,6
931,6
931,3
931,2
931,3
931,3
931,0
931,2
931,5
931,5
931,5
931,3
931,2
931,2
931,1
931,2
931,1
931,1
931,0
931,0
931,0
931,0
931,2
931,2
931,2
931,0
931,0
931,0
931,4
931,5
931,5
931,2
931,1
931,0
931,1
931,2
931,2
931,2
931,1
931,0
931,0
931,0
931,1
931,2
931,1
931,1
931,1
931,2
931,2
931,1
931,0
931,0
931,0
931,0
931,0
931,1
931,1
931,1
931,0
931,0
931,0
931,0
931,0
931,0
931,0
931,1
931,1
931,0
931,0
931,0
931,0
931,0
931,0
931,0
931,0
931,0
931,0
931,0
931,2
931,2
931,0
931,0
931,0
931,0
931,0
931,0
931,0
931,1
931,3
931,3
931,3
931,3
931,3
931,0
931,1
931,2
931,2
931,2
931,1
931,3
931,4
931,3
931,1
931,0
931,3
931,4
931,4
931,2
931,1
931,0
931,0
931,1
931,1
931,1
931,1
931,1
931,0
931,0
931,0
931,0
931,1
931,1
931,1
931,0
931,0
931,1
931,2
931,3
931,1
931,1
931,0
931,3
931,3
931,3
931,4
931,4
931,4
931,2
931,3
931,0
931,0
931,0
931,1
931,1
931,0
931,1
931,9
931,11
931,10
931,4
931,2
931,2
931,4
931,8
931,11
931,7
931,7
931,7
931,8
931,4
931,2
931,0
931,0
931,0
931,3
931,11
931,16
931,13
931,4
931,0
931,0
931,8
931,8
931,13
931,3
931,0
931,9
931,22
931,35
931,32
931,28
931,24
931,28
931,16
931,7
931,0
931,2
931,2
931,14
931,13
931,17
931,10
931,8
931,5
931,7
931,7
931,5
931,12
931,16
931,6
931,17
931,18
931,11
931,17
931,20
931,22
931,26
931,21
931,30
931,28
931,39
931,55
931,64
931,66
931,57
931,50
931,60
931,63
931,55
931,56
931,63
931,52
931,41
931,38
931,41
931,30
931,27
931,18
931,11
931,12
931,18
931,12
931,7
931,4
931,8
931,5
931,5
931,4
931,6
931,5
931,7
931,3
931,5
931,6
931,8
931,6
931,5
931,2
931,2
931,3
931,4
931,3
931,5
931,9
931,9
931,7
931,2
931,0
931,0
931,4
931,4
931,0
931,0
931,0
931,1
931,1
931,0
931,0
931,1
931,0
931,0
931,0
931,0
931,2
931,3
931,17
931,16
931,5
931,0
931,0
931,0
931,0
931,0
931,0
931,0
931,2
931,1
931,1
931,0
931,0
931,2
931,2
931,1
931,0
931,1
931,3
931,4
931,3
931,1
931,0
931,0
931,0
931,0
931,1
931,1
931,2
931,2
931,2
931,1
931,2
931,2
931,1
931,1
931,0
931,0
931,0
931,0
931,0
1182,0
1182,0
1182,0
1182,0
1182,0
1182,0
1182,0
1182,0
1182,0
1182,0
1182,0
1182,0
1182,0
1182,0
1182,0
1182,0
1182,0
1182,0
1182,0
1182,0
1182,0
1182,0
1182,0
1182,0
1182,0
1182,0
1182,0
1182,0
1182,0
1182,0
1182,0
1182,0
1182,0
1182,2
1182,2
1182,2
1182,1
1182,2
1182,5
1182,2
1182,2
1182,4
1182,5
1182,3
1182,7
1182,14
1182,17
1182,21
1182,13
1182,23
1182,29
1182,26
1182,13
1182,4
1182,2
1182,1
1182,0
1182,0
1182,1
1182,7
1182,14
1182,14
1182,15
1182,10
1182,8
1182,3
1182,1
1182,3
1182,2
1182,4
1182,2
1182,2
1182,1
1182,1
1182,3
1182,2
1182,3
1182,1
1182,1
1182,2
1182,3
1182,0
1182,1
1182,1
1182,1
1182,0
1182,0
1182,1
1182,0
1182,0
1182,0
1182,1
1182,2
1182,2
1182,1
1182,1
1182,1
1182,1
1182,2
1182,4
1182,4
1182,2
1182,0
1182,0
1182,2
1182,3
1182,4
1182,3
1182,1
1182,1
1182,1
1182,1
1182,1
1182,2
1182,2
1182,1
1182,1
1182,1
1182,9
1182,9
1182,1
1182,1
1182,1
1182,0
1182,0
1182,1
1182,1
1182,0
1182,1
1182,1
1182,1
1182,0
1182,2
1182,4
1182,3
1182,2
1182,0
1182,0
1182,0
1182,0
1182,0
1182,2
1182,2
1182,3
1182,1
1182,1
1182,0
1182,0
1182,0
1182,0
1182,0
1182,2
1182,2
1182,1
1182,0
1182,0
1182,0
1182,1
1182,1
1182,2
1182,2
1182,3
1182,2
1182,1
1182,0
1182,0
1182,0
1182,0
1182,1
1182,0
1182,0
1182,0
1182,0
1182,0
1182,1
1182,1
1182,1
1182,0
1182,2
1182,3
1182,1
1182,1
1182,0
1182,0
1182,0
1182,0
1182,0
1182,0
1182,0
1182,0
1182,0
1182,0
1182,0
1182,0
1182,0
1182,0
1182,0
1182,0
1182,0
1182,0
1182,0
1182,0
1182,0
1182,1
1182,1
1182,1
1182,0
1182,0
1182,0
1182,0
1182,0
1182,1
1182,1
1182,1
1182,0
1182,1
1182,1
1182,2
1182,1
1182,1
1182,2
1182,2
1182,0
1182,0
1182,1
1182,2
1182,1
1182,1
1182,0
1182,0
1182,0
1182,0
1182,0
1182,0
1182,0
1182,0
1182,0
1182,0
1182,0
1182,2
1182,2
1182,2
1182,0
1182,0
1182,0
1182,0
1182,0
1182,0
1182,0
1182,0
1182,0
1182,0
1182,0
1182,0
1182,0
1182,0
1182,0
1182,0
1182,1
1182,1
1182,1
1182,0
1182,1
1182,1
1182,1
1182,4
1182,2
1182,0
1182,0
1182,1
1182,1
1182,1
1182,0
1182,0
1182,0
1182,0
1182,0
1182,0
1182,2
1182,2
1182,2
1182,1
1182,2
1182,1
1182,1
1182,1
1182,1
1182,0
1182,0
1182,0
1182,1
1182,1
1182,2
1182,3
1182,3
1182,3
1182,0
1182,1
1182,1
1182,1
1182,0
1182,0
1182,0
1182,0
1182,0
1182,0
1182,1
1182,2
1182,1
1182,0
1182,0
1182,1
1182,1
1182,1
1182,1
1182,1
1182,1
1182,0
1182,0
1182,0
1182,0
1182,0
1182,0
1182,8
1182,17
1182,17
1182,10
1182,1
1182,1
1182,0
1182,0
1182,0
1182,1
1182,1
1182,6
1182,6
1182,2
1182,0
1182,0
1182,0
1182,11
1182,38
1182,38
1182,24
1182,2
1182,2
1182,0
1182,0
1182,0
1182,0
1182,0
1182,1
1182,1
1182,1
1182,1
1182,1
1182,2
1182,1
1182,1
1182,1
1182,1
1182,0
1182,0
1182,0
1182,0
1182,2
1182,1
1182,1
1182,0
1182,0
1182,0
1182,2
1182,3
1182,2
1182,0
1182,0
1182,0
1182,2
1182,0
1182,0
1182,1
1182,1
1182,2
1182,1
1182,0
1182,2
1182,2
1182,2
1182,1
1182,2
1182,2
1182,2
1182,2
1182,4
1182,4
1182,3
1182,1
1182,0
1182,0
1182,0
1182,0
1182,0
1182,1
1182,3
1182,1
1182,1
1182,0
1182,1
1182,3
1182,3
1182,1
1182,0
1182,0
1182,0
1182,0
1182,0
1182,1
1182,1
1182,2
1182,2
1182,1
1182,2
1182,0
1182,0
1182,0
1182,0
1182,0
1182,0
1182,0
1182,0
1182,0
1182,1
1182,0
1182,3
1182,3
1182,1
1182,1
1182,1
1182,0
1182,0
1182,0
1182,0
1182,0
1182,0
1182,1
1182,0
1182,0
1182,0
1182,0
1182,0
1182,1
1182,0
1182,2
1182,1
1182,1
1182,0
1182,1
1182,1
1182,1
1182,1
1182,1
1182,0
1182,1
1182,0
1182,2
1182,2
1182,2
1182,0
1182,1
1182,0
1182,1
1182,1
1182,1
1182,0
1182,0
1182,0
1182,0
1182,0
1182,1
1182,1
1182,1
1182,1
1182,0
1182,0
1182,0
1182,0
1182,0
1182,0
1182,2
1182,3
1182,3
1182,2
1182,1
1182,2
1182,2
1182,2
1182,0
1182,0
1182,0
1182,0
708,0
708,0
708,0
708,0
708,0
708,0
708,0
708,0
708,0
708,0
708,0
708,0
708,0
708,0
708,0
708,0
708,0
708,0
708,0
708,0
708,0
708,0
708,0
708,0
708,0
708,0
708,1
708,1
708,2
708,2
708,2
708,1
708,0
708,1
708,2
708,4
708,4
708,4
708,4
708,4
708,7
708,9
708,14
708,12
708,10
708,13
708,18
708,18
708,10
708,7
708,8
708,11
708,7
708,7
708,4
708,3
708,3
708,5
708,5
708,3
708,2
708,3
708,1
708,1
708,0
708,0
708,0
708,1
708,1
708,0
708,0
708,0
708,0
708,0
708,2
708,4
708,4
708,3
708,0
708,2
708,1
708,3
708,5
708,4
708,2
708,2
708,2
708,8
708,4
708,4
708,3
708,1
708,1
708,1
708,3
708,2
708,1
708,0
708,0
708,0
708,1
708,3
708,3
708,2
708,0
708,0
708,0
708,0
708,0
708,0
708,2
708,2
708,2
708,0
708,0
708,0
708,4
708,9
708,8
708,4
708,2
708,3
708,1
708,1
708,1
708,1
708,1
708,2
708,1
708,0
708,0
708,0
708,0
708,0
708,0
708,0
708,1
708,2
708,3
708,4
708,2
708,1
708,0
708,0
708,0
708,0
708,0
708,0
708,0
708,0
708,0
708,1
708,1
708,1
708,0
708,1
708,1
708,1
708,1
708,1
708,3
708,4
708,3
708,0
708,1
708,2
708,3
708,3
708,0
708,0
708,0
708,0
708,0
708,0
708,1
708,5
708,3
708,1
708,2
708,1
708,2
708,2
708,2
708,1
708,0
708,0
708,2
708,2
708,1
708,0
708,0
708,1
708,1
708,1
708,2
708,1
708,1
708,1
708,1
708,1
708,0
708,0
708,0
708,0
708,0
708,0
708,0
708,0
708,0
708,0
708,1
708,1
708,0
708,0
708,0
708,1
708,1
708,0
708,1
708,1
708,1
708,1
708,0
708,1
708,1
708,6
708,1
708,2
708,6
708,10
708,10
708,4
708,1
708,1
708,4
708,5
708,5
708,2
708,0
708,1
708,5
708,5
708,5
708,6
708,6
708,1
708,0
708,1
708,2
708,1
708,2
708,1
708,1
708,0
708,0
708,0
708,1
708,2
708,2
708,1
708,2
708,2
708,0
708,0
708,0
708,2
708,1
708,0
708,2
708,2
708,1
708,0
708,1
708,1
708,2
708,5
708,8
708,8
708,5
708,1
708,0
708,1
708,1
708,1
708,2
708,3
708,5
708,4
708,3
708,0
708,0
708,2
708,2
708,0
708,0
708,0
708,0
708,0
708,0
708,0
708,0
708,1
708,1
708,1
708,0
708,2
708,1
708,1
708,1
708,1
708,1
708,1
708,1
708,1
708,0
708,1
708,4
708,4
708,3
708,13
708,19
708,15
708,12
708,4
708,1
708,0
708,7
708,8
708,14
708,9
708,5
708,2
708,3
708,3
708,2
708,15
708,13
708,13
708,0
708,0
708,5
708,8
708,6
708,10
708,4
708,4
708,10
708,19
708,10
708,21
708,15
708,10
708,19
708,35
708,51
708,38
708,27
708,17
708,11
708,9
708,12
708,8
708,16
708,10
708,1
708,0
708,1
708,3
708,3
708,7
708,5
708,4
708,3
708,4
708,2
708,0
708,0
708,0
708,0
708,0
708,0
708,0
708,1
708,0
708,1
708,1
708,0
708,1
708,1
708,0
708,1
708,1
708,1
708,2
708,2
708,2
708,0
708,0
708,0
708,0
708,0
708,1
708,1
708,0
708,0
708,0
708,0
708,0
708,3
708,4
708,8
708,6
708,3
708,0
708,0
708,0
708,0
708,1
708,2
708,1
708,0
708,0
708,0
708,1
708,0
708,0
708,0
708,5
708,9
708,15
708,13
708,4
708,3
708,1
708,0
708,1
708,0
708,0
708,0
708,0
708,0
708,0
708,0
708,0
708,0
708,0
708,0
708,0
708,0
708,0
708,1
708,0
708,0
708,1
708,1
708,2
708,1
708,1
708,0
708,1
708,3
708,1
708,1
708,2
708,4
708,2
708,2
708,1
708,1
708,0
708,1
708,4
708,3
708,3
708,2
708,2
708,4
708,4
708,5
708,5
708,2
708,2
708,1
708,2
708,1
708,2
708,2
708,4
708,4
708,5
708,1
708,0
708,1
708,2
708,1
708,3
708,1
708,1
708,0
708,1
508,0
508,0
508,0
508,0
508,0
508,0
508,0
508,0
508,0
508,0
508,0
508,0
508,0
508,0
508,0
508,0
508,0
508,0
508,0
508,0
508,0
508,0
508,1
508,1
508,1
508,1
508,1
508,2
508,1
508,1
508,0
508,0
508,0
508,0
508,0
508,0
508,0
508,0
508,0
508,0
508,0
508,0
508,0
508,0
508,0
508,0
508,0
508,0
508,0
508,0
508,0
508,0
508,0
508,0
508,0
508,0
508,0
508,0
508,0
508,0
508,0
508,0
508,0
508,0
508,1
508,1
508,0
508,0
508,0
508,0
508,0
508,0
508,0
508,0
508,0
508,0
508,0
508,0
508,0
508,0
508,2
508,3
508,4
508,0
508,0
508,1
508,1
508,1
508,1
508,1
508,0
508,0
508,0
508,0
508,0
508,0
508,0
508,0
508,0
508,0
508,0
508,1
508,1
508,1
508,0
508,0
508,0
508,0
508,0
508,0
508,0
508,0
508,0
508,0
508,0
508,0
508,0
508,0
508,0
508,0
508,0
508,0
508,0
508,0
508,0
508,0
508,0
508,0
508,0
508,0
508,0
508,0
508,0
508,0
508,0
508,0
508,0
508,0
508,0
508,0
508,0
508,0
508,0
508,0
508,2
508,1
508,0
508,0
508,0
508,0
508,0
508,0
508,0
508,0
508,0
508,0
508,0
508,0
508,1
508,1
508,1
508,0
508,0
508,0
508,0
508,0
508,0
508,0
508,0
508,0
508,0
508,0
508,0
508,0
508,0
508,0
508,0
508,0
508,0
508,0
508,0
508,0
508,0
508,0
508,0
508,0
508,0
508,0
508,0
508,0
508,0
508,0
508,0
508,0
508,0
508,0
508,0
508,0
508,0
508,0
508,0
508,0
508,0
508,0
508,0
508,0
508,0
508,0
508,0
508,0
508,0
508,0
508,0
508,0
508,0
508,0
508,0
508,0
508,0
508,0
508,0
508,0
508,0
508,0
508,0
508,0
508,0
508,0
508,0
508,0
508,0
508,0
508,0
508,0
508,0
508,0
508,0
508,0
508,0
508,0
508,0
508,0
508,0
508,0
508,0
508,0
508,0
508,0
508,0
508,0
508,0
508,0
508,0
508,0
508,0
508,0
508,0
508,0
508,1
508,2
508,1
508,0
508,0
508,0
508,0
508,0
508,0
508,0
508,0
508,0
508,0
508,0
508,0
508,0
508,0
508,0
508,0
508,0
508,0
508,0
508,0
508,0
508,0
508,0
508,0
508,0
508,0
508,0
508,0
508,0
508,0
508,0
508,0
508,0
508,0
508,0
508,0
508,0
508,0
508,0
508,0
508,0
508,0
508,0
508,0
508,0
508,0
508,0
508,0
508,0
508,1
508,1
508,0
508,0
508,0
508,0
508,0
508,0
508,0
508,0
508,0
508,0
508,0
508,0
508,0
508,0
508,0
508,0
508,0
508,0
508,0
508,0
508,0
508,0
508,0
508,1
508,0
508,0
508,0
508,0
508,1
508,1
508,1
508,0
508,0
508,0
508,0
508,0
508,0
508,0
508,0
508,0
508,0
508,0
508,0
508,0
508,0
508,0
508,0
508,0
508,0
508,0
508,0
508,0
508,0
508,0
508,0
508,0
508,0
508,0
508,0
508,0
508,0
508,0
508,0
508,0
508,0
508,0
508,0
508,0
508,0
508,0
508,0
508,0
508,0
508,0
508,0
508,0
508,0
508,0
508,0
508,0
508,0
508,0
508,0
508,0
508,0
508,0
508,0
508,0
508,0
508,0
508,0
508,0
508,0
508,0
508,0
508,0
508,0
508,0
508,0
508,0
508,0
508,0
508,0
508,0
508,0
508,0
508,0
508,0
508,0
508,0
508,0
508,0
508,0
508,0
508,0
508,0
508,0
508,0
508,0
508,0
508,0
508,1
508,1
508,1
508,0
508,0
508,0
508,0
508,0
508,0
508,0
508,0
508,0
508,0
508,1
508,1
508,1
508,0
508,0
508,0
508,0
508,0
508,0
508,0
508,0
508,0
508,0
508,0
508,0
508,0
508,1
508,0
508,0
508,0
508,0
508,0
508,0
508,0
508,0
508,0
508,0
508,0
508,0
508,0
508,0
508,0
508,0
508,0
508,0
508,0
508,0
508,0
508,0
508,0
508,0
508,0
508,0
508,0
508,0
508,0
508,0
508,0
508,0
508,0
508,1
508,1
508,1
508,1
834,0
834,0
834,0
834,0
834,0
834,0
834,0
834,0
834,0
834,0
834,0
834,0
834,0
834,0
834,0
834,0
834,0
834,0
834,0
834,0
834,0
834,0
834,0
834,0
834,3
834,6
834,7
834,7
834,6
834,5
834,5
834,7
834,10
834,12
834,10
834,6
834,9
834,6
834,8
834,14
834,21
834,22
834,23
834,27
834,22
834,23
834,27
834,30
834,21
834,22
834,22
834,22
834,24
834,18
834,24
834,21
834,28
834,32
834,37
834,38
834,28
834,20
834,18
834,29
834,37
834,39
834,36
834,37
834,40
834,45
834,42
834,31
834,30
834,17
834,20
834,13
834,7
834,1
834,1
834,5
834,5
834,3
834,4
834,10
834,33
834,60
834,73
834,71
834,51
834,53
834,33
834,35
834,20
834,16
834,6
834,8
834,4
834,2
834,4
834,4
834,2
834,0
834,0
834,1
834,2
834,2
834,2
834,1
834,1
834,1
834,1
834,1
834,2
834,3
834,4
834,6
834,4
834,1
834,1
834,0
834,2
834,4
834,12
834,11
834,11
834,6
834,5
834,5
834,3
834,2
834,2
834,3
834,3
834,2
834,4
834,6
834,5
834,3
834,2
834,1
834,2
834,1
834,1
834,0
834,2
834,1
834,0
834,0
834,1
834,4
834,4
834,3
834,0
834,1
834,1
834,3
834,2
834,2
834,1
834,2
834,2
834,2
834,1
834,1
834,1
834,1
834,1
834,1
834,2
834,5
834,6
834,4
834,3
834,3
834,2
834,1
834,4
834,5
834,6
834,3
834,2
834,3
834,4
834,3
834,4
834,3
834,5
834,4
834,6
834,3
834,3
834,2
834,4
834,7
834,6
834,11
834,7
834,5
834,0
834,0
834,1
834,1
834,1
834,1
834,1
834,0
834,0
834,0
834,0
834,0
834,1
834,1
834,1
834,1
834,1
834,1
834,2
834,6
834,5
834,4
834,6
834,6
834,4
834,3
834,4
834,5
834,3
834,1
834,7
834,6
834,4
834,4
834,3
834,2
834,3
834,4
834,1
834,1
834,2
834,5
834,3
834,0
834,3
834,2
834,2
834,1
834,1
834,0
834,0
834,0
834,0
834,0
834,1
834,0
834,0
834,0
834,0
834,1
834,1
834,4
834,3
834,3
834,0
834,0
834,1
834,3
834,4
834,2
834,3
834,2
834,1
834,1
834,1
834,4
834,3
834,4
834,3
834,4
834,1
834,3
834,2
834,4
834,7
834,4
834,0
834,0
834,1
834,1
834,1
834,1
834,2
834,1
834,0
834,0
834,0
834,0
834,0
834,0
834,0
834,0
834,0
834,0
834,2
834,2
834,1
834,1
834,2
834,6
834,7
834,8
834,4
834,4
834,5
834,11
834,17
834,20
834,25
834,35
834,52
834,72
834,77
834,80
834,61
834,27
834,9
834,12
834,14
834,11
834,5
834,7
834,8
834,21
834,17
834,15
834,8
834,14
834,12
834,13
834,10
834,10
834,10
834,9
834,7
834,6
834,10
834,11
834,9
834,6
834,21
834,40
834,48
834,35
834,23
834,17
834,17
834,15
834,25
834,28
834,27
834,16
834,15
834,20
834,21
834,22
834,22
834,22
834,27
834,24
834,22
834,18
834,26
834,24
834,24
834,14
834,12
834,14
834,15
834,19
834,23
834,18
834,16
834,15
834,19
834,16
834,13
834,8
834,8
834,7
834,9
834,11
834,11
834,10
834,8
834,9
834,5
834,3
834,3
834,2
834,2
834,3
834,3
834,2
834,1
834,1
834,1
834,1
834,1
834,1
834,0
834,1
834,3
834,3
834,3
834,10
834,9
834,8
834,4
834,3
834,6
834,2
834,0
834,1
834,3
834,7
834,16
834,22
834,23
834,26
834,22
834,14
834,13
834,15
834,14
834,14
834,18
834,13
834,13
834,5
834,7
834,9
834,11
834,10
834,8
834,6
834,9
834,12
834,13
834,15
834,14
834,9
834,14
834,11
834,12
834,8
834,11
834,13
834,14
834,14
834,11
834,9
834,7
834,7
834,8
834,10
834,14
834,12
834,11
834,12
834,10
834,13
834,21
834,17
834,16
834,10
834,15
834,17
834,12
834,12
834,15
834,20
834,27
834,26
834,24
834,16
834,16
834,15
834,14
834,18
834,18
834,13
834,20
834,20
834,23
834,17
834,22
834,21
834,21
834,15
834,19
834,23
359,0
359,0
359,0
359,0
359,0
359,0
359,0
359,0
359,0
359,0
359,0
359,0
359,0
359,0
359,0
359,0
359,0
359,0
359,0
359,0
359,0
359,0
359,0
359,0
359,0
359,0
359,0
359,0
359,0
359,0
359,0
359,0
359,0
359,0
359,0
359,0
359,0
359,0
359,1
359,3
359,2
359,0
359,0
359,0
359,0
359,1
359,1
359,2
359,1
359,1
359,0
359,0
359,0
359,0
359,0
359,0
359,0
359,0
359,0
359,0
359,0
359,1
359,1
359,1
359,1
359,1
359,1
359,0
359,0
359,0
359,0
359,0
359,0
359,0
359,0
359,0
359,0
359,0
359,0
359,0
359,0
359,0
359,0
359,0
359,0
359,0
359,0
359,0
359,3
359,4
359,4
359,1
359,0
359,0
359,0
359,0
359,0
359,0
359,0
359,0
359,0
359,0
359,2
359,3
359,3
359,1
359,0
359,0
359,0
359,0
359,1
359,1
359,0
359,0
359,0
359,0
359,0
359,0
359,0
359,1
359,1
359,1
359,0
359,0
359,0
359,0
359,0
359,0
359,0
359,0
359,0
359,0
359,0
359,0
359,0
359,3
359,3
359,1
359,0
359,0
359,0
359,0
359,0
359,0
359,0
359,0
359,0
359,0
359,0
359,0
359,0
359,0
359,0
359,0
359,0
359,0
359,0
359,0
359,0
359,0
359,0
359,0
359,0
359,0
359,0
359,0
359,0
359,0
359,0
359,0
359,0
359,0
359,0
359,0
359,0
359,0
359,0
359,0
359,0
359,0
359,0
359,0
359,0
359,0
359,0
359,1
359,0
359,0
359,0
359,0
359,0
359,0
359,0
359,0
359,0
359,0
359,0
359,0
359,0
359,0
359,0
359,0
359,0
359,0
359,0
359,0
359,0
359,0
359,0
359,0
359,0
359,0
359,0
359,0
359,0
359,0
359,0
359,0
359,0
359,0
359,0
359,0
359,0
359,0
359,0
359,0
359,0
359,0
359,0
359,0
359,0
359,0
359,0
359,2
359,1
359,0
359,0
359,1
359,1
359,1
359,0
359,0
359,0
359,0
359,0
359,0
359,0
359,0
359,0
359,0
359,0
359,0
359,0
359,0
359,0
359,0
359,1
359,1
359,1
359,0
359,0
359,0
359,0
359,0
359,0
359,0
359,0
359,0
359,0
359,0
359,0
359,0
359,0
359,0
359,0
359,0
359,0
359,0
359,0
359,0
359,0
359,0
359,0
359,0
359,0
359,0
359,0
359,0
359,0
359,0
359,0
359,0
359,0
359,1
359,1
359,1
359,0
359,0
359,0
359,0
359,0
359,0
359,0
359,0
359,0
359,0
359,0
359,0
359,0
359,0
359,0
359,0
359,0
359,0
359,0
359,0
359,0
359,0
359,0
359,0
359,0
359,0
359,0
359,0
359,0
359,0
359,1
359,1
359,1
359,0
359,0
359,0
359,0
359,0
359,0
359,3
359,3
359,3
359,14
359,15
359,15
359,3
359,2
359,2
359,0
359,0
359,0
359,0
359,0
359,0
359,0
359,0
359,0
359,1
359,1
359,2
359,0
359,0
359,0
359,0
359,1
359,1
359,1
359,1
359,2
359,1
359,2
359,1
359,1
359,0
359,0
359,0
359,0
359,1
359,2
359,2
359,1
359,0
359,0
359,1
359,1
359,2
359,1
359,1
359,1
359,1
359,1
359,0
359,1
359,1
359,2
359,3
359,4
359,5
359,4
359,2
359,0
359,0
359,0
359,0
359,0
359,1
359,0
359,0
359,1
359,2
359,1
359,0
359,0
359,0
359,0
359,1
359,1
359,2
359,1
359,0
359,1
359,1
359,1
359,3
359,1
359,1
359,3
359,3
359,2
359,2
359,1
359,1
359,3
359,3
359,6
359,5
359,4
359,1
359,0
359,1
359,2
359,3
359,2
359,1
359,0
359,0
359,1
359,2
359,1
359,1
359,0
359,0
359,0
359,0
359,0
359,1
359,1
359,1
359,1
359,1
359,0
359,0
359,0
359,1
359,1
359,1
359,1
359,2
359,3
359,2
359,3
359,4
359,4
359,4
359,3
359,3
359,3
359,2
359,1
359,2
359,2
359,2
359,1
359,2
359,3
359,2
359,0
359,1
359,2
359,2
359,2
359,1
359,2
359,3
359,6
359,5
359,5
359,2
359,3
359,3
359,4
359,2
359,4
359,3
1435,0
1435,0
1435,0
1435,0
1435,0
1435,0
1435,0
1435,0
1435,0
1435,0
1435,0
1435,0
1435,0
1435,0
1435,0
1435,0
1435,0
1435,0
1435,0
1435,0
1435,0
1435,0
1435,0
1435,0
1435,0
1435,0
1435,0
1435,0
1435,0
1435,0
1435,0
1435,0
1435,0
1435,0
1435,0
1435,0
1435,0
1435,0
1435,0
1435,0
1435,0
1435,0
1435,4
1435,4
1435,4
1435,0
1435,0
1435,0
1435,0
1435,0
1435,0
1435,0
1435,0
1435,0
1435,0
1435,0
1435,0
1435,0
1435,0
1435,0
1435,0
1435,0
1435,0
1435,0
1435,0
1435,0
1435,1
1435,1
1435,0
1435,0
1435,0
1435,0
1435,0
1435,0
1435,0
1435,0
1435,0
1435,0
1435,0
1435,0
1435,0
1435,0
1435,0
1435,0
1435,0
1435,0
1435,0
1435,0
1435,0
1435,0
1435,0
1435,0
1435,0
1435,0
1435,0
1435,0
1435,0
1435,0
1435,0
1435,0
1435,0
1435,0
1435,0
1435,0
1435,0
1435,0
1435,0
1435,0
1435,0
1435,0
1435,0
1435,0
1435,0
1435,0
1435,0
1435,0
1435,0
1435,0
1435,0
1435,2
1435,3
1435,3
1435,0
1435,0
1435,0
1435,0
1435,0
1435,0
1435,0
1435,0
1435,0
1435,0
1435,0
1435,0
1435,0
1435,0
1435,1
1435,1
1435,0
1435,0
1435,0
1435,0
1435,0
1435,0
1435,0
1435,0
1435,1
1435,1
1435,1
1435,0
1435,0
1435,0
1435,0
1435,0
1435,0
1435,0
1435,0
1435,0
1435,0
1435,0
1435,0
1435,0
1435,0
1435,0
1435,0
1435,1
1435,1
1435,0
1435,1
1435,2
1435,1
1435,1
1435,0
1435,0
1435,0
1435,0
1435,0
1435,0
1435,0
1435,0
1435,0
1435,0
1435,0
1435,0
1435,0
1435,0
1435,0
1435,0
1435,0
1435,0
1435,0
1435,0
1435,0
1435,0
1435,0
1435,0
1435,0
1435,0
1435,0
1435,0
1435,0
1435,0
1435,0
1435,1
1435,1
1435,0
1435,0
1435,0
1435,0
1435,0
1435,0
1435,0
1435,0
1435,2
1435,2
1435,2
1435,1
1435,1
1435,2
1435,1
1435,1
1435,0
1435,0
1435,1
1435,1
1435,2
1435,1
1435,1
1435,0
1435,0
1435,0
1435,0
1435,0
1435,0
1435,0
1435,0
1435,0
1435,0
1435,0
1435,0
1435,0
1435,0
1435,0
1435,0
1435,0
1435,0
1435,0
1435,0
1435,0
1435,0
1435,0
1435,0
1435,0
1435,0
1435,0
1435,0
1435,0
1435,0
1435,0
1435,0
1435,1
1435,1
1435,1
1435,1
1435,0
1435,0
1435,0
1435,0
1435,0
1435,0
1435,0
1435,0
1435,0
1435,0
1435,0
1435,0
1435,0
1435,0
1435,0
1435,0
1435,0
1435,0
1435,0
1435,0
1435,1
1435,1
1435,1
1435,0
1435,0
1435,0
1435,0
1435,0
1435,0
1435,0
1435,0
1435,0
1435,0
1435,0
1435,0
1435,0
1435,0
1435,0
1435,0
1435,0
1435,0
1435,0
1435,0
1435,0
1435,0
1435,0
1435,0
1435,0
1435,0
1435,0
1435,0
1435,0
1435,0
1435,0
1435,0
1435,0
1435,0
1435,0
1435,0
1435,0
1435,0
1435,0
1435,0
1435,0
1435,0
1435,0
1435,0
1435,0
1435,1
1435,1
1435,0
1435,0
1435,0
1435,0
1435,0
1435,0
1435,0
1435,0
1435,0
1435,0
1435,4
1435,5
1435,6
1435,2
1435,1
1435,0
1435,0
1435,0
1435,0
1435,0
1435,0
1435,0
1435,0
1435,0
1435,1
1435,0
1435,0
1435,0
1435,0
1435,0
1435,0
1435,0
1435,0
1435,1
1435,1
1435,1
1435,0
1435,0
1435,0
1435,0
1435,0
1435,0
1435,0
1435,0
1435,0
1435,1
1435,1
1435,1
1435,1
1435,2
1435,1
1435,1
1435,1
1435,2
1435,3
1435,2
1435,1
1435,1
1435,2
1435,3
1435,1
1435,0
1435,0
1435,0
1435,0
1435,0
1435,0
1435,0
1435,0
1435,0
1435,1
1435,2
1435,1
1435,1
1435,0
1435,0
1435,0
1435,0
1435,1
1435,1
1435,1
1435,0
1435,0
1435,0
1435,0
1435,2
1435,3
1435,3
1435,3
1435,3
1435,3
1435,1
1435,1
1435,3
1435,3
1435,2
1435,1
1435,0
1435,0
1435,0
1435,0
1435,0
1435,0
1435,0
1435,0
1435,0
1435,0
1435,1
1435,2
1435,1
1435,1
1435,3
1435,5
1435,4
1435,2
1435,0
1435,0
1435,0
1435,0
1435,0
1435,0
1435,0
1435,0
1435,0
1435,0
1435,0
1435,1
1435,2
1435,1
1435,1
1435,3
1435,5
1435,5
1435,2
1435,1
1435,1
1435,0
1435,1
1435,2
1435,3
1435,2
1435,1
1435,0
1435,1
1435,2
1435,3
1435,2
1435,1
1435,0
1435,0
1435,0
1435,1
1435,2
1435,3
1435,3
1435,2
1435,3
1435,2
1435,4
1435,4
1435,3
1435,1
1435,1
1435,1
1435,1
1435,1
885,0
885,0
885,0
885,0
885,0
885,0
885,0
885,0
885,0
885,0
885,0
885,0
885,0
885,0
885,0
885,0
885,0
885,1
885,1
885,0
885,0
885,1
885,2
885,3
885,4
885,6
885,3
885,5
885,3
885,7
885,12
885,12
885,14
885,17
885,16
885,16
885,19
885,17
885,17
885,17
885,19
885,20
885,24
885,26
885,26
885,30
885,27
885,29
885,32
885,33
885,35
885,41
885,43
885,47
885,46
885,46
885,47
885,47
885,48
885,49
885,49
885,50
885,52
885,54
885,56
885,59
885,66
885,77
885,82
885,85
885,87
885,89
885,94
885,96
885,97
885,102
885,93
885,80
885,76
885,91
885,94
885,91
885,80
885,78
885,84
885,102
885,97
885,70
885,58
885,60
885,70
885,90
885,95
885,81
885,77
885,67
885,81
885,94
885,107
885,118
885,109
885,105
885,112
885,112
885,113
885,120
885,113
885,117
885,117
885,112
885,132
885,137
885,133
885,139
885,139
885,137
885,142
885,137
885,135
885,137
885,137
885,133
885,132
885,139
885,141
885,143
885,146
885,154
885,159
885,165
885,172
885,171
885,158
885,171
885,174
885,179
885,177
885,175
885,173
885,181
885,184
885,197
885,198
885,191
885,194
885,187
885,197
885,204
885,208
885,202
885,200
885,194
885,203
885,210
885,220
885,217
885,211
885,190
885,200
885,210
885,218
885,215
885,209
885,186
885,197
885,193
885,202
885,209
885,202
885,185
885,197
885,197
885,201
885,208
885,200
885,191
885,198
885,196
885,201
885,198
885,210
885,206
885,200
885,189
885,203
885,192
885,211
885,211
885,193
885,195
885,200
885,193
885,212
885,202
885,187
885,195
885,207
885,201
885,222
885,205
885,201
885,201
885,212
885,216
885,223
885,206
885,206
885,202
885,207
885,219
885,218
885,203
885,210
885,204
885,212
885,222
885,216
885,206
885,201
885,202
885,211
885,220
885,215
885,213
885,202
885,206
885,217
885,222
885,214
885,207
885,199
885,206
885,221
885,230
885,223
885,213
885,206
885,222
885,228
885,229
885,220
885,210
885,205
885,227
885,227
885,227
885,216
885,206
885,208
885,233
885,235
885,228
885,217
885,204
885,204
885,229
885,230
885,229
885,212
885,208
885,210
885,221
885,228
885,230
885,208
885,211
885,216
885,217
885,229
885,232
885,205
885,221
885,221
885,224
885,225
885,222
885,207
885,230
885,222
885,239
885,230
885,236
885,221
885,235
885,227
885,236
885,222
885,227
885,220
885,234
885,219
885,239
885,224
885,232
885,227
885,238
885,226
885,238
885,226
885,234
885,234
885,233
885,231
885,238
885,228
885,237
885,231
885,224
885,230
885,232
885,229
885,231
885,223
885,222
885,215
885,211
885,195
885,168
885,128
885,97
885,50
885,22
885,13
885,23
885,26
885,22
885,12
885,10
885,11
885,12
885,8
885,15
885,16
885,15
885,11
885,11
885,10
885,10
885,10
885,9
885,17
885,18
885,18
885,10
885,10
885,8
885,7
885,8
885,8
885,8
885,15
885,12
885,12
885,4
885,3
885,1
885,0
885,4
885,7
885,5
885,3
885,3
885,1
885,3
885,1
885,3
885,2
885,0
885,1
885,0
885,1
885,1
885,1
885,1
885,2
885,3
885,3
885,3
885,1
885,0
885,0
885,0
885,0
885,0
885,0
885,0
885,0
885,0
885,0
885,0
885,0
885,1
885,0
885,2
885,7
885,11
885,11
885,13
885,18
885,20
885,28
885,31
885,34
885,35
885,36
885,27
885,18
885,9
885,9
885,9
885,9
885,8
885,9
885,8
885,7
885,7
885,6
885,5
885,6
885,7
885,4
885,4
885,3
885,3
885,4
885,5
885,4
885,5
885,9
885,8
885,9
885,6
885,3
885,2
885,2
885,1
885,0
885,6
885,6
885,4
885,0
885,0
885,0
885,0
885,0
885,0
885,0
885,0
885,0
885,0
885,0
885,1
885,0
885,1
885,0
885,0
885,1
885,2
885,0
885,0
885,0
885,0
885,0
885,1
885,1
885,1
885,2
885,2
885,0
885,1
885,1
885,1
885,1
885,1
885,2
885,2
885,2
885,0
885,0
885,0
885,0
885,0
885,0
885,0
885,0
885,0
885,0
885,0
885,3
885,3
885,0
885,0
885,1
885,2
885,1
885,1
885,0
885,1
885,1
885,1
659,0
659,0
659,0
659,0
659,0
659,0
659,0
659,0
659,0
659,0
659,0
659,0
659,0
659,0
659,0
659,0
659,0
659,0
659,0
659,0
659,0
659,0
659,0
659,0
659,0
659,0
659,0
659,0
659,2
659,4
659,0
659,1
659,1
659,1
659,1
659,4
659,5
659,4
659,2
659,3
659,1
659,0
659,3
659,3
659,3
659,3
659,3
659,0
659,0
659,0
659,0
659,2
659,2
659,2
659,0
659,0
659,0
659,0
659,0
659,0
659,0
659,0
659,0
659,0
659,0
659,0
659,0
659,0
659,0
659,0
659,0
659,0
659,1
659,1
659,1
659,1
659,1
659,1
659,0
659,1
659,2
659,2
659,1
659,2
659,2
659,1
659,0
659,1
659,3
659,3
659,2
659,0
659,0
659,1
659,1
659,0
659,0
659,0
659,0
659,1
659,8
659,5
659,1
659,0
659,0
659,0
659,0
659,0
659,0
659,0
659,0
659,0
659,0
659,0
659,0
659,0
659,0
659,1
659,2
659,2
659,0
659,1
659,2
659,2
659,2
659,1
659,1
659,1
659,2
659,1
659,1
659,4
659,2
659,0
659,0
659,1
659,1
659,0
659,0
659,0
659,0
659,1
659,1
659,1
659,0
659,1
659,1
659,0
659,0
659,1
659,1
659,0
659,0
659,1
659,1
659,1
659,0
659,0
659,0
659,2
659,2
659,2
659,0
659,0
659,0
659,0
659,0
659,1
659,2
659,1
659,0
659,0
659,0
659,1
659,1
659,2
659,1
659,1
659,1
659,1
659,1
659,1
659,2
659,2
659,0
659,2
659,1
659,2
659,1
659,0
659,1
659,3
659,4
659,2
659,0
659,0
659,0
659,1
659,1
659,0
659,0
659,0
659,0
659,0
659,0
659,0
659,0
659,0
659,0
659,0
659,1
659,1
659,1
659,0
659,0
659,0
659,0
659,0
659,0
659,0
659,1
659,2
659,2
659,1
659,0
659,0
659,0
659,1
659,1
659,0
659,1
659,0
659,1
659,1
659,2
659,2
659,1
659,2
659,5
659,3
659,3
659,1
659,0
659,1
659,1
659,1
659,0
659,5
659,1
659,1
659,0
659,0
659,0
659,0
659,0
659,0
659,0
659,0
659,0
659,0
659,0
659,0
659,0
659,0
659,0
659,0
659,0
659,0
659,0
659,0
659,2
659,1
659,1
659,2
659,2
659,1
659,0
659,0
659,0
659,0
659,1
659,1
659,1
659,0
659,2
659,2
659,4
659,2
659,2
659,0
659,0
659,0
659,1
659,1
659,2
659,1
659,0
659,0
659,0
659,0
659,1
659,1
659,1
659,0
659,0
659,0
659,0
659,0
659,0
659,0
659,0
659,0
659,5
659,1
659,3
659,2
659,0
659,0
659,0
659,2
659,4
659,2
659,2
659,0
659,5
659,10
659,10
659,12
659,11
659,14
659,6
659,3
659,3
659,0
659,1
659,1
659,1
659,0
659,0
659,1
659,1
659,1
659,0
659,0
659,7
659,15
659,9
659,7
659,6
659,8
659,3
659,2
659,0
659,1
659,1
659,0
659,0
659,0
659,2
659,4
659,4
659,2
659,2
659,2
659,0
659,0
659,0
659,0
659,1
659,2
659,1
659,3
659,4
659,2
659,2
659,1
659,2
659,3
659,2
659,1
659,2
659,0
659,0
659,1
659,1
659,1
659,0
659,0
659,0
659,0
659,0
659,0
659,0
659,0
659,0
659,0
659,0
659,0
659,0
659,0
659,0
659,0
659,0
659,0
659,0
659,1
659,1
659,1
659,0
659,1
659,1
659,2
659,3
659,2
659,0
659,0
659,0
659,0
659,2
659,3
659,4
659,2
659,1
659,2
659,4
659,3
659,3
659,3
659,3
659,4
659,1
659,1
659,0
659,0
659,0
659,0
659,1
659,1
659,0
659,0
659,0
659,0
659,0
659,0
659,1
659,2
659,2
659,0
659,0
659,0
659,0
659,0
659,0
659,0
659,0
659,1
659,1
659,1
659,0
659,1
659,0
659,1
659,1
659,4
659,2
659,1
659,2
659,3
659,3
659,5
659,1
659,0
659,1
659,2
659,3
659,1
659,1
659,0
659,4
659,3
659,1
659,1
659,1
659,0
659,0
659,0
659,0
659,0
659,1
659,2
659,3
659,3
659,3
659,3
659,3
659,2
659,0
659,0
659,2
659,2
1091,0
1091,0
1091,0
1091,0
1091,0
1091,0
1091,0
1091,0
1091,0
1091,0
1091,0
1091,0
1091,0
1091,0
1091,0
1091,0
1091,0
1091,0
1091,0
1091,0
1091,0
1091,0
1091,0
1091,0
1091,0
1091,1
1091,0
1091,0
1091,0
1091,0
1091,0
1091,0
1091,1
1091,1
1091,2
1091,2
1091,2
1091,0
1091,1
1091,3
1091,4
1091,4
1091,4
1091,9
1091,6
1091,5
1091,2
1091,2
1091,2
1091,2
1091,1
1091,0
1091,0
1091,0
1091,0
1091,0
1091,0
1091,0
1091,0
1091,0
1091,0
1091,0
1091,0
1091,0
1091,1
1091,1
1091,1
1091,0
1091,0
1091,0
1091,0
1091,2
1091,2
1091,2
1091,1
1091,1
1091,0
1091,0
1091,1
1091,1
1091,0
1091,0
1091,1
1091,1
1091,1
1091,0
1091,0
1091,0
1091,0
1091,0
1091,1
1091,7
1091,8
1091,6
1091,0
1091,1
1091,1
1091,2
1091,2
1091,2
1091,2
1091,1
1091,0
1091,0
1091,1
1091,1
1091,0
1091,0
1091,0
1091,0
1091,1
1091,1
1091,0
1091,0
1091,0
1091,0
1091,0
1091,0
1091,0
1091,2
1091,3
1091,4
1091,2
1091,3
1091,2
1091,2
1091,2
1091,1
1091,2
1091,2
1091,2
1091,1
1091,0
1091,0
1091,1
1091,0
1091,0
1091,1
1091,1
1091,2
1091,1
1091,1
1091,0
1091,0
1091,0
1091,0
1091,1
1091,0
1091,0
1091,1
1091,1
1091,0
1091,0
1091,0
1091,1
1091,1
1091,0
1091,0
1091,1
1091,1
1091,0
1091,1
1091,1
1091,1
1091,0
1091,0
1091,0
1091,0
1091,0
1091,0
1091,0
1091,0
1091,0
1091,0
1091,0
1091,0
1091,1
1091,1
1091,0
1091,0
1091,0
1091,0
1091,0
1091,0
1091,0
1091,0
1091,0
1091,0
1091,0
1091,0
1091,1
1091,1
1091,2
1091,1
1091,0
1091,0
1091,0
1091,0
1091,0
1091,0
1091,0
1091,0
1091,0
1091,1
1091,0
1091,0
1091,0
1091,0
1091,0
1091,0
1091,1
1091,0
1091,1
1091,0
1091,1
1091,1
1091,1
1091,0
1091,0
1091,0
1091,0
1091,0
1091,0
1091,1
1091,1
1091,2
1091,2
1091,1
1091,1
1091,0
1091,0
1091,0
1091,0
1091,0
1091,0
1091,0
1091,0
1091,0
1091,0
1091,2
1091,4
1091,4
1091,4
1091,1
1091,0
1091,0
1091,0
1091,0
1091,0
1091,0
1091,0
1091,0
1091,0
1091,0
1091,0
1091,0
1091,0
1091,0
1091,0
1091,0
1091,0
1091,0
1091,0
1091,0
1091,0
1091,0
1091,0
1091,1
1091,1
1091,1
1091,0
1091,0
1091,0
1091,1
1091,1
1091,1
1091,1
1091,1
1091,1
1091,0
1091,0
1091,0
1091,0
1091,1
1091,1
1091,2
1091,3
1091,3
1091,3
1091,1
1091,1
1091,0
1091,1
1091,1
1091,1
1091,0
1091,0
1091,0
1091,0
1091,1
1091,1
1091,1
1091,0
1091,1
1091,1
1091,1
1091,0
1091,0
1091,0
1091,2
1091,2
1091,2
1091,0
1091,0
1091,0
1091,0
1091,0
1091,0
1091,1
1091,1
1091,1
1091,1
1091,2
1091,2
1091,3
1091,2
1091,2
1091,2
1091,0
1091,0
1091,0
1091,0
1091,1
1091,6
1091,8
1091,8
1091,3
1091,0
1091,2
1091,1
1091,0
1091,0
1091,0
1091,1
1091,1
1091,2
1091,5
1091,9
1091,10
1091,5
1091,2
1091,3
1091,2
1091,2
1091,3
1091,3
1091,0
1091,1
1091,0
1091,1
1091,1
1091,0
1091,0
1091,0
1091,1
1091,1
1091,1
1091,0
1091,0
1091,0
1091,0
1091,0
1091,0
1091,0
1091,0
1091,0
1091,0
1091,0
1091,0
1091,0
1091,1
1091,2
1091,0
1091,0
1091,0
1091,0
1091,1
1091,1
1091,0
1091,1
1091,3
1091,2
1091,1
1091,0
1091,0
1091,0
1091,0
1091,0
1091,2
1091,2
1091,2
1091,0
1091,0
1091,1
1091,1
1091,1
1091,0
1091,0
1091,1
1091,2
1091,2
1091,1
1091,1
1091,0
1091,0
1091,0
1091,0
1091,0
1091,0
1091,0
1091,4
1091,4
1091,3
1091,1
1091,2
1091,1
1091,3
1091,4
1091,2
1091,1
1091,0
1091,0
1091,1
1091,2
1091,2
1091,1
1091,0
1091,0
1091,1
1091,1
1091,0
1091,0
1091,0
1091,0
1091,0
1091,0
1091,0
1091,0
1091,0
1091,0
1091,0
1091,0
1091,0
1091,0
1091,0
1091,1
1091,0
1091,0
1091,0
1091,0
1091,0
1091,0
1091,1
1091,1
1091,1
1091,1
1091,2
1091,1
1091,1
1091,1
1091,2
1091,1
1091,0
1091,1
1091,1
1091,0
1091,0
1091,0
1091,2
1091,1
1091,0
1091,0
1091,0
1091,0
1091,1
1091,2
1091,3
1091,1
1091,3
1091,4
1091,4
1091,3
1091,2
1091,5
1091,6
1091,3
1091,0
1091,0
1091,0
1091,0
1398,0
1398,0
1398,0
1398,0
1398,0
1398,0
1398,0
1398,0
1398,0
1398,0
1398,0
1398,0
1398,0
1398,0
1398,0
1398,0
1398,0
1398,0
1398,0
1398,0
1398,0
1398,0
1398,0
1398,0
1398,0
1398,0
1398,3
1398,0
1398,0
1398,1
1398,0
1398,0
1398,0
1398,1
1398,0
1398,0
1398,0
1398,1
1398,4
1398,4
1398,5
1398,1
1398,1
1398,0
1398,0
1398,0
1398,0
1398,0
1398,0
1398,0
1398,0
1398,0
1398,0
1398,0
1398,0
1398,0
1398,0
1398,0
1398,2
1398,2
1398,3
1398,1
1398,5
1398,4
1398,4
1398,0
1398,0
1398,0
1398,0
1398,0
1398,0
1398,0
1398,0
1398,0
1398,0
1398,0
1398,0
1398,1
1398,2
1398,1
1398,1
1398,0
1398,0
1398,0
1398,2
1398,3
1398,3
1398,1
1398,0
1398,1
1398,1
1398,1
1398,1
1398,1
1398,0
1398,0
1398,0
1398,0
1398,0
1398,0
1398,0
1398,0
1398,0
1398,0
1398,0
1398,1
1398,3
1398,4
1398,3
1398,2
1398,1
1398,1
1398,2
1398,1
1398,1
1398,0
1398,0
1398,2
1398,2
1398,2
1398,0
1398,0
1398,0
1398,0
1398,0
1398,2
1398,2
1398,2
1398,1
1398,2
1398,0
1398,0
1398,0
1398,0
1398,0
1398,0
1398,0
1398,0
1398,0
1398,0
1398,1
1398,1
1398,1
1398,0
1398,0
1398,0
1398,0
1398,0
1398,0
1398,0
1398,2
1398,2
1398,2
1398,0
1398,0
1398,0
1398,0
1398,0
1398,0
1398,0
1398,0
1398,0
1398,0
1398,0
1398,0
1398,2
1398,2
1398,2
1398,0
1398,0
1398,0
1398,0
1398,0
1398,0
1398,0
1398,0
1398,0
1398,0
1398,1
1398,1
1398,0
1398,0
1398,0
1398,1
1398,1
1398,1
1398,0
1398,0
1398,0
1398,0
1398,0
1398,0
1398,0
1398,1
1398,1
1398,1
1398,0
1398,0
1398,0
1398,0
1398,1
1398,1
1398,1
1398,0
1398,1
1398,1
1398,0
1398,0
1398,0
1398,0
1398,0
1398,0
1398,0
1398,0
1398,0
1398,0
1398,0
1398,0
1398,1
1398,2
1398,2
1398,0
1398,0
1398,1
1398,0
1398,0
1398,0
1398,0
1398,0
1398,1
1398,2
1398,2
1398,0
1398,1
1398,0
1398,0
1398,0
1398,0
1398,0
1398,0
1398,0
1398,0
1398,0
1398,0
1398,0
1398,0
1398,0
1398,0
1398,0
1398,0
1398,0
1398,0
1398,0
1398,0
1398,0
1398,0
1398,0
1398,0
1398,0
1398,0
1398,0
1398,0
1398,0
1398,0
1398,1
1398,22
1398,22
1398,21
1398,0
1398,0
1398,0
1398,0
1398,0
1398,0
1398,0
1398,0
1398,0
1398,0
1398,0
1398,0
1398,0
1398,0
1398,0
1398,0
1398,0
1398,0
1398,0
1398,0
1398,0
1398,0
1398,0
1398,0
1398,0
1398,0
1398,0
1398,0
1398,0
1398,0
1398,0
1398,0
1398,1
1398,1
1398,1
1398,0
1398,0
1398,0
1398,0
1398,0
1398,0
1398,0
1398,0
1398,0
1398,0
1398,0
1398,0
1398,0
1398,0
1398,0
1398,0
1398,0
1398,0
1398,0
1398,0
1398,0
1398,0
1398,0
1398,0
1398,0
1398,2
1398,6
1398,6
1398,5
1398,0
1398,0
1398,0
1398,1
1398,1
1398,1
1398,0
1398,0
1398,0
1398,0
1398,0
1398,1
1398,0
1398,1
1398,1
1398,1
1398,1
1398,12
1398,12
1398,11
1398,0
1398,0
1398,0
1398,0
1398,0
1398,0
1398,0
1398,0
1398,1
1398,1
1398,9
1398,8
1398,8
1398,0
1398,0
1398,0
1398,1
1398,1
1398,1
1398,0
1398,0
1398,0
1398,0
1398,0
1398,0
1398,0
1398,0
1398,0
1398,2
1398,2
1398,2
1398,1
1398,2
1398,2
1398,2
1398,2
1398,4
1398,4
1398,3
1398,2
1398,2
1398,3
1398,2
1398,1
1398,1
1398,2
1398,2
1398,0
1398,0
1398,0
1398,0
1398,0
1398,0
1398,0
1398,0
1398,0
1398,1
1398,2
1398,2
1398,1
1398,0
1398,0
1398,0
1398,0
1398,0
1398,1
1398,1
1398,2
1398,2
1398,3
1398,3
1398,5
1398,5
1398,5
1398,2
1398,2
1398,4
1398,5
1398,3
1398,0
1398,0
1398,0
1398,0
1398,1
1398,1
1398,0
1398,0
1398,0
1398,1
1398,1
1398,2
1398,1
1398,3
1398,2
1398,3
1398,2
1398,1
1398,1
1398,2
1398,2
1398,1
1398,0
1398,0
1398,0
1398,0
1398,0
1398,0
1398,0
1398,0
1398,1
1398,1
1398,1
1398,2
1398,3
1398,5
1398,3
1398,2
1398,5
1398,6
1398,6
1398,4
1398,2
1398,1
1398,1
1398,1
1398,1
1398,2
1398,3
1398,3
1398,2
1398,3
1398,3
1398,2
1398,0
1398,0
1398,0
1398,0
1398,1
1398,3
1398,4
1398,5
1398,6
1398,6
1398,6
1398,4
1398,4
1398,4
1398,2
1102,0
1102,0
1102,0
1102,0
1102,0
1102,0
1102,0
1102,0
1102,0
1102,0
1102,0
1102,0
1102,0
1102,0
1102,0
1102,0
1102,1
1102,0
1102,1
1102,1
1102,2
1102,4
1102,4
1102,2
1102,1
1102,3
1102,3
1102,4
1102,4
1102,4
1102,4
1102,5
1102,6
1102,8
1102,8
1102,13
1102,16
1102,17
1102,16
1102,11
1102,10
1102,15
1102,22
1102,27
1102,32
1102,35
1102,32
1102,26
1102,31
1102,30
1102,30
1102,30
1102,26
1102,30
1102,30
1102,30
1102,28
1102,30
1102,31
1102,31
1102,28
1102,29
1102,27
1102,25
1102,21
1102,16
1102,17
1102,14
1102,17
1102,12
1102,7
1102,4
1102,4
1102,1
1102,1
1102,2
1102,6
1102,10
1102,15
1102,13
1102,13
1102,14
1102,17
1102,15
1102,12
1102,10
1102,11
1102,10
1102,9
1102,10
1102,13
1102,14
1102,11
1102,12
1102,12
1102,10
1102,9
1102,9
1102,11
1102,14
1102,14
1102,18
1102,18
1102,16
1102,12
1102,10
1102,9
1102,10
1102,7
1102,11
1102,9
1102,11
1102,12
1102,12
1102,14
1102,13
1102,14
1102,12
1102,8
1102,10
1102,11
1102,6
1102,4
1102,4
1102,9
1102,12
1102,11
1102,10
1102,11
1102,11
1102,8
1102,9
1102,9
1102,7
1102,8
1102,7
1102,4
1102,4
1102,2
1102,3
1102,2
1102,3
1102,3
1102,3
1102,1
1102,2
1102,2
1102,1
1102,2
1102,8
1102,7
1102,9
1102,7
1102,9
1102,5
1102,5
1102,1
1102,0
1102,0
1102,0
1102,0
1102,0
1102,0
1102,0
1102,0
1102,1
1102,1
1102,1
1102,0
1102,1
1102,1
1102,1
1102,2
1102,2
1102,2
1102,1
1102,0
1102,0
1102,0
1102,0
1102,0
1102,0
1102,0
1102,1
1102,0
1102,0
1102,0
1102,0
1102,0
1102,0
1102,0
1102,0
1102,0
1102,0
1102,0
1102,0
1102,1
1102,3
1102,3
1102,1
1102,1
1102,1
1102,1
1102,0
1102,0
1102,0
1102,0
1102,0
1102,0
1102,0
1102,0
1102,0
1102,0
1102,0
1102,0
1102,1
1102,1
1102,2
1102,1
1102,1
1102,0
1102,0
1102,0
1102,0
1102,0
1102,1
1102,3
1102,3
1102,3
1102,1
1102,1
1102,1
1102,1
1102,1
1102,1
1102,2
1102,0
1102,0
1102,0
1102,0
1102,1
1102,2
1102,2
1102,1
1102,0
1102,0
1102,0
1102,0
1102,0
1102,0
1102,0
1102,0
1102,1
1102,1
1102,1
1102,1
1102,0
1102,0
1102,0
1102,0
1102,0
1102,0
1102,0
1102,3
1102,3
1102,0
1102,0
1102,0
1102,0
1102,0
1102,0
1102,0
1102,1
1102,10
1102,10
1102,10
1102,4
1102,3
1102,2
1102,0
1102,0
1102,0
1102,1
1102,1
1102,1
1102,1
1102,1
1102,0
1102,0
1102,0
1102,0
1102,0
1102,0
1102,1
1102,1
1102,0
1102,1
1102,1
1102,1
1102,0
1102,0
1102,0
1102,0
1102,0
1102,0
1102,0
1102,0
1102,0
1102,0
1102,0
1102,1
1102,1
1102,1
1102,0
1102,0
1102,0
1102,2
1102,9
1102,13
1102,11
1102,4
1102,1
1102,14
1102,14
1102,16
1102,4
1102,3
1102,9
1102,9
1102,10
1102,3
1102,1
1102,0
1102,0
1102,0
1102,1
1102,2
1102,3
1102,3
1102,3
1102,2
1102,3
1102,1
1102,0
1102,1
1102,1
1102,2
1102,4
1102,4
1102,3
1102,0
1102,0
1102,0
1102,0
1102,0
1102,0
1102,0
1102,0
1102,0
1102,0
1102,8
1102,6
1102,7
1102,1
1102,1
1102,1
1102,1
1102,0
1102,0
1102,2
1102,1
1102,0
1102,1
1102,1
1102,3
1102,2
1102,1
1102,0
1102,0
1102,0
1102,1
1102,1
1102,2
1102,1
1102,2
1102,3
1102,4
1102,4
1102,2
1102,1
1102,1
1102,6
1102,6
1102,5
1102,1
1102,1
1102,0
1102,0
1102,0
1102,0
1102,0
1102,0
1102,0
1102,0
1102,0
1102,0
1102,5
1102,4
1102,4
1102,0
1102,0
1102,1
1102,1
1102,1
1102,1
1102,1
1102,1
1102,0
1102,0
1102,0
1102,0
1102,2
1102,2
1102,1
1102,1
1102,3
1102,4
1102,3
1102,4
1102,2
1102,3
1102,1
1102,1
1102,0
1102,0
1102,0
1102,0
1102,0
1102,1
1102,0
1102,3
1102,3
1102,3
1102,0
1102,0
1102,0
1102,0
1102,0
1102,0
1102,0
1102,0
1102,1
1102,1
1102,0
1102,0
1102,0
1102,1
1102,1
1102,0
1102,1
1102,0
1102,2
1102,1
1102,1
1102,3
1102,5
1102,5
1102,5
1102,3
1102,2
1102,1
1102,2
1102,1
1102,1
1102,3
1102,2
1102,2
1102,0
1102,1
1102,3
1102,3
1102,3
1102,3
1102,3
1102,0
1102,0
1102,0
1102,0
1102,0
1102,0
1102,0
1102,1
1102,2
1102,4
1102,4
1102,3
1102,1
1102,0
1102,0
1102,0
566,0
566,1
566,0
566,0
566,0
566,0
566,0
566,0
566,0
566,0
566,0
566,0
566,0
566,0
566,0
566,0
566,0
566,0
566,0
566,0
566,0
566,0
566,0
566,0
566,0
566,0
566,0
566,0
566,0
566,0
566,0
566,0
566,0
566,1
566,1
566,2
566,1
566,1
566,3
566,4
566,2
566,0
566,0
566,0
566,0
566,0
566,0
566,0
566,0
566,0
566,0
566,0
566,0
566,0
566,0
566,0
566,0
566,0
566,0
566,0
566,0
566,0
566,0
566,0
566,0
566,0
566,0
566,0
566,0
566,0
566,0
566,0
566,0
566,0
566,0
566,0
566,0
566,0
566,0
566,0
566,0
566,0
566,0
566,0
566,0
566,0
566,0
566,0
566,0
566,0
566,0
566,0
566,0
566,0
566,0
566,0
566,0
566,0
566,0
566,0
566,0
566,0
566,0
566,0
566,0
566,1
566,1
566,1
566,0
566,0
566,0
566,0
566,0
566,0
566,0
566,0
566,0
566,0
566,0
566,1
566,1
566,1
566,0
566,0
566,0
566,0
566,0
566,0
566,0
566,0
566,0
566,0
566,0
566,0
566,0
566,0
566,1
566,1
566,0
566,0
566,0
566,0
566,0
566,0
566,0
566,0
566,0
566,0
566,0
566,0
566,0
566,0
566,0
566,0
566,0
566,0
566,0
566,0
566,0
566,0
566,0
566,0
566,0
566,0
566,0
566,0
566,0
566,1
566,1
566,1
566,0
566,0
566,0
566,0
566,0
566,0
566,0
566,0
566,0
566,0
566,0
566,0
566,0
566,0
566,0
566,0
566,0
566,0
566,0
566,0
566,0
566,0
566,0
566,0
566,0
566,0
566,0
566,2
566,2
566,2
566,0
566,1
566,1
566,1
566,0
566,0
566,0
566,0
566,0
566,0
566,0
566,0
566,0
566,0
566,0
566,0
566,0
566,0
566,0
566,0
566,0
566,0
566,0
566,0
566,0
566,0
566,0
566,0
566,0
566,0
566,0
566,0
566,0
566,0
566,0
566,0
566,0
566,0
566,0
566,0
566,0
566,0
566,0
566,0
566,0
566,0
566,0
566,0
566,0
566,1
566,1
566,1
566,0
566,0
566,0
566,0
566,0
566,0
566,0
566,0
566,0
566,0
566,0
566,0
566,0
566,0
566,0
566,0
566,0
566,0
566,0
566,0
566,0
566,0
566,0
566,0
566,0
566,0
566,0
566,0
566,0
566,0
566,0
566,0
566,0
566,0
566,0
566,0
566,0
566,0
566,0
566,0
566,0
566,0
566,0
566,0
566,0
566,0
566,0
566,0
566,0
566,0
566,0
566,0
566,0
566,0
566,0
566,0
566,0
566,0
566,0
566,0
566,0
566,0
566,0
566,0
566,0
566,1
566,1
566,1
566,0
566,0
566,0
566,0
566,0
566,0
566,0
566,0
566,4
566,15
566,15
566,12
566,2
566,1
566,0
566,0
566,1
566,1
566,1
566,0
566,0
566,0
566,0
566,0
566,0
566,0
566,0
566,0
566,0
566,0
566,0
566,0
566,0
566,0
566,0
566,0
566,0
566,0
566,0
566,0
566,0
566,0
566,0
566,0
566,1
566,2
566,3
566,2
566,0
566,0
566,0
566,0
566,0
566,0
566,1
566,2
566,3
566,2
566,1
566,0
566,0
566,0
566,0
566,1
566,1
566,2
566,1
566,1
566,1
566,1
566,2
566,2
566,1
566,2
566,1
566,3
566,2
566,3
566,1
566,0
566,0
566,1
566,1
566,3
566,2
566,2
566,0
566,0
566,0
566,1
566,1
566,1
566,0
566,1
566,1
566,2
566,1
566,1
566,0
566,2
566,1
566,3
566,3
566,1
566,3
566,6
566,7
566,3
566,3
566,2
566,3
566,3
566,2
566,1
566,0
566,0
566,1
566,0
566,0
566,0
566,0
566,0
566,0
566,0
566,1
566,3
566,1
566,1
566,0
566,0
566,0
566,1
566,2
566,2
566,1
566,0
566,1
566,0
566,1
566,2
566,2
566,1
566,0
566,1
566,3
566,5
566,4
566,3
566,1
566,0
566,2
566,3
566,4
566,3
566,3
566,2
566,0
566,1
566,2
566,1
566,2
566,2
566,2
566,2
566,2
566,3
566,2
566,2
566,2
566,2
566,2
566,4
566,6
566,5
566,3
566,3
566,3
566,2
566,2
566,2
849,0
849,0
849,0
849,0
849,0
849,0
849,0
849,0
849,0
849,0
849,0
849,0
849,0
849,0
849,0
849,0
849,1
849,3
849,5
849,4
849,1
849,2
849,5
849,6
849,6
849,10
849,12
849,6
849,4
849,3
849,6
849,11
849,15
849,13
849,10
849,7
849,9
849,15
849,17
849,22
849,24
849,23
849,26
849,31
849,31
849,35
849,32
849,33
849,34
849,35
849,32
849,34
849,34
849,37
849,38
849,39
849,32
849,32
849,32
849,32
849,36
849,38
849,31
849,28
849,28
849,29
849,29
849,26
849,24
849,27
849,24
849,17
849,10
849,23
849,23
849,25
849,8
849,8
849,2
849,1
849,1
849,0
849,0
849,0
849,0
849,0
849,1
849,1
849,2
849,3
849,3
849,2
849,0
849,0
849,1
849,0
849,0
849,0
849,0
849,0
849,0
849,0
849,0
849,1
849,1
849,1
849,0
849,0
849,0
849,0
849,0
849,0
849,0
849,0
849,0
849,0
849,0
849,0
849,3
849,2
849,1
849,0
849,0
849,2
849,2
849,1
849,0
849,0
849,0
849,0
849,0
849,0
849,1
849,1
849,1
849,1
849,2
849,1
849,1
849,0
849,0
849,0
849,0
849,2
849,4
849,2
849,1
849,0
849,0
849,0
849,0
849,0
849,0
849,0
849,0
849,0
849,1
849,1
849,1
849,0
849,0
849,0
849,0
849,0
849,0
849,0
849,0
849,0
849,0
849,0
849,0
849,0
849,0
849,1
849,0
849,0
849,1
849,1
849,1
849,0
849,0
849,0
849,0
849,0
849,0
849,0
849,0
849,0
849,0
849,0
849,0
849,0
849,0
849,0
849,0
849,0
849,0
849,0
849,0
849,0
849,0
849,0
849,0
849,1
849,1
849,2
849,3
849,4
849,2
849,0
849,0
849,0
849,0
849,0
849,0
849,0
849,0
849,1
849,1
849,1
849,0
849,0
849,0
849,0
849,0
849,0
849,1
849,1
849,2
849,2
849,1
849,1
849,0
849,0
849,0
849,0
849,0
849,0
849,0
849,0
849,0
849,0
849,0
849,0
849,0
849,0
849,0
849,0
849,0
849,0
849,0
849,0
849,0
849,0
849,0
849,0
849,0
849,0
849,1
849,1
849,1
849,0
849,0
849,1
849,1
849,1
849,0
849,0
849,0
849,0
849,0
849,0
849,0
849,0
849,0
849,0
849,0
849,0
849,0
849,0
849,1
849,1
849,1
849,3
849,2
849,0
849,2
849,2
849,0
849,0
849,0
849,0
849,0
849,1
849,0
849,0
849,0
849,0
849,1
849,1
849,1
849,0
849,0
849,0
849,0
849,0
849,0
849,0
849,0
849,0
849,0
849,0
849,0
849,0
849,0
849,1
849,1
849,2
849,1
849,4
849,6
849,8
849,4
849,0
849,2
849,8
849,7
849,6
849,1
849,0
849,0
849,1
849,2
849,2
849,1
849,1
849,0
849,1
849,0
849,0
849,0
849,0
849,0
849,0
849,0
849,2
849,4
849,5
849,5
849,2
849,1
849,2
849,1
849,1
849,0
849,7
849,7
849,7
849,0
849,6
849,7
849,7
849,6
849,13
849,18
849,24
849,21
849,12
849,10
849,10
849,16
849,14
849,8
849,6
849,10
849,10
849,10
849,4
849,14
849,16
849,17
849,16
849,17
849,19
849,25
849,25
849,44
849,45
849,44
849,36
849,46
849,55
849,52
849,54
849,48
849,34
849,41
849,51
849,58
849,53
849,39
849,38
849,37
849,32
849,20
849,20
849,23
849,32
849,26
849,16
849,9
849,7
849,4
849,5
849,4
849,6
849,10
849,10
849,10
849,4
849,12
849,11
849,17
849,6
849,5
849,0
849,1
849,1
849,1
849,4
849,6
849,7
849,5
849,3
849,3
849,3
849,2
849,1
849,0
849,1
849,1
849,0
849,3
849,5
849,5
849,2
849,0
849,0
849,0
849,8
849,0
849,1
849,1
849,0
849,0
849,0
849,0
849,0
849,0
849,2
849,8
849,10
849,4
849,1
849,7
849,6
849,3
849,0
849,0
849,2
849,2
849,0
849,0
849,0
849,0
849,5
849,6
849,3
849,1
849,0
849,0
849,3
849,3
849,3
849,0
849,0
849,2
849,3
849,3
849,3
849,2
849,3
849,2
849,2
849,1
849,4
849,1
849,1
849,0
849,0
1296,0
1296,0
1296,0
1296,0
1296,0
1296,0
1296,0
1296,0
1296,0
1296,0
1296,0
1296,0
1296,0
1296,0
1296,0
1296,0
1296,0
1296,0
1296,0
1296,0
1296,0
1296,0
1296,0
1296,0
1296,0
1296,0
1296,0
1296,0
1296,0
1296,0
1296,0
1296,0
1296,0
1296,0
1296,0
1296,0
1296,0
1296,0
1296,0
1296,0
1296,2
1296,1
1296,3
1296,2
1296,0
1296,0
1296,0
1296,0
1296,0
1296,0
1296,0
1296,0
1296,0
1296,0
1296,0
1296,0
1296,0
1296,0
1296,0
1296,0
1296,0
1296,0
1296,0
1296,0
1296,0
1296,0
1296,0
1296,0
1296,0
1296,0
1296,0
1296,0
1296,0
1296,0
1296,0
1296,0
1296,0
1296,0
1296,0
1296,0
1296,0
1296,0
1296,0
1296,0
1296,0
1296,0
1296,0
1296,0
1296,0
1296,0
1296,0
1296,0
1296,0
1296,0
1296,0
1296,0
1296,0
1296,0
1296,0
1296,0
1296,0
1296,0
1296,0
1296,0
1296,0
1296,0
1296,0
1296,0
1296,0
1296,0
1296,0
1296,0
1296,0
1296,0
1296,0
1296,0
1296,0
1296,0
1296,0
1296,0
1296,0
1296,0
1296,0
1296,0
1296,0
1296,0
1296,0
1296,0
1296,0
1296,0
1296,0
1296,0
1296,0
1296,0
1296,0
1296,0
1296,0
1296,0
1296,0
1296,1
1296,1
1296,1
1296,0
1296,0
1296,0
1296,0
1296,0
1296,0
1296,0
1296,0
1296,0
1296,0
1296,0
1296,0
1296,0
1296,0
1296,0
1296,0
1296,0
1296,0
1296,0
1296,0
1296,0
1296,0
1296,0
1296,0
1296,0
1296,0
1296,0
1296,0
1296,0
1296,0
1296,0
1296,0
1296,0
1296,0
1296,0
1296,0
1296,0
1296,0
1296,0
1296,0
1296,0
1296,0
1296,0
1296,0
1296,0
1296,0
1296,0
1296,0
1296,0
1296,0
1296,0
1296,0
1296,0
1296,0
1296,0
1296,0
1296,0
1296,0
1296,0
1296,0
1296,0
1296,0
1296,0
1296,0
1296,0
1296,0
1296,0
1296,0
1296,0
1296,0
1296,0
1296,0
1296,0
1296,0
1296,0
1296,0
1296,0
1296,0
1296,0
1296,0
1296,0
1296,0
1296,0
1296,0
1296,0
1296,0
1296,0
1296,0
1296,0
1296,0
1296,0
1296,0
1296,0
1296,0
1296,0
1296,0
1296,0
1296,0
1296,0
1296,0
1296,0
1296,0
1296,0
1296,0
1296,0
1296,0
1296,0
1296,0
1296,0
1296,0
1296,0
1296,0
1296,0
1296,0
1296,0
1296,0
1296,0
1296,0
1296,0
1296,0
1296,0
1296,0
1296,0
1296,0
1296,0
1296,0
1296,0
1296,0
1296,0
1296,0
1296,0
1296,0
1296,0
1296,0
1296,0
1296,0
1296,0
1296,0
1296,0
1296,0
1296,0
1296,0
1296,0
1296,0
1296,0
1296,0
1296,0
1296,0
1296,0
1296,0
1296,0
1296,0
1296,0
1296,0
1296,0
1296,0
1296,0
1296,0
1296,0
1296,0
1296,0
1296,0
1296,0
1296,0
1296,0
1296,0
1296,0
1296,0
1296,0
1296,0
1296,0
1296,0
1296,0
1296,0
1296,0
1296,0
1296,0
1296,0
1296,0
1296,0
1296,0
1296,0
1296,0
1296,0
1296,0
1296,0
1296,0
1296,0
1296,0
1296,0
1296,0
1296,0
1296,0
1296,0
1296,0
1296,0
1296,0
1296,1
1296,1
1296,1
1296,0
1296,0
1296,0
1296,0
1296,0
1296,0
1296,0
1296,0
1296,0
1296,0
1296,0
1296,0
1296,1
1296,1
1296,2
1296,1
1296,1
1296,0
1296,0
1296,0
1296,0
1296,0
1296,0
1296,0
1296,0
1296,0
1296,0
1296,0
1296,0
1296,1
1296,1
1296,0
1296,0
1296,0
1296,0
1296,0
1296,0
1296,0
1296,0
1296,0
1296,0
1296,0
1296,0
1296,0
1296,0
1296,0
1296,1
1296,0
1296,0
1296,0
1296,0
1296,0
1296,0
1296,0
1296,0
1296,0
1296,0
1296,0
1296,0
1296,0
1296,0
1296,0
1296,0
1296,0
1296,0
1296,0
1296,0
1296,0
1296,0
1296,0
1296,0
1296,0
1296,0
1296,0
1296,0
1296,0
1296,0
1296,0
1296,0
1296,1
1296,2
1296,2
1296,1
1296,0
1296,0
1296,0
1296,0
1296,0
1296,0
1296,0
1296,0
1296,0
1296,0
1296,0
1296,0
1296,0
1296,0
1296,0
1296,0
1296,0
1296,0
1296,0
1296,0
1296,0
1296,0
1296,0
1296,0
1296,0
1296,0
1296,0
1296,0
1296,0
1296,0
1296,0
1296,0
1296,0
1296,0
1296,0
1296,0
1296,0
1296,0
1296,0
1296,0
1296,0
1296,0
1296,0
1296,0
1296,0
1296,0
1296,0
1296,0
1296,0
1296,0
1296,0
1296,0
1296,0
1296,0
1296,0
1296,0
1296,0
1296,0
1296,0
1296,0
1296,0
1296,0
1296,0
1296,0
1296,0
1296,0
1296,0
1296,0
1296,2
1296,1
1296,0
1296,0
1296,0
1296,0
1296,0
196,0
196,0
196,0
196,0
196,0
196,0
196,0
196,0
196,0
196,0
196,0
196,0
196,0
196,0
196,0
196,0
196,0
196,0
196,0
196,0
196,0
196,0
196,0
196,0
196,0
196,0
196,0
196,0
196,0
196,0
196,0
196,0
196,0
196,0
196,0
196,0
196,0
196,0
196,0
196,0
196,0
196,0
196,0
196,0
196,0
196,0
196,0
196,0
196,0
196,0
196,0
196,0
196,0
196,0
196,0
196,0
196,0
196,0
196,0
196,0
196,0
196,0
196,0
196,0
196,0
196,0
196,0
196,0
196,0
196,0
196,0
196,0
196,0
196,0
196,0
196,0
196,0
196,0
196,0
196,0
196,0
196,0
196,0
196,0
196,0
196,0
196,0
196,0
196,0
196,0
196,0
196,0
196,0
196,0
196,0
196,0
196,0
196,0
196,0
196,0
196,0
196,0
196,0
196,0
196,0
196,0
196,0
196,0
196,0
196,0
196,0
196,0
196,0
196,0
196,0
196,0
196,0
196,0
196,0
196,0
196,0
196,0
196,0
196,0
196,0
196,0
196,0
196,0
196,0
196,0
196,0
196,0
196,0
196,0
196,0
196,0
196,0
196,0
196,0
196,0
196,0
196,0
196,0
196,0
196,0
196,0
196,0
196,0
196,0
196,0
196,0
196,0
196,0
196,0
196,0
196,0
196,0
196,0
196,0
196,0
196,0
196,0
196,0
196,0
196,0
196,0
196,0
196,0
196,0
196,0
196,0
196,0
196,0
196,0
196,0
196,0
196,0
196,0
196,0
196,0
196,0
196,0
196,0
196,0
196,0
196,0
196,0
196,0
196,0
196,0
196,0
196,0
196,0
196,0
196,0
196,0
196,0
196,0
196,0
196,0
196,0
196,0
196,0
196,0
196,0
196,0
196,0
196,0
196,0
196,0
196,0
196,0
196,0
196,0
196,0
196,0
196,0
196,0
196,0
196,0
196,0
196,0
196,0
196,0
196,0
196,0
196,0
196,0
196,0
196,0
196,0
196,0
196,0
196,0
196,0
196,0
196,0
196,0
196,0
196,0
196,0
196,0
196,0
196,0
196,0
196,0
196,0
196,0
196,0
196,0
196,0
196,0
196,0
196,0
196,0
196,0
196,0
196,0
196,0
196,0
196,0
196,0
196,0
196,0
196,0
196,0
196,0
196,0
196,0
196,0
196,0
196,0
196,0
196,0
196,0
196,0
196,0
196,0
196,0
196,0
196,0
196,0
196,0
196,0
196,0
196,0
196,0
196,0
196,0
196,0
196,0
196,0
196,0
196,0
196,0
196,0
196,0
196,0
196,0
196,0
196,0
196,0
196,0
196,0
196,0
196,0
196,0
196,0
196,0
196,0
196,0
196,0
196,0
196,0
196,0
196,0
196,0
196,0
196,0
196,0
196,0
196,0
196,0
196,0
196,0
196,0
196,0
196,0
196,0
196,0
196,0
196,0
196,0
196,0
196,0
196,0
196,0
196,0
196,0
196,0
196,0
196,0
196,0
196,0
196,0
196,0
196,0
196,0
196,0
196,0
196,0
196,0
196,0
196,0
196,0
196,0
196,0
196,0
196,0
196,0
196,0
196,0
196,0
196,0
196,0
196,0
196,1
196,2
196,1
196,0
196,0
196,0
196,0
196,0
196,0
196,0
196,0
196,0
196,0
196,0
196,0
196,0
196,0
196,0
196,0
196,1
196,2
196,1
196,0
196,0
196,0
196,0
196,0
196,0
196,0
196,0
196,0
196,0
196,0
196,0
196,0
196,0
196,0
196,0
196,0
196,0
196,0
196,0
196,0
196,0
196,0
196,0
196,0
196,0
196,0
196,0
196,0
196,1
196,2
196,2
196,1
196,1
196,2
196,2
196,2
196,1
196,0
196,0
196,0
196,0
196,0
196,0
196,0
196,0
196,0
196,0
196,0
196,0
196,0
196,0
196,0
196,0
196,0
196,0
196,0
196,0
196,0
196,0
196,0
196,0
196,1
196,1
196,0
196,0
196,0
196,0
196,0
196,0
196,0
196,0
196,0
196,1
196,2
196,2
196,2
196,2
196,1
196,0
196,1
196,1
196,0
196,1
196,1
196,1
196,0
196,0
196,1
196,2
196,1
196,0
196,0
196,0
196,0
196,1
196,2
196,1
196,0
196,1
196,2
196,2
196,3
196,2
196,3
196,2
196,1
196,0
196,0
196,0
196,0
196,1
1106,0
1106,0
1106,0
1106,0
1106,0
1106,0
1106,0
1106,0
1106,0
1106,0
1106,0
1106,0
1106,0
1106,0
1106,0
1106,0
1106,0
1106,0
1106,1
1106,2
1106,3
1106,6
1106,7
1106,10
1106,11
1106,10
1106,13
1106,11
1106,11
1106,10
1106,8
1106,14
1106,17
1106,17
1106,16
1106,15
1106,18
1106,15
1106,15
1106,16
1106,22
1106,18
1106,16
1106,12
1106,9
1106,11
1106,14
1106,16
1106,15
1106,16
1106,14
1106,14
1106,13
1106,14
1106,11
1106,10
1106,8
1106,13
1106,16
1106,17
1106,13
1106,16
1106,17
1106,14
1106,3
1106,3
1106,4
1106,5
1106,3
1106,2
1106,1
1106,0
1106,1
1106,1
1106,0
1106,1
1106,2
1106,2
1106,1
1106,1
1106,2
1106,1
1106,0
1106,1
1106,2
1106,2
1106,1
1106,1
1106,1
1106,1
1106,2
1106,1
1106,1
1106,0
1106,0
1106,0
1106,0
1106,0
1106,0
1106,0
1106,0
1106,1
1106,1
1106,1
1106,6
1106,6
1106,4
1106,1
1106,1
1106,0
1106,0
1106,2
1106,2
1106,1
1106,0
1106,0
1106,0
1106,0
1106,0
1106,0
1106,0
1106,0
1106,0
1106,0
1106,1
1106,1
1106,1
1106,0
1106,0
1106,0
1106,0
1106,0
1106,1
1106,2
1106,3
1106,2
1106,0
1106,1
1106,1
1106,1
1106,0
1106,0
1106,0
1106,0
1106,2
1106,3
1106,3
1106,1
1106,0
1106,0
1106,0
1106,0
1106,0
1106,0
1106,0
1106,0
1106,0
1106,0
1106,1
1106,1
1106,1
1106,1
1106,1
1106,1
1106,0
1106,0
1106,0
1106,0
1106,1
1106,2
1106,1
1106,0
1106,0
1106,0
1106,0
1106,0
1106,0
1106,0
1106,0
1106,0
1106,0
1106,0
1106,0
1106,0
1106,0
1106,0
1106,0
1106,0
1106,0
1106,0
1106,0
1106,0
1106,0
1106,0
1106,0
1106,0
1106,0
1106,0
1106,0
1106,0
1106,1
1106,1
1106,1
1106,0
1106,0
1106,0
1106,0
1106,0
1106,0
1106,0
1106,0
1106,0
1106,0
1106,0
1106,0
1106,0
1106,0
1106,0
1106,0
1106,0
1106,0
1106,2
1106,1
1106,1
1106,0
1106,0
1106,0
1106,1
1106,1
1106,1
1106,0
1106,0
1106,0
1106,0
1106,0
1106,0
1106,1
1106,1
1106,1
1106,0
1106,0
1106,0
1106,1
1106,1
1106,1
1106,0
1106,2
1106,0
1106,0
1106,0
1106,0
1106,0
1106,0
1106,0
1106,0
1106,0
1106,0
1106,0
1106,0
1106,0
1106,1
1106,0
1106,0
1106,0
1106,0
1106,0
1106,1
1106,0
1106,1
1106,1
1106,0
1106,0
1106,0
1106,1
1106,1
1106,1
1106,0
1106,0
1106,0
1106,0
1106,0
1106,0
1106,0
1106,0
1106,0
1106,0
1106,1
1106,2
1106,2
1106,1
1106,0
1106,0
1106,0
1106,0
1106,0
1106,0
1106,0
1106,0
1106,0
1106,0
1106,0
1106,0
1106,0
1106,0
1106,0
1106,0
1106,0
1106,0
1106,0
1106,0
1106,0
1106,0
1106,0
1106,0
1106,0
1106,0
1106,0
1106,0
1106,0
1106,0
1106,0
1106,1
1106,2
1106,4
1106,4
1106,3
1106,1
1106,1
1106,1
1106,0
1106,0
1106,0
1106,1
1106,0
1106,1
1106,3
1106,3
1106,1
1106,0
1106,0
1106,2
1106,2
1106,0
1106,0
1106,1
1106,1
1106,2
1106,1
1106,1
1106,0
1106,0
1106,0
1106,0
1106,1
1106,1
1106,1
1106,1
1106,0
1106,0
1106,0
1106,0
1106,0
1106,1
1106,1
1106,1
1106,1
1106,1
1106,1
1106,1
1106,1
1106,0
1106,1
1106,2
1106,2
1106,2
1106,2
1106,4
1106,1
1106,1
1106,0
1106,1
1106,2
1106,2
1106,1
1106,0
1106,1
1106,13
1106,12
1106,26
1106,29
1106,20
1106,13
1106,5
1106,4
1106,3
1106,2
1106,0
1106,0
1106,0
1106,0
1106,1
1106,1
1106,1
1106,0
1106,0
1106,0
1106,0
1106,0
1106,0
1106,0
1106,0
1106,0
1106,0
1106,0
1106,0
1106,0
1106,2
1106,3
1106,3
1106,2
1106,1
1106,1
1106,0
1106,0
1106,0
1106,0
1106,0
1106,0
1106,0
1106,0
1106,0
1106,0
1106,0
1106,0
1106,0
1106,0
1106,0
1106,3
1106,3
1106,5
1106,6
1106,6
1106,6
1106,7
1106,7
1106,6
1106,4
1106,6
1106,5
1106,7
1106,6
1106,8
1106,9
1106,7
1106,7
1106,8
1106,7
1106,6
1106,2
1106,4
1106,8
1106,6
1106,8
1106,5
1106,1
1106,1
1106,1
1106,2
1106,6
1106,8
1106,9
1106,9
1106,8
1106,9
1106,2
1106,3
1106,3
1106,6
1106,3
1106,1
1106,1
1106,3
1106,2
1106,1
1106,0
1106,1
1106,1
1106,1
1106,0
1106,0
1106,0
1106,0
1106,1
1106,1
1106,1
1106,0
1106,0
1106,0
1106,0
1106,0
535,0
535,0
535,0
535,0
535,0
535,0
535,0
535,0
535,0
535,0
535,0
535,0
535,0
535,0
535,0
535,0
535,0
535,0
535,0
535,0
535,0
535,0
535,0
535,0
535,0
535,0
535,1
535,2
535,5
535,2
535,1
535,0
535,0
535,0
535,0
535,0
535,0
535,0
535,1
535,2
535,2
535,1
535,4
535,3
535,2
535,1
535,2
535,1
535,1
535,1
535,1
535,2
535,1
535,0
535,0
535,0
535,0
535,0
535,0
535,0
535,0
535,0
535,0
535,1
535,1
535,0
535,0
535,0
535,0
535,0
535,0
535,0
535,0
535,0
535,0
535,0
535,0
535,1
535,2
535,2
535,0
535,1
535,1
535,2
535,1
535,5
535,5
535,5
535,2
535,2
535,2
535,4
535,4
535,2
535,2
535,1
535,6
535,6
535,6
535,2
535,2
535,1
535,0
535,0
535,1
535,1
535,3
535,3
535,4
535,2
535,1
535,0
535,0
535,0
535,0
535,0
535,0
535,0
535,0
535,1
535,1
535,1
535,0
535,0
535,0
535,0
535,0
535,0
535,0
535,0
535,0
535,0
535,0
535,2
535,2
535,5
535,4
535,4
535,1
535,3
535,5
535,2
535,1
535,0
535,0
535,0
535,0
535,2
535,2
535,2
535,0
535,0
535,0
535,0
535,0
535,0
535,3
535,3
535,2
535,0
535,0
535,0
535,0
535,0
535,0
535,0
535,0
535,1
535,1
535,1
535,0
535,1
535,1
535,1
535,0
535,2
535,2
535,1
535,2
535,2
535,1
535,0
535,2
535,2
535,3
535,1
535,1
535,0
535,0
535,0
535,3
535,3
535,1
535,0
535,0
535,1
535,1
535,1
535,2
535,0
535,0
535,0
535,0
535,0
535,0
535,0
535,0
535,0
535,1
535,1
535,1
535,0
535,0
535,0
535,1
535,1
535,0
535,0
535,0
535,0
535,0
535,0
535,0
535,0
535,1
535,0
535,0
535,0
535,1
535,0
535,0
535,0
535,0
535,0
535,0
535,1
535,1
535,1
535,0
535,3
535,4
535,2
535,1
535,2
535,2
535,0
535,0
535,3
535,3
535,0
535,0
535,0
535,0
535,0
535,0
535,0
535,0
535,0
535,0
535,0
535,0
535,2
535,2
535,1
535,0
535,0
535,0
535,0
535,0
535,0
535,1
535,1
535,0
535,0
535,0
535,0
535,0
535,0
535,0
535,0
535,0
535,0
535,0
535,0
535,0
535,0
535,0
535,0
535,2
535,3
535,3
535,1
535,0
535,0
535,0
535,0
535,0
535,1
535,1
535,1
535,0
535,0
535,0
535,0
535,0
535,0
535,1
535,2
535,3
535,2
535,1
535,0
535,0
535,0
535,0
535,0
535,0
535,0
535,0
535,0
535,0
535,0
535,0
535,7
535,10
535,12
535,19
535,16
535,7
535,0
535,1
535,2
535,1
535,1
535,0
535,0
535,10
535,14
535,13
535,4
535,3
535,3
535,3
535,8
535,8
535,8
535,0
535,0
535,0
535,0
535,0
535,0
535,0
535,0
535,1
535,1
535,2
535,0
535,0
535,0
535,0
535,0
535,1
535,1
535,1
535,2
535,2
535,5
535,3
535,2
535,0
535,1
535,1
535,1
535,0
535,2
535,2
535,3
535,2
535,1
535,2
535,0
535,2
535,1
535,1
535,1
535,1
535,1
535,0
535,1
535,1
535,2
535,1
535,2
535,1
535,3
535,3
535,3
535,4
535,3
535,3
535,0
535,0
535,0
535,0
535,1
535,1
535,1
535,0
535,1
535,1
535,1
535,1
535,2
535,2
535,0
535,2
535,2
535,3
535,2
535,2
535,1
535,1
535,3
535,5
535,10
535,14
535,12
535,14
535,8
535,6
535,3
535,3
535,5
535,4
535,7
535,4
535,6
535,2
535,2
535,2
535,1
535,2
535,3
535,3
535,2
535,1
535,2
535,1
535,0
535,0
535,0
535,0
535,0
535,0
535,0
535,1
535,1
535,1
535,1
535,2
535,3
535,2
535,2
535,2
535,1
535,2
535,2
535,4
535,4
535,4
535,2
535,3
535,5
535,5
535,5
535,4
535,5
535,3
535,0
535,2
535,2
535,2
535,5
535,9
535,9
535,5
535,1
535,1
535,2
535,3
535,4
535,3
535,3
535,3
535,6
535,5
535,5
535,2
535,3
1013,0
1013,0
1013,0
1013,0
1013,0
1013,0
1013,0
1013,0
1013,0
1013,0
1013,0
1013,0
1013,0
1013,0
1013,0
1013,0
1013,0
1013,0
1013,0
1013,0
1013,0
1013,0
1013,0
1013,1
1013,1
1013,0
1013,0
1013,0
1013,1
1013,4
1013,5
1013,6
1013,3
1013,4
1013,4
1013,6
1013,3
1013,2
1013,4
1013,6
1013,10
1013,11
1013,13
1013,13
1013,10
1013,10
1013,9
1013,12
1013,9
1013,14
1013,16
1013,17
1013,18
1013,17
1013,18
1013,15
1013,8
1013,10
1013,5
1013,8
1013,7
1013,8
1013,8
1013,7
1013,10
1013,8
1013,7
1013,4
1013,4
1013,4
1013,2
1013,1
1013,0
1013,0
1013,1
1013,2
1013,3
1013,2
1013,3
1013,3
1013,1
1013,1
1013,1
1013,1
1013,0
1013,2
1013,2
1013,3
1013,2
1013,3
1013,4
1013,4
1013,5
1013,3
1013,3
1013,2
1013,4
1013,4
1013,3
1013,3
1013,2
1013,2
1013,0
1013,2
1013,2
1013,4
1013,2
1013,2
1013,0
1013,1
1013,1
1013,0
1013,1
1013,3
1013,3
1013,2
1013,1
1013,2
1013,2
1013,2
1013,2
1013,2
1013,3
1013,2
1013,1
1013,0
1013,0
1013,1
1013,1
1013,4
1013,4
1013,2
1013,2
1013,3
1013,1
1013,1
1013,2
1013,2
1013,3
1013,1
1013,1
1013,1
1013,3
1013,3
1013,2
1013,0
1013,2
1013,1
1013,2
1013,1
1013,0
1013,1
1013,1
1013,0
1013,0
1013,2
1013,4
1013,7
1013,9
1013,10
1013,2
1013,0
1013,0
1013,0
1013,1
1013,1
1013,1
1013,0
1013,0
1013,2
1013,2
1013,2
1013,1
1013,1
1013,1
1013,1
1013,1
1013,1
1013,2
1013,1
1013,1
1013,0
1013,1
1013,1
1013,1
1013,3
1013,2
1013,2
1013,0
1013,0
1013,0
1013,1
1013,2
1013,3
1013,2
1013,2
1013,1
1013,2
1013,1
1013,1
1013,0
1013,0
1013,1
1013,2
1013,3
1013,3
1013,4
1013,3
1013,3
1013,4
1013,5
1013,1
1013,2
1013,1
1013,2
1013,0
1013,0
1013,0
1013,1
1013,1
1013,1
1013,0
1013,1
1013,1
1013,4
1013,4
1013,4
1013,0
1013,0
1013,1
1013,1
1013,1
1013,2
1013,2
1013,3
1013,2
1013,4
1013,3
1013,4
1013,2
1013,1
1013,1
1013,1
1013,1
1013,2
1013,1
1013,0
1013,0
1013,0
1013,0
1013,0
1013,1
1013,1
1013,1
1013,2
1013,2
1013,1
1013,2
1013,2
1013,2
1013,0
1013,0
1013,1
1013,1
1013,1
1013,0
1013,0
1013,2
1013,2
1013,2
1013,0
1013,0
1013,5
1013,4
1013,3
1013,1
1013,1
1013,0
1013,0
1013,0
1013,0
1013,2
1013,1
1013,1
1013,0
1013,1
1013,1
1013,0
1013,2
1013,3
1013,2
1013,0
1013,4
1013,6
1013,6
1013,1
1013,1
1013,0
1013,0
1013,0
1013,0
1013,0
1013,0
1013,0
1013,0
1013,0
1013,1
1013,1
1013,1
1013,0
1013,0
1013,0
1013,0
1013,0
1013,0
1013,1
1013,1
1013,0
1013,1
1013,2
1013,3
1013,1
1013,1
1013,0
1013,1
1013,1
1013,1
1013,0
1013,0
1013,0
1013,1
1013,1
1013,1
1013,2
1013,2
1013,1
1013,1
1013,1
1013,0
1013,0
1013,5
1013,5
1013,5
1013,0
1013,0
1013,0
1013,0
1013,1
1013,4
1013,4
1013,5
1013,2
1013,1
1013,1
1013,1
1013,1
1013,0
1013,1
1013,1
1013,0
1013,3
1013,3
1013,4
1013,4
1013,8
1013,8
1013,4
1013,0
1013,1
1013,2
1013,1
1013,0
1013,0
1013,0
1013,1
1013,2
1013,3
1013,2
1013,1
1013,0
1013,0
1013,0
1013,0
1013,1
1013,1
1013,1
1013,1
1013,1
1013,2
1013,1
1013,1
1013,0
1013,0
1013,1
1013,0
1013,0
1013,0
1013,0
1013,0
1013,1
1013,1
1013,1
1013,0
1013,0
1013,0
1013,2
1013,2
1013,0
1013,0
1013,1
1013,0
1013,0
1013,1
1013,1
1013,3
1013,2
1013,2
1013,1
1013,2
1013,3
1013,1
1013,1
1013,3
1013,2
1013,2
1013,1
1013,0
1013,0
1013,0
1013,1
1013,1
1013,1
1013,0
1013,0
1013,0
1013,0
1013,0
1013,2
1013,0
1013,0
1013,0
1013,0
1013,0
1013,0
1013,0
1013,0
1013,0
1013,0
1013,0
1013,1
1013,0
1013,2
1013,6
1013,4
1013,3
1013,4
1013,3
1013,1
1013,0
1013,0
1013,0
1013,0
1013,0
1013,0
1013,0
1013,0
1013,0
1013,1
1013,1
1013,1
1013,0
1013,0
1013,1
1013,1
1013,1
1013,0
1013,0
1013,0
1013,1
1013,2
1013,3
1013,2
1013,0
1013,0
1013,0
1013,0
1013,0
1013,1
1013,1
1013,0
1013,1
1013,1
1013,1
1013,1
1013,1
1013,0
1013,0
1013,0
1013,0
1013,0
783,0
783,0
783,0
783,0
783,0
783,0
783,0
783,0
783,0
783,0
783,0
783,2
783,5
783,4
783,11
783,12
783,9
783,7
783,5
783,4
783,2
783,5
783,6
783,7
783,11
783,7
783,3
783,7
783,6
783,7
783,9
783,14
783,12
783,17
783,13
783,5
783,4
783,6
783,5
783,2
783,4
783,5
783,10
783,12
783,15
783,6
783,2
783,1
783,0
783,3
783,3
783,4
783,1
783,1
783,0
783,0
783,1
783,2
783,2
783,1
783,0
783,0
783,0
783,0
783,1
783,4
783,5
783,4
783,3
783,2
783,3
783,2
783,6
783,5
783,6
783,8
783,18
783,26
783,27
783,20
783,12
783,6
783,4
783,0
783,1
783,2
783,3
783,4
783,3
783,6
783,3
783,6
783,12
783,33
783,43
783,43
783,34
783,21
783,11
783,17
783,15
783,16
783,10
783,12
783,12
783,18
783,25
783,21
783,15
783,10
783,12
783,11
783,10
783,7
783,7
783,4
783,5
783,13
783,13
783,13
783,4
783,4
783,2
783,3
783,3
783,3
783,12
783,11
783,9
783,11
783,15
783,11
783,10
783,15
783,32
783,30
783,22
783,8
783,5
783,4
783,10
783,11
783,11
783,6
783,7
783,5
783,4
783,5
783,6
783,8
783,5
783,3
783,2
783,2
783,2
783,4
783,4
783,5
783,4
783,1
783,2
783,3
783,4
783,3
783,2
783,5
783,6
783,3
783,3
783,6
783,8
783,3
783,4
783,4
783,10
783,9
783,6
783,1
783,2
783,2
783,2
783,4
783,7
783,9
783,6
783,5
783,4
783,1
783,1
783,0
783,0
783,1
783,1
783,5
783,7
783,6
783,7
783,4
783,1
783,3
783,4
783,6
783,9
783,10
783,10
783,6
783,7
783,6
783,4
783,1
783,1
783,1
783,1
783,0
783,0
783,0
783,1
783,2
783,2
783,1
783,2
783,3
783,4
783,1
783,3
783,3
783,4
783,3
783,2
783,1
783,1
783,2
783,4
783,3
783,3
783,3
783,2
783,2
783,2
783,3
783,1
783,1
783,2
783,1
783,6
783,5
783,4
783,5
783,12
783,9
783,12
783,9
783,7
783,2
783,2
783,2
783,5
783,4
783,2
783,0
783,0
783,0
783,0
783,0
783,0
783,0
783,0
783,0
783,1
783,1
783,0
783,0
783,0
783,0
783,0
783,3
783,4
783,4
783,3
783,3
783,2
783,4
783,3
783,3
783,0
783,0
783,0
783,0
783,0
783,2
783,2
783,2
783,2
783,5
783,4
783,2
783,2
783,1
783,1
783,0
783,3
783,5
783,3
783,2
783,3
783,7
783,6
783,4
783,1
783,2
783,1
783,1
783,0
783,1
783,2
783,3
783,2
783,1
783,1
783,0
783,0
783,1
783,6
783,9
783,28
783,47
783,77
783,86
783,110
783,114
783,120
783,82
783,57
783,30
783,46
783,47
783,66
783,56
783,59
783,37
783,27
783,23
783,34
783,51
783,75
783,72
783,86
783,79
783,75
783,51
783,37
783,21
783,20
783,24
783,25
783,16
783,14
783,14
783,13
783,40
783,40
783,56
783,38
783,53
783,45
783,35
783,16
783,15
783,18
783,25
783,21
783,15
783,15
783,14
783,16
783,16
783,26
783,22
783,29
783,25
783,24
783,26
783,22
783,21
783,21
783,18
783,17
783,14
783,12
783,13
783,13
783,15
783,19
783,21
783,21
783,18
783,13
783,13
783,19
783,10
783,8
783,6
783,8
783,8
783,9
783,6
783,12
783,10
783,9
783,4
783,4
783,4
783,15
783,16
783,19
783,13
783,9
783,7
783,2
783,9
783,13
783,19
783,26
783,27
783,21
783,23
783,30
783,39
783,31
783,30
783,27
783,31
783,27
783,27
783,25
783,29
783,26
783,30
783,22
783,28
783,31
783,28
783,22
783,19
783,27
783,29
783,34
783,22
783,23
783,25
783,28
783,26
783,23
783,19
783,15
783,14
783,17
783,18
783,20
783,27
783,27
783,34
783,31
783,31
783,14
783,13
783,13
783,15
783,26
783,28
783,29
783,31
783,37
783,34
783,20
783,17
783,20
783,15
783,13
783,14
783,21
783,25
783,21
783,17
783,15
783,18
783,23
783,24
783,22
783,17
783,16
783,20
783,20
783,19
783,19
783,22
783,23
783,27
783,20
783,20
672,0
672,0
672,0
672,0
672,0
672,0
672,0
672,0
672,0
672,0
672,0
672,0
672,0
672,0
672,0
672,0
672,0
672,0
672,0
672,0
672,0
672,0
672,0
672,0
672,2
672,3
672,3
672,0
672,1
672,0
672,1
672,2
672,2
672,3
672,3
672,3
672,4
672,3
672,4
672,2
672,2
672,1
672,3
672,4
672,3
672,2
672,1
672,0
672,0
672,0
672,0
672,0
672,0
672,0
672,0
672,0
672,1
672,1
672,0
672,0
672,0
672,0
672,0
672,0
672,0
672,0
672,0
672,0
672,0
672,0
672,1
672,2
672,1
672,3
672,2
672,1
672,0
672,0
672,0
672,0
672,0
672,0
672,0
672,0
672,0
672,0
672,0
672,1
672,2
672,2
672,2
672,1
672,0
672,0
672,0
672,0
672,0
672,0
672,0
672,1
672,1
672,1
672,0
672,0
672,0
672,0
672,0
672,0
672,0
672,0
672,0
672,0
672,2
672,3
672,3
672,1
672,1
672,1
672,1
672,0
672,0
672,0
672,0
672,0
672,0
672,0
672,0
672,0
672,0
672,0
672,0
672,0
672,0
672,0
672,0
672,0
672,0
672,0
672,0
672,1
672,1
672,0
672,2
672,5
672,4
672,4
672,3
672,2
672,1
672,1
672,1
672,0
672,0
672,1
672,1
672,1
672,0
672,0
672,0
672,0
672,0
672,0
672,0
672,0
672,0
672,1
672,1
672,1
672,2
672,3
672,2
672,1
672,1
672,1
672,0
672,0
672,0
672,1
672,1
672,1
672,0
672,0
672,0
672,0
672,2
672,2
672,0
672,0
672,0
672,0
672,0
672,0
672,0
672,0
672,0
672,0
672,0
672,0
672,0
672,0
672,0
672,0
672,0
672,0
672,1
672,1
672,0
672,0
672,0
672,1
672,1
672,0
672,0
672,0
672,0
672,0
672,0
672,0
672,0
672,0
672,0
672,0
672,0
672,0
672,1
672,1
672,0
672,0
672,1
672,1
672,0
672,0
672,0
672,0
672,0
672,0
672,0
672,0
672,0
672,0
672,0
672,0
672,0
672,1
672,0
672,0
672,0
672,0
672,1
672,1
672,1
672,0
672,1
672,1
672,3
672,2
672,1
672,0
672,0
672,0
672,0
672,0
672,0
672,0
672,0
672,0
672,0
672,0
672,0
672,0
672,0
672,0
672,0
672,0
672,0
672,0
672,0
672,0
672,0
672,0
672,0
672,0
672,0
672,1
672,1
672,0
672,0
672,0
672,1
672,1
672,1
672,1
672,2
672,1
672,1
672,0
672,0
672,0
672,0
672,1
672,1
672,2
672,1
672,1
672,0
672,0
672,0
672,0
672,0
672,0
672,0
672,0
672,0
672,0
672,0
672,0
672,0
672,0
672,3
672,9
672,13
672,11
672,12
672,8
672,7
672,0
672,0
672,0
672,1
672,1
672,1
672,2
672,2
672,0
672,1
672,0
672,0
672,0
672,0
672,1
672,0
672,0
672,0
672,3
672,3
672,3
672,0
672,0
672,0
672,0
672,1
672,1
672,1
672,0
672,1
672,1
672,1
672,0
672,0
672,0
672,0
672,0
672,0
672,0
672,3
672,3
672,3
672,0
672,0
672,0
672,0
672,0
672,0
672,0
672,1
672,1
672,0
672,4
672,4
672,4
672,0
672,0
672,1
672,1
672,0
672,0
672,1
672,1
672,1
672,0
672,0
672,0
672,0
672,0
672,0
672,0
672,0
672,0
672,0
672,0
672,0
672,0
672,0
672,0
672,0
672,0
672,0
672,2
672,2
672,1
672,0
672,0
672,0
672,0
672,0
672,0
672,1
672,1
672,0
672,3
672,4
672,1
672,1
672,0
672,0
672,0
672,0
672,0
672,0
672,0
672,1
672,0
672,0
672,1
672,2
672,2
672,1
672,0
672,0
672,1
672,1
672,0
672,0
672,0
672,0
672,0
672,0
672,0
672,0
672,0
672,0
672,0
672,0
672,0
672,0
672,0
672,0
672,0
672,0
672,0
672,0
672,0
672,0
672,0
672,0
672,2
672,2
672,2
672,0
672,1
672,0
672,1
672,1
672,1
672,3
672,0
672,1
672,1
672,1
672,1
672,1
672,0
672,0
672,1
672,1
672,1
672,0
672,0
672,0
672,0
672,0
672,0
672,1
672,1
672,0
672,0
672,0
672,0
672,0
672,0
1370,0
1370,0
1370,0
1370,0
1370,0
1370,0
1370,0
1370,0
1370,0
1370,0
1370,0
1370,0
1370,0
1370,0
1370,0
1370,0
1370,0
1370,0
1370,0
1370,0
1370,0
1370,0
1370,0
1370,0
1370,0
1370,0
1370,0
1370,0
1370,0
1370,0
1370,1
1370,1
1370,2
1370,1
1370,1
1370,0
1370,0
1370,0
1370,3
1370,3
1370,5
1370,6
1370,8
1370,9
1370,9
1370,6
1370,3
1370,0
1370,0
1370,0
1370,0
1370,0
1370,0
1370,0
1370,0
1370,0
1370,0
1370,0
1370,0
1370,0
1370,0
1370,0
1370,0
1370,0
1370,0
1370,0
1370,0
1370,0
1370,0
1370,0
1370,0
1370,0
1370,0
1370,0
1370,0
1370,0
1370,0
1370,0
1370,0
1370,0
1370,0
1370,0
1370,0
1370,0
1370,0
1370,0
1370,0
1370,0
1370,0
1370,0
1370,0
1370,0
1370,0
1370,0
1370,0
1370,0
1370,0
1370,0
1370,0
1370,0
1370,0
1370,0
1370,0
1370,0
1370,0
1370,0
1370,0
1370,0
1370,0
1370,0
1370,0
1370,0
1370,0
1370,0
1370,0
1370,0
1370,0
1370,0
1370,0
1370,0
1370,0
1370,0
1370,0
1370,0
1370,0
1370,0
1370,0
1370,0
1370,0
1370,0
1370,0
1370,0
1370,0
1370,0
1370,0
1370,0
1370,0
1370,0
1370,0
1370,0
1370,0
1370,0
1370,0
1370,0
1370,0
1370,0
1370,0
1370,0
1370,0
1370,0
1370,0
1370,0
1370,0
1370,0
1370,0
1370,0
1370,0
1370,0
1370,0
1370,0
1370,0
1370,0
1370,0
1370,0
1370,0
1370,0
1370,0
1370,0
1370,0
1370,0
1370,0
1370,0
1370,0
1370,0
1370,0
1370,0
1370,0
1370,0
1370,0
1370,0
1370,0
1370,0
1370,0
1370,0
1370,0
1370,0
1370,0
1370,0
1370,0
1370,0
1370,0
1370,0
1370,0
1370,0
1370,0
1370,0
1370,0
1370,0
1370,0
1370,0
1370,0
1370,0
1370,0
1370,0
1370,0
1370,0
1370,0
1370,0
1370,0
1370,0
1370,0
1370,0
1370,0
1370,0
1370,0
1370,0
1370,0
1370,0
1370,0
1370,0
1370,0
1370,0
1370,0
1370,0
1370,0
1370,0
1370,0
1370,0
1370,0
1370,0
1370,0
1370,0
1370,0
1370,0
1370,0
1370,0
1370,0
1370,0
1370,0
1370,0
1370,0
1370,0
1370,0
1370,0
1370,0
1370,0
1370,0
1370,0
1370,0
1370,0
1370,0
1370,0
1370,0
1370,0
1370,0
1370,0
1370,0
1370,0
1370,0
1370,0
1370,0
1370,0
1370,0
1370,0
1370,0
1370,0
1370,0
1370,0
1370,0
1370,0
1370,0
1370,0
1370,0
1370,0
1370,0
1370,0
1370,0
1370,0
1370,0
1370,0
1370,0
1370,0
1370,0
1370,0
1370,0
1370,0
1370,0
1370,0
1370,0
1370,0
1370,0
1370,0
1370,0
1370,0
1370,0
1370,0
1370,0
1370,0
1370,0
1370,0
1370,0
1370,0
1370,0
1370,0
1370,0
1370,0
1370,0
1370,0
1370,0
1370,0
1370,0
1370,0
1370,0
1370,0
1370,0
1370,0
1370,0
1370,0
1370,0
1370,0
1370,0
1370,0
1370,0
1370,0
1370,0
1370,0
1370,0
1370,0
1370,0
1370,0
1370,0
1370,0
1370,0
1370,0
1370,0
1370,0
1370,0
1370,0
1370,0
1370,0
1370,0
1370,0
1370,0
1370,0
1370,0
1370,0
1370,1
1370,1
1370,1
1370,0
1370,0
1370,0
1370,0
1370,0
1370,0
1370,0
1370,0
1370,0
1370,0
1370,0
1370,0
1370,0
1370,0
1370,0
1370,0
1370,0
1370,1
1370,2
1370,2
1370,0
1370,0
1370,0
1370,0
1370,0
1370,0
1370,0
1370,1
1370,1
1370,0
1370,0
1370,0
1370,0
1370,0
1370,0
1370,0
1370,1
1370,1
1370,1
1370,0
1370,0
1370,0
1370,0
1370,0
1370,0
1370,0
1370,0
1370,0
1370,0
1370,0
1370,0
1370,0
1370,0
1370,0
1370,0
1370,0
1370,0
1370,0
1370,0
1370,0
1370,0
1370,1
1370,1
1370,0
1370,0
1370,1
1370,1
1370,0
1370,0
1370,0
1370,1
1370,2
1370,1
1370,0
1370,0
1370,0
1370,0
1370,0
1370,0
1370,0
1370,0
1370,0
1370,0
1370,0
1370,0
1370,0
1370,0
1370,0
1370,0
1370,0
1370,0
1370,0
1370,0
1370,0
1370,0
1370,0
1370,0
1370,0
1370,0
1370,0
1370,0
1370,0
1370,0
1370,0
1370,0
1370,0
1370,0
1370,0
1370,0
1370,0
1370,0
1370,0
1370,0
1370,0
1370,0
1370,0
1370,1
1370,1
1370,0
1370,0
1370,0
1370,0
1370,0
1370,0
1370,0
1370,0
1370,0
1370,0
1370,0
1370,0
1370,0
1370,0
1370,0
1370,0
1370,0
1370,0
1370,0
1370,0
1370,0
1370,0
1370,0
1370,0
1370,0
1370,0
1370,0
1370,0
1370,0
1370,0
1370,0
1370,0
1370,0
965,0
965,0
965,0
965,0
965,0
965,0
965,0
965,0
965,0
965,0
965,0
965,0
965,0
965,0
965,2
965,1
965,1
965,0
965,0
965,1
965,1
965,1
965,0
965,1
965,2
965,2
965,1
965,1
965,1
965,4
965,5
965,10
965,9
965,7
965,9
965,11
965,8
965,10
965,10
965,10
965,14
965,17
965,19
965,21
965,21
965,31
965,30
965,33
965,26
965,29
965,30
965,34
965,37
965,35
965,40
965,37
965,37
965,34
965,35
965,38
965,46
965,50
965,46
965,43
965,42
965,45
965,44
965,43
965,36
965,31
965,24
965,28
965,21
965,26
965,20
965,26
965,26
965,40
965,64
965,53
965,58
965,53
965,64
965,54
965,37
965,48
965,39
965,41
965,43
965,44
965,48
965,29
965,50
965,46
965,48
965,39
965,30
965,39
965,20
965,24
965,13
965,17
965,15
965,9
965,5
965,13
965,13
965,18
965,24
965,36
965,29
965,12
965,5
965,8
965,13
965,10
965,11
965,14
965,19
965,22
965,25
965,28
965,28
965,21
965,17
965,19
965,17
965,14
965,6
965,2
965,0
965,0
965,1
965,2
965,2
965,4
965,2
965,4
965,4
965,4
965,4
965,3
965,6
965,4
965,1
965,3
965,4
965,6
965,3
965,3
965,1
965,2
965,3
965,4
965,4
965,2
965,1
965,2
965,3
965,4
965,3
965,2
965,2
965,1
965,4
965,12
965,13
965,10
965,2
965,1
965,0
965,1
965,2
965,8
965,8
965,4
965,2
965,1
965,2
965,2
965,2
965,1
965,0
965,0
965,1
965,1
965,1
965,1
965,7
965,7
965,3
965,2
965,1
965,4
965,4
965,5
965,3
965,4
965,2
965,3
965,2
965,2
965,0
965,0
965,0
965,0
965,0
965,0
965,0
965,0
965,1
965,1
965,2
965,1
965,1
965,0
965,1
965,1
965,1
965,0
965,1
965,4
965,4
965,3
965,3
965,1
965,0
965,2
965,2
965,2
965,0
965,0
965,0
965,1
965,1
965,1
965,1
965,3
965,3
965,0
965,1
965,3
965,3
965,2
965,0
965,5
965,2
965,2
965,0
965,1
965,1
965,1
965,0
965,0
965,0
965,0
965,0
965,0
965,0
965,0
965,1
965,0
965,1
965,1
965,1
965,1
965,2
965,1
965,3
965,2
965,1
965,0
965,1
965,1
965,0
965,0
965,0
965,2
965,4
965,3
965,1
965,0
965,1
965,2
965,3
965,4
965,5
965,6
965,4
965,2
965,1
965,2
965,3
965,2
965,2
965,0
965,0
965,0
965,1
965,1
965,1
965,0
965,0
965,0
965,0
965,1
965,2
965,4
965,3
965,1
965,1
965,0
965,1
965,2
965,1
965,8
965,8
965,7
965,5
965,7
965,10
965,13
965,11
965,7
965,7
965,3
965,0
965,3
965,5
965,4
965,4
965,4
965,3
965,5
965,10
965,23
965,21
965,16
965,5
965,9
965,7
965,8
965,7
965,4
965,2
965,1
965,1
965,4
965,9
965,11
965,12
965,11
965,12
965,15
965,12
965,8
965,2
965,4
965,3
965,10
965,8
965,8
965,2
965,1
965,1
965,2
965,2
965,3
965,3
965,3
965,0
965,1
965,0
965,0
965,0
965,1
965,0
965,1
965,0
965,0
965,2
965,2
965,2
965,0
965,0
965,1
965,1
965,0
965,1
965,1
965,1
965,1
965,1
965,0
965,0
965,0
965,0
965,0
965,0
965,0
965,1
965,1
965,2
965,1
965,0
965,0
965,1
965,2
965,2
965,3
965,4
965,4
965,3
965,1
965,3
965,2
965,1
965,2
965,1
965,3
965,3
965,2
965,2
965,2
965,1
965,0
965,1
965,1
965,2
965,2
965,0
965,3
965,2
965,2
965,0
965,0
965,2
965,2
965,2
965,0
965,0
965,0
965,0
965,0
965,0
965,0
965,6
965,3
965,6
965,7
965,8
965,11
965,10
965,3
965,3
965,5
965,4
965,4
965,4
965,2
965,2
965,1
965,1
965,0
965,0
965,0
965,0
965,0
965,0
965,1
965,1
965,3
965,2
965,1
965,0
965,0
965,0
965,0
965,0
965,0
965,0
965,8
965,9
965,7
965,0
965,0
965,1
965,1
965,4
965,3
965,3
965,2
965,4
965,5
965,5
965,3
965,1
965,2
965,1
965,0
1068,0
1068,0
1068,0
1068,0
1068,0
1068,0
1068,0
1068,0
1068,0
1068,1
1068,0
1068,0
1068,0
1068,0
1068,0
1068,0
1068,0
1068,0
1068,2
1068,5
1068,6
1068,6
1068,8
1068,7
1068,5
1068,6
1068,6
1068,10
1068,11
1068,13
1068,13
1068,14
1068,12
1068,9
1068,8
1068,11
1068,15
1068,13
1068,13
1068,8
1068,6
1068,4
1068,5
1068,5
1068,4
1068,3
1068,3
1068,2
1068,2
1068,4
1068,3
1068,2
1068,1
1068,1
1068,1
1068,1
1068,1
1068,4
1068,3
1068,5
1068,2
1068,2
1068,0
1068,0
1068,0
1068,1
1068,1
1068,1
1068,0
1068,0
1068,0
1068,0
1068,0
1068,0
1068,0
1068,0
1068,0
1068,0
1068,0
1068,2
1068,2
1068,3
1068,1
1068,0
1068,0
1068,0
1068,0
1068,0
1068,0
1068,1
1068,1
1068,0
1068,0
1068,1
1068,1
1068,1
1068,0
1068,0
1068,0
1068,0
1068,0
1068,0
1068,0
1068,0
1068,0
1068,0
1068,0
1068,0
1068,0
1068,0
1068,0
1068,0
1068,0
1068,0
1068,0
1068,0
1068,0
1068,0
1068,0
1068,0
1068,0
1068,0
1068,0
1068,0
1068,0
1068,0
1068,0
1068,0
1068,1
1068,1
1068,1
1068,0
1068,0
1068,0
1068,0
1068,0
1068,0
1068,0
1068,1
1068,1
1068,1
1068,0
1068,0
1068,0
1068,0
1068,0
1068,0
1068,0
1068,1
1068,1
1068,1
1068,0
1068,0
1068,0
1068,0
1068,2
1068,2
1068,1
1068,0
1068,0
1068,0
1068,0
1068,0
1068,0
1068,0
1068,1
1068,1
1068,0
1068,0
1068,0
1068,0
1068,0
1068,0
1068,0
1068,0
1068,0
1068,0
1068,0
1068,0
1068,1
1068,1
1068,0
1068,0
1068,0
1068,1
1068,1
1068,1
1068,2
1068,1
1068,0
1068,0
1068,0
1068,0
1068,0
1068,1
1068,1
1068,2
1068,0
1068,0
1068,0
1068,0
1068,0
1068,0
1068,0
1068,0
1068,0
1068,0
1068,0
1068,0
1068,0
1068,0
1068,0
1068,0
1068,0
1068,0
1068,0
1068,0
1068,0
1068,0
1068,0
1068,0
1068,0
1068,0
1068,0
1068,0
1068,0
1068,0
1068,0
1068,0
1068,0
1068,0
1068,0
1068,0
1068,0
1068,0
1068,0
1068,0
1068,0
1068,0
1068,0
1068,0
1068,0
1068,0
1068,0
1068,1
1068,1
1068,1
1068,0
1068,0
1068,0
1068,0
1068,0
1068,0
1068,0
1068,0
1068,0
1068,0
1068,0
1068,0
1068,0
1068,0
1068,0
1068,0
1068,0
1068,0
1068,0
1068,0
1068,0
1068,0
1068,0
1068,1
1068,1
1068,0
1068,0
1068,0
1068,0
1068,0
1068,0
1068,0
1068,0
1068,0
1068,0
1068,0
1068,0
1068,0
1068,0
1068,0
1068,0
1068,0
1068,1
1068,0
1068,1
1068,1
1068,1
1068,0
1068,0
1068,0
1068,0
1068,0
1068,0
1068,0
1068,0
1068,0
1068,1
1068,1
1068,1
1068,0
1068,0
1068,0
1068,0
1068,0
1068,0
1068,0
1068,0
1068,0
1068,0
1068,0
1068,0
1068,0
1068,0
1068,0
1068,0
1068,0
1068,0
1068,0
1068,0
1068,2
1068,2
1068,1
1068,2
1068,2
1068,1
1068,0
1068,0
1068,2
1068,5
1068,5
1068,3
1068,1
1068,1
1068,1
1068,1
1068,1
1068,1
1068,0
1068,0
1068,0
1068,0
1068,1
1068,1
1068,1
1068,0
1068,0
1068,0
1068,0
1068,0
1068,0
1068,0
1068,0
1068,0
1068,0
1068,0
1068,0
1068,0
1068,0
1068,0
1068,0
1068,0
1068,0
1068,0
1068,0
1068,0
1068,0
1068,2
1068,1
1068,7
1068,5
1068,7
1068,4
1068,13
1068,12
1068,17
1068,23
1068,36
1068,27
1068,44
1068,32
1068,42
1068,31
1068,31
1068,17
1068,28
1068,19
1068,19
1068,2
1068,0
1068,2
1068,9
1068,17
1068,16
1068,9
1068,2
1068,0
1068,4
1068,8
1068,8
1068,5
1068,5
1068,4
1068,4
1068,6
1068,5
1068,1
1068,3
1068,1
1068,0
1068,2
1068,4
1068,1
1068,2
1068,4
1068,4
1068,3
1068,0
1068,0
1068,0
1068,0
1068,0
1068,3
1068,2
1068,7
1068,5
1068,12
1068,10
1068,14
1068,13
1068,10
1068,3
1068,6
1068,7
1068,10
1068,9
1068,8
1068,11
1068,12
1068,20
1068,18
1068,33
1068,22
1068,16
1068,9
1068,5
1068,6
1068,5
1068,5
1068,6
1068,8
1068,4
1068,3
1068,3
1068,0
1068,0
1068,0
1068,1
1068,1
1068,7
1068,6
1068,10
1068,10
1068,8
1068,2
1068,7
1068,9
1068,7
1068,6
1068,5
1068,3
1068,6
1068,6
1068,11
1068,7
1068,2
1068,0
1068,8
1068,6
1068,12
1068,6
1068,10
1068,11
1068,12
1068,5
1068,2
1068,10
1068,10
1068,8
1068,1
1068,0
1068,1
1068,1
1068,2
1229,0
1229,0
1229,0
1229,0
1229,0
1229,0
1229,0
1229,0
1229,0
1229,0
1229,0
1229,0
1229,0
1229,0
1229,4
1229,6
1229,6
1229,2
1229,0
1229,0
1229,2
1229,6
1229,4
1229,7
1229,6
1229,8
1229,9
1229,13
1229,18
1229,20
1229,20
1229,22
1229,27
1229,25
1229,23
1229,25
1229,28
1229,32
1229,33
1229,31
1229,35
1229,32
1229,34
1229,31
1229,31
1229,33
1229,31
1229,33
1229,32
1229,32
1229,35
1229,37
1229,38
1229,41
1229,40
1229,41
1229,37
1229,42
1229,44
1229,43
1229,36
1229,43
1229,40
1229,55
1229,51
1229,58
1229,55
1229,54
1229,46
1229,43
1229,40
1229,38
1229,42
1229,43
1229,56
1229,50
1229,47
1229,34
1229,44
1229,38
1229,46
1229,50
1229,41
1229,34
1229,36
1229,38
1229,47
1229,39
1229,34
1229,43
1229,35
1229,33
1229,28
1229,37
1229,40
1229,40
1229,42
1229,43
1229,38
1229,36
1229,32
1229,44
1229,36
1229,40
1229,48
1229,35
1229,36
1229,42
1229,38
1229,45
1229,40
1229,38
1229,39
1229,33
1229,33
1229,30
1229,43
1229,37
1229,34
1229,37
1229,31
1229,25
1229,35
1229,31
1229,44
1229,29
1229,27
1229,23
1229,14
1229,12
1229,7
1229,12
1229,6
1229,5
1229,1
1229,1
1229,1
1229,0
1229,0
1229,0
1229,0
1229,1
1229,1
1229,1
1229,2
1229,2
1229,1
1229,6
1229,6
1229,6
1229,5
1229,5
1229,5
1229,3
1229,3
1229,3
1229,1
1229,0
1229,0
1229,0
1229,1
1229,1
1229,1
1229,0
1229,0
1229,0
1229,0
1229,0
1229,0
1229,1
1229,1
1229,2
1229,1
1229,1
1229,0
1229,1
1229,1
1229,1
1229,0
1229,1
1229,1
1229,1
1229,0
1229,0
1229,0
1229,2
1229,1
1229,1
1229,0
1229,1
1229,1
1229,0
1229,0
1229,1
1229,1
1229,2
1229,1
1229,1
1229,0
1229,0
1229,1
1229,1
1229,1
1229,0
1229,0
1229,1
1229,1
1229,1
1229,0
1229,0
1229,0
1229,0
1229,0
1229,0
1229,1
1229,1
1229,1
1229,0
1229,0
1229,0
1229,1
1229,1
1229,0
1229,1
1229,3
1229,3
1229,1
1229,1
1229,1
1229,1
1229,1
1229,4
1229,4
1229,1
1229,0
1229,0
1229,1
1229,2
1229,1
1229,1
1229,0
1229,0
1229,0
1229,0
1229,0
1229,0
1229,0
1229,0
1229,0
1229,0
1229,1
1229,1
1229,1
1229,0
1229,0
1229,0
1229,0
1229,0
1229,0
1229,2
1229,2
1229,2
1229,0
1229,0
1229,0
1229,1
1229,1
1229,1
1229,0
1229,0
1229,0
1229,0
1229,0
1229,0
1229,0
1229,0
1229,1
1229,3
1229,3
1229,2
1229,1
1229,1
1229,1
1229,1
1229,0
1229,0
1229,0
1229,0
1229,0
1229,1
1229,1
1229,1
1229,0
1229,0
1229,0
1229,0
1229,0
1229,0
1229,0
1229,1
1229,1
1229,1
1229,0
1229,0
1229,0
1229,0
1229,0
1229,0
1229,0
1229,0
1229,0
1229,0
1229,0
1229,0
1229,0
1229,0
1229,0
1229,0
1229,0
1229,0
1229,0
1229,0
1229,1
1229,5
1229,9
1229,22
1229,18
1229,14
1229,3
1229,5
1229,2
1229,5
1229,5
1229,5
1229,0
1229,0
1229,0
1229,0
1229,2
1229,2
1229,3
1229,3
1229,3
1229,5
1229,20
1229,39
1229,36
1229,17
1229,0
1229,0
1229,0
1229,0
1229,0
1229,0
1229,0
1229,1
1229,2
1229,2
1229,1
1229,0
1229,1
1229,1
1229,1
1229,1
1229,0
1229,1
1229,1
1229,1
1229,1
1229,1
1229,1
1229,1
1229,2
1229,4
1229,3
1229,4
1229,2
1229,1
1229,4
1229,6
1229,9
1229,11
1229,9
1229,7
1229,9
1229,5
1229,7
1229,7
1229,12
1229,10
1229,9
1229,8
1229,9
1229,7
1229,8
1229,8
1229,9
1229,6
1229,6
1229,9
1229,6
1229,4
1229,6
1229,7
1229,9
1229,5
1229,5
1229,6
1229,2
1229,5
1229,6
1229,8
1229,6
1229,5
1229,7
1229,5
1229,6
1229,7
1229,8
1229,9
1229,6
1229,6
1229,9
1229,8
1229,8
1229,5
1229,9
1229,11
1229,10
1229,12
1229,13
1229,8
1229,8
1229,7
1229,9
1229,7
1229,7
1229,15
1229,16
1229,14
1229,12
1229,12
1229,13
1229,6
1229,6
1229,9
1229,8
1229,7
1229,4
1229,6
1229,8
1229,5
1229,7
1229,8
1229,6
1229,7
1229,8
1229,10
1229,7
1229,9
1229,10
1229,12
1229,7
1229,8
1229,8
1229,9
1229,5
1229,7
1229,11
1229,10
1229,11
1229,11
1229,12
1229,13
1229,10
1229,11
1229,9
1229,6
1229,6
1229,8
1229,13
1229,11
1229,10
1229,11
1229,11
1229,8
1229,9
1229,12
1229,12
1229,8
1229,7
1229,10
1229,8
1229,5
1229,6
1229,11
1229,11
1229,11
1229,9
1229,8
