time_step,start,end,vehicle,distance,kind
0,172,928,V6,30.387381465680807,shortage
0,172,928,V7,30.387381465680807,shortage
0,172,928,V8,30.387381465680807,shortage
0,172,928,V9,30.387381465680807,shortage
0,172,928,V10,30.387381465680807,shortage
0,172,928,V11,30.387381465680807,shortage
0,172,928,V12,30.387381465680807,shortage
0,172,928,V13,30.387381465680807,shortage
0,172,928,V14,30.387381465680807,shortage
0,172,928,V15,30.387381465680807,shortage
0,172,928,V16,30.387381465680807,shortage
0,172,928,V17,30.387381465680807,shortage
4,200,928,V78,19.11752961089156,shortage
4,200,928,V79,19.11752961089156,shortage
4,200,928,V101,19.11752961089156,shortage
4,200,928,V199,19.11752961089156,shortage
4,200,928,V206,19.11752961089156,shortage
4,200,928,V243,19.11752961089156,shortage
4,200,928,V244,19.11752961089156,shortage
4,200,928,V245,19.11752961089156,shortage
4,200,928,V246,19.11752961089156,shortage
4,200,928,V247,19.11752961089156,shortage
4,200,928,V248,19.11752961089156,shortage
4,200,928,V260,19.11752961089156,shortage
4,200,928,V281,19.11752961089156,shortage
4,200,928,V291,19.11752961089156,shortage
4,172,928,V1,30.387381465680807,shortage
4,172,928,V2,30.387381465680807,shortage
4,172,928,V3,30.387381465680807,shortage
4,172,928,V4,30.387381465680807,shortage
4,172,928,V5,30.387381465680807,shortage
4,172,928,V10,30.387381465680807,shortage
5,200,928,V136,19.11752961089156,shortage
5,200,928,V196,19.11752961089156,shortage
5,200,928,V265,19.11752961089156,shortage
5,200,928,V401,19.11752961089156,shortage
5,200,928,V402,19.11752961089156,shortage
5,200,928,V403,19.11752961089156,shortage
5,200,928,V414,19.11752961089156,shortage
5,200,928,V415,19.11752961089156,shortage
5,200,928,V416,19.11752961089156,shortage
5,200,928,V417,19.11752961089156,shortage
6,200,928,V7,19.11752961089156,shortage
6,200,928,V8,19.11752961089156,shortage
6,200,928,V142,19.11752961089156,shortage
6,200,928,V143,19.11752961089156,shortage
6,200,928,V197,19.11752961089156,shortage
6,200,928,V231,19.11752961089156,shortage
6,200,928,V257,19.11752961089156,shortage
6,200,928,V276,19.11752961089156,shortage
6,200,928,V277,19.11752961089156,shortage
6,200,928,V278,19.11752961089156,shortage
6,200,928,V336,19.11752961089156,shortage
6,200,928,V430,19.11752961089156,shortage
6,200,928,V431,19.11752961089156,shortage
6,200,928,V432,19.11752961089156,shortage
6,200,928,V436,19.11752961089156,shortage
6,200,928,V439,19.11752961089156,shortage
6,200,928,V444,19.11752961089156,shortage
6,200,928,V457,19.11752961089156,shortage
6,200,928,V458,19.11752961089156,shortage
7,200,928,V27,19.11752961089156,shortage
7,200,928,V28,19.11752961089156,shortage
7,200,928,V51,19.11752961089156,shortage
7,200,928,V102,19.11752961089156,shortage
7,200,928,V103,19.11752961089156,shortage
7,200,928,V117,19.11752961089156,shortage
7,200,928,V156,19.11752961089156,shortage
7,200,928,V157,19.11752961089156,shortage
7,200,928,V176,19.11752961089156,shortage
7,200,928,V207,19.11752961089156,shortage
7,200,928,V237,19.11752961089156,shortage
7,200,928,V238,19.11752961089156,shortage
7,200,928,V249,19.11752961089156,shortage
7,200,928,V250,19.11752961089156,shortage
7,200,928,V295,19.11752961089156,shortage
7,200,928,V324,19.11752961089156,shortage
7,200,928,V325,19.11752961089156,shortage
7,200,928,V377,19.11752961089156,shortage
7,200,928,V459,19.11752961089156,shortage
7,200,928,V466,19.11752961089156,shortage
7,200,928,V467,19.11752961089156,shortage
8,172,928,V12,30.387381465680807,shortage
8,172,928,V81,30.387381465680807,shortage
8,172,928,V82,30.387381465680807,shortage
8,172,928,V200,30.387381465680807,shortage
9,200,928,V331,19.11752961089156,shortage
15,794,1004,V152,7.315405465360834,overflow
19,1004,925,V17,7.016854369636376,overflow
20,702,1140,V177,13.472348608720578,overflow
21,783,873,V1,4.4064860569207775,overflow
22,794,1140,V3,9.096545861200513,overflow
22,794,834,V5,3.0622624863494035,overflow
22,794,402,V29,11.081008814008824,overflow
22,794,525,V394,12.411444711524124,overflow
23,783,1004,V18,7.966246489389644,overflow
24,1232,856,V470,14.473652063742133,overflow
25,1232,925,V62,9.649241749541863,overflow
25,834,794,V50,3.0622624863494035,overflow
36,702,925,V1,9.423506251261468,overflow
42,850,856,V14,5.706192977163574,overflow
43,579,873,V431,10.243397261423542,overflow
43,925,1140,V10,5.559746332228015,overflow
44,1004,794,V41,7.315405465360834,overflow
44,1004,834,V3,4.837273690103386,overflow
45,967,925,V24,1.4630157462730349,overflow
45,1478,1232,V44,13.206936132693205,overflow
45,1478,873,V102,15.82614542888024,overflow
46,1105,856,V52,10.85018203537092,overflow
46,1105,973,V15,4.388654712140797,overflow
52,783,172,V382,17.768672451070774,overflow
52,783,973,V274,17.685208029543023,overflow
52,783,794,V1,10.46245949147104,overflow
54,928,925,V2,2.8524929798341074,overflow
54,928,1140,V4,6.2484548670441855,overflow
56,702,1232,V488,18.84696316793992,overflow
56,702,402,V15,7.84160901068824,overflow
56,702,525,V429,6.512937082064592,overflow
56,1058,850,V25,8.672138339743874,overflow
56,783,1213,V12,11.11949266445603,overflow
65,1140,925,V39,5.559746332228015,overflow
65,1140,1232,V40,6.119741485129188,overflow
67,973,1232,V52,6.739053043647001,overflow
67,973,1140,V73,6.509265047797015,overflow
68,973,925,V6,4.882215518422521,overflow
68,1004,873,V5,3.839767699909918,overflow
69,834,873,V30,3.963116935247085,overflow
69,973,856,V17,11.88819151385629,overflow
69,973,1140,V14,6.509265047797015,overflow
70,973,925,V1,4.882215518422521,overflow
73,783,172,V7,17.768672451070774,overflow
73,783,925,V8,12.804913262721543,overflow
74,967,973,V18,5.7043821114062,overflow
74,967,794,V20,4.548315025166438,overflow
74,967,834,V24,5.059118864445973,overflow
74,967,702,V32,9.424975322198348,overflow
74,967,1399,V66,11.280728646716137,overflow
74,967,1058,V43,5.247679923034634,overflow
75,967,794,V19,4.548315025166438,overflow
75,967,1004,V22,5.811450880513226,overflow
76,850,925,V29,10.694040075602611,overflow
77,1004,873,V20,3.839767699909918,overflow
82,928,925,V39,2.8524929798341074,overflow
82,928,1232,V140,8.28950012214804,overflow
85,1067,925,V435,12.80112469343922,overflow
85,1067,1232,V16,8.002242999882604,overflow
85,1067,973,V32,7.92352939429049,overflow
85,856,464,V40,11.080793243354975,overflow
88,1058,925,V13,5.058513634802797,overflow
88,1058,973,V74,2.41855773034487,overflow
88,1058,794,V95,8.77829027244345,overflow
88,834,1004,V15,4.837273690103386,overflow
91,402,172,V4,15.328145780625992,overflow
91,402,973,V27,18.419980035084063,overflow
91,402,464,V53,18.121881809636708,overflow
92,873,925,V9,8.629868015705554,overflow
94,1067,1232,V2,8.002242999882604,overflow
94,1067,856,V28,6.736061142864135,overflow
94,1067,973,V30,7.92352939429049,overflow
94,1067,1140,V321,12.55411324365653,overflow
94,1067,1058,V35,8.554760866502043,overflow
94,1067,850,V36,5.87594370452583,overflow
96,1004,925,V45,7.016854369636376,overflow
96,1004,1232,V58,13.548232944538976,overflow
96,1004,873,V63,3.839767699909918,overflow
96,1004,973,V83,11.462222395062687,overflow
96,1004,794,V81,7.315405465360834,overflow
98,1412,925,V326,18.07211283325024,overflow
98,702,873,V21,4.548357078342699,overflow
100,834,873,V8,3.963116935247085,overflow
100,834,794,V18,3.0622624863494035,overflow
108,579,172,V118,21.511348652031973,overflow
108,579,973,V2,12.02013346271456,overflow
108,579,1140,V3,14.579929042333728,overflow
108,579,834,V10,7.256503514219511,overflow
108,579,402,V27,6.514036981260467,overflow
108,579,1058,V44,13.4971193863272,overflow
108,579,1213,V139,19.68761230650633,overflow
108,579,200,V75,12.57636232869906,overflow
108,1232,1105,V50,3.8392690799482057,overflow
109,794,834,V6,3.0622624863494035,overflow
109,1399,1478,V22,7.009492875361758,overflow
109,1399,1058,V52,9.34110519027368,overflow
109,702,525,V30,6.512937082064592,overflow
109,702,1105,V93,18.21042691241635,overflow
109,702,579,V45,6.612071581984758,overflow
109,702,1011,V47,10.884143023519666,overflow
109,702,783,V48,5.250413373789177,overflow
109,702,714,V91,11.41600413764035,overflow
111,1187,925,V23,7.6790367656671,overflow
115,873,794,V8,7.018858162934119,overflow
115,873,834,V14,3.963116935247085,overflow
115,873,702,V25,4.548357078342699,overflow
115,873,525,V62,9.675337903778155,overflow
120,1412,1232,V92,8.805321213797965,overflow
120,925,973,V11,4.882215518422521,overflow
121,402,925,V25,14.913154476154167,overflow
122,1412,1232,V28,8.805321213797965,overflow
122,1004,873,V27,3.839767699909918,overflow
122,1004,973,V321,11.462222395062687,overflow
122,856,464,V32,11.080793243354975,overflow
122,1058,834,V35,10.204580442928409,overflow
122,1058,928,V49,3.468670210314232,overflow
122,1058,702,V209,14.468812957232682,overflow
122,1058,1399,V54,9.34110519027368,overflow
124,928,925,V9,2.8524929798341074,overflow
128,1187,873,V37,14.60457664934919,overflow
128,1187,856,V61,15.226827950407046,overflow
128,1187,1140,V1,3.960411314814771,overflow
128,1187,794,V2,11.519003477970214,overflow
128,1187,834,V13,12.342244898446324,overflow
129,1232,925,V73,9.649241749541863,overflow
130,834,873,V13,3.963116935247085,overflow
133,783,172,V83,17.768672451070774,overflow
133,783,925,V3,12.804913262721543,overflow
136,834,1232,V583,14.473652063742133,overflow
136,834,873,V27,3.963116935247085,overflow
136,714,973,V33,6.739138237494938,overflow
136,714,794,V34,6.125367854472763,overflow
136,714,464,V478,10.122771228736514,overflow
137,834,402,V81,11.281169605088646,overflow
137,834,928,V22,7.925847526229188,overflow
137,834,525,V111,10.886391578093734,overflow
137,856,850,V4,5.706192977163574,overflow
137,1058,1105,V12,3.961184888937906,overflow
137,1058,1011,V21,3.961571514117998,overflow
138,794,925,V20,3.8399670029013246,overflow
141,783,172,V37,17.768672451070774,overflow
141,783,925,V420,12.804913262721543,overflow
143,925,873,V48,8.629868015705554,overflow
143,925,973,V16,4.882215518422521,overflow
143,925,1140,V51,5.559746332228015,overflow
143,925,794,V75,3.8399670029013246,overflow
143,925,834,V81,5.249047199856985,overflow
143,925,928,V113,2.8524929798341074,overflow
143,925,1004,V134,7.016854369636376,overflow
144,714,925,V8,6.736742718055863,overflow
144,714,1058,V44,8.895594131564904,overflow
144,402,525,V31,6.614151574587493,overflow
144,402,850,V194,20.42053788159492,overflow
144,402,200,V264,13.570867804142528,overflow
144,402,967,V301,15.541607685822626,overflow
146,1011,1232,V55,7.964083694664586,overflow
147,200,856,V264,19.692898710509187,overflow
159,402,172,V3,15.328145780625992,overflow
159,402,925,V11,14.913154476154167,overflow
159,402,873,V19,12.378588757843175,overflow
159,1232,856,V27,14.473652063742133,overflow
159,1232,794,V91,13.471439449058977,overflow
160,402,973,V45,18.419980035084063,overflow
160,402,464,V62,18.121881809636708,overflow
160,402,834,V13,11.281169605088646,overflow
161,1232,925,V24,9.649241749541863,overflow
163,714,925,V63,6.736742718055863,overflow
169,783,172,V10,17.768672451070774,overflow
169,783,873,V4,4.4064860569207775,overflow
170,1232,925,V1,9.649241749541863,overflow
170,1232,794,V2,13.471439449058977,overflow
170,1232,928,V7,8.28950012214804,overflow
170,1232,702,V94,18.84696316793992,overflow
170,1232,1004,V30,13.548232944538976,overflow
170,1232,1058,V38,4.83687793721146,overflow
171,925,873,V16,8.629868015705554,overflow
171,925,973,V28,4.882215518422521,overflow
171,925,1140,V36,5.559746332228015,overflow
171,925,1058,V40,5.058513634802797,overflow
171,925,525,V42,15.90866891150228,overflow
171,925,850,V46,10.694040075602611,overflow
171,925,1213,V67,14.603468927185563,overflow
171,925,579,V95,9.096756146766438,overflow
171,925,714,V100,6.736742718055863,overflow
172,783,1232,V125,21.210313956402903,overflow
172,783,1058,V19,17.486864213198086,overflow
173,579,925,V35,9.096756146766438,overflow
173,579,973,V95,12.02013346271456,overflow
173,1105,1140,V5,7.683904782943718,overflow
173,1105,794,V29,12.287533860803824,overflow
173,1105,928,V41,6.509632645551289,overflow
173,1105,1399,V52,10.237902514270164,overflow
173,1105,850,V53,7.255791794533394,overflow
176,1067,856,V12,6.736061142864135,overflow
176,1067,1140,V46,12.55411324365653,overflow
176,1067,464,V84,15.596324992464188,overflow
176,794,1004,V22,7.315405465360834,overflow
177,1067,1232,V21,8.002242999882604,overflow
177,1067,973,V27,7.92352939429049,overflow
177,1067,794,V59,15.745772705396131,overflow
177,1067,1058,V30,8.554760866502043,overflow
178,925,873,V8,8.629868015705554,overflow
184,402,172,V56,15.328145780625992,overflow
184,402,925,V57,14.913154476154167,overflow
185,579,1232,V16,18.33205273511288,overflow
185,579,1140,V17,14.579929042333728,overflow
185,579,794,V19,5.55974633222762,overflow
185,579,464,V28,13.736208219113248,overflow
185,579,928,V68,10.087254514060623,overflow
188,925,1232,V82,9.649241749541863,overflow
188,925,873,V101,8.629868015705554,overflow
188,925,1140,V105,5.559746332228015,overflow
188,925,794,V108,3.8399670029013246,overflow
188,464,402,V28,18.121881809636708,overflow
189,702,925,V11,9.423506251261468,overflow
191,1187,1232,V122,2.2017655762295663,overflow
194,1140,925,V25,5.559746332228015,overflow
194,1140,1232,V33,6.119741485129188,overflow
195,794,973,V68,8.005758424200978,overflow
200,1105,1232,V2,3.8392690799482057,overflow
200,794,873,V30,7.018858162934119,overflow
201,794,925,V1,3.8399670029013246,overflow
201,794,856,V72,18.10474316960466,overflow
201,794,1140,V33,9.096545861200513,overflow
201,794,928,V47,5.8083597500151045,overflow
201,794,702,V58,6.125367854472763,overflow
201,794,1058,V82,8.77829027244345,overflow
201,794,525,V92,12.411444711524124,overflow
201,794,200,V99,17.329855363153897,overflow
201,794,1105,V141,12.287533860803824,overflow
201,794,579,V109,5.55974633222762,overflow
201,794,1011,V124,5.876008831303484,overflow
210,1105,1232,V3,3.8392690799482057,overflow
210,1105,973,V9,4.388654712140797,overflow
210,1105,1140,V208,7.683904782943718,overflow
211,402,794,V22,11.081008814008824,overflow
211,402,834,V30,11.281169605088646,overflow
212,1140,973,V37,6.509265047797015,overflow
213,1058,925,V53,5.058513634802797,overflow
214,1187,1232,V28,2.2017655762295663,overflow
214,1187,973,V52,5.6404067966465385,overflow
214,579,464,V15,13.736208219113248,overflow
215,579,172,V23,21.511348652031973,overflow
215,579,1232,V49,18.33205273511288,overflow
215,579,1140,V157,14.579929042333728,overflow
216,834,925,V59,5.249047199856985,overflow
216,834,794,V60,3.0622624863494035,overflow
216,1187,928,V5,6.739067249150369,overflow
216,1187,702,V215,16.72667802016658,overflow
216,1187,1004,V58,11.361508124700526,overflow
216,1187,1399,V22,6.247627185540738,overflow
216,1187,850,V71,11.109127914371388,overflow
217,834,1058,V67,10.204580442928409,overflow
217,834,1011,V43,6.510367578384317,overflow
218,925,1232,V78,9.649241749541863,overflow
218,925,856,V216,16.318086894445933,overflow
218,925,973,V17,4.882215518422521,overflow
218,925,928,V3,2.8524929798341074,overflow
218,925,1105,V96,8.810192302561815,overflow
219,850,794,V21,12.413971394684204,overflow
219,850,464,V12,10.052673626423328,overflow
219,1478,1004,V13,12.268284911360968,overflow
226,525,172,V13,12.35164992665693,overflow
227,1140,925,V34,5.559746332228015,overflow
227,1140,1232,V60,6.119741485129188,overflow
229,794,873,V14,7.018858162934119,overflow
230,834,1140,V360,9.120303414799448,overflow
231,873,925,V14,8.629868015705554,overflow
231,873,1232,V63,16.80536252295166,overflow
232,1140,925,V1,5.559746332228015,overflow
233,783,873,V41,4.4064860569207775,overflow
241,783,172,V56,17.768672451070774,overflow
242,925,1232,V121,9.649241749541863,overflow
242,925,973,V13,4.882215518422521,overflow
242,925,1140,V70,5.559746332228015,overflow
243,873,794,V12,7.018858162934119,overflow
244,1058,1232,V25,4.83687793721146,overflow
244,1058,973,V91,2.41855773034487,overflow
244,1058,1140,V101,4.404400893299181,overflow
245,1004,873,V64,3.839767699909918,overflow
245,1004,794,V71,7.315405465360834,overflow
245,856,464,V37,11.080793243354975,overflow
246,1478,925,V507,15.538947915471203,overflow
248,1058,925,V13,5.058513634802797,overflow
249,1058,1232,V6,4.83687793721146,overflow
249,1058,973,V77,2.41855773034487,overflow
249,1058,794,V118,8.77829027244345,overflow
253,973,925,V42,4.882215518422521,overflow
253,1399,1232,V67,6.507057624431,overflow
254,967,873,V71,7.925075031537542,overflow
256,1140,873,V10,10.849467604025635,overflow
256,1140,973,V5,6.509265047797015,overflow
257,967,925,V22,1.4630157462730349,overflow
261,925,873,V50,8.629868015705554,overflow
261,925,973,V51,4.882215518422521,overflow
262,925,1232,V59,9.649241749541863,overflow
262,925,1140,V2,5.559746332228015,overflow
263,1140,925,V4,5.559746332228015,overflow
264,1140,873,V6,10.849467604025635,overflow
264,1140,794,V2,9.096545861200513,overflow
273,1232,925,V52,9.649241749541863,overflow
274,1232,925,V3,9.649241749541863,overflow
274,1232,856,V54,14.473652063742133,overflow
274,1232,973,V21,6.739053043647001,overflow
274,1232,794,V62,13.471439449058977,overflow
274,1232,834,V63,14.473652063742133,overflow
274,1232,928,V28,8.28950012214804,overflow
274,1232,1004,V85,13.548232944538976,overflow
274,1232,1399,V33,6.507057624431,overflow
275,1105,850,V13,7.255791794533394,overflow
278,928,1232,V168,8.28950012214804,overflow
278,928,973,V13,2.202808837490146,overflow
278,928,1140,V131,6.2484548670441855,overflow
278,850,464,V108,10.052673626423328,overflow
279,1058,925,V3,5.058513634802797,overflow
279,1058,794,V29,8.77829027244345,overflow
291,1067,856,V32,6.736061142864135,overflow
291,1067,1140,V55,12.55411324365653,overflow
291,1067,794,V69,15.745772705396131,overflow
299,525,172,V17,12.35164992665693,overflow
299,928,925,V12,2.8524929798341074,overflow
299,702,873,V1,4.548357078342699,overflow
300,702,925,V3,9.423506251261468,overflow
300,702,973,V258,14.048686290771036,overflow
300,702,794,V66,6.125367854472763,overflow
300,702,402,V85,7.84160901068824,overflow
303,1004,925,V1,7.016854369636376,overflow
303,928,1232,V24,8.28950012214804,overflow
308,973,873,V22,13.496121499721363,overflow
308,973,856,V23,11.88819151385629,overflow
308,973,794,V38,8.005758424200978,overflow
308,973,834,V46,10.076973504527178,overflow
309,1058,925,V10,5.058513634802797,overflow
309,1058,1232,V19,4.83687793721146,overflow
309,1058,1140,V25,4.404400893299181,overflow
313,402,172,V48,15.328145780625992,overflow
313,402,873,V49,12.378588757843175,overflow
313,1067,856,V8,6.736061142864135,overflow
313,1412,794,V1,21.762090774988163,overflow
313,1412,464,V13,24.5366867326536,overflow
313,1412,834,V21,23.13046174521312,overflow
314,794,402,V2,11.081008814008824,overflow
314,794,928,V1,5.8083597500151045,overflow
314,794,702,V6,6.125367854472763,overflow
314,794,1004,V29,7.315405465360834,overflow
314,1067,1399,V41,14.46118952528998,overflow
314,1067,1058,V69,8.554760866502043,overflow
315,850,925,V16,10.694040075602611,overflow
315,850,1232,V30,11.078851145692578,overflow
315,850,973,V31,6.608947508553885,overflow
315,1058,1478,V82,14.62524653879426,overflow
317,967,873,V7,7.925075031537542,overflow
317,967,794,V9,4.548315025166438,overflow
318,1140,1232,V3,6.119741485129188,overflow
329,1011,1232,V58,7.964083694664586,overflow
329,1011,873,V65,9.1842566129722,overflow
329,1011,702,V149,10.884143023519666,overflow
329,1011,1058,V68,3.961571514117998,overflow
329,1011,525,V180,17.39283322509588,overflow
329,1011,1213,V239,13.548232944538976,overflow
329,1011,579,V291,11.281034038678854,overflow
329,1011,783,V308,13.554200769268274,overflow
329,1011,714,V70,8.663428210145675,overflow
329,1011,1412,V311,16.64651643490022,overflow
329,1011,967,V90,1.4629503400136323,overflow
329,1011,1067,V316,12.40745751794731,overflow
329,1011,1232,V350,7.964083694664586,overflow
329,1011,873,V378,9.1842566129722,overflow
329,1011,928,V95,3.6167275925925466,overflow
329,1011,702,V444,10.884143023519666,overflow
329,1011,1058,V117,3.961571514117998,overflow
329,1011,525,V445,17.39283322509588,overflow
329,1011,1213,V452,13.548232944538976,overflow
331,925,873,V14,8.629868015705554,overflow
331,925,794,V46,3.8399670029013246,overflow
331,925,834,V69,5.249047199856985,overflow
332,967,925,V1,1.4630157462730349,overflow
332,1067,1232,V7,8.002242999882604,overflow
332,1067,856,V10,6.736061142864135,overflow
332,1067,973,V20,7.92352939429049,overflow
332,1067,1140,V22,12.55411324365653,overflow
332,1067,928,V34,10.07507435147502,overflow
332,402,702,V63,7.84160901068824,overflow
332,402,525,V64,6.614151574587493,overflow
332,402,200,V67,13.570867804142528,overflow
333,967,873,V2,7.925075031537542,overflow
333,850,464,V78,10.052673626423328,overflow
333,850,1011,V119,11.365584452473476,overflow
333,1004,783,V291,7.966246489389644,overflow
338,783,172,V54,17.768672451070774,overflow
338,783,873,V11,4.4064860569207775,overflow
338,783,1140,V36,15.22789003823726,overflow
339,783,464,V75,25.397194471986413,overflow
339,783,928,V17,15.577087902404868,overflow
339,783,702,V26,5.250413373789177,overflow
339,783,1058,V28,17.486864213198086,overflow
339,783,850,V57,22.85304209922013,overflow
339,783,1105,V42,21.4299278250006,overflow
339,783,579,V30,11.850386463154225,overflow
339,783,714,V49,16.323166899192785,overflow
339,783,967,V69,12.247362390603268,overflow
339,783,1187,V83,19.009124176326512,overflow
339,783,172,V84,17.768672451070774,overflow
339,783,464,V137,25.397194471986413,overflow
339,783,928,V122,15.577087902404868,overflow
339,783,702,V119,5.250413373789177,overflow
339,783,1399,V138,20.47900955025097,overflow
339,783,1058,V148,17.486864213198086,overflow
339,783,525,V150,6.671695598673383,overflow
339,783,850,V169,22.85304209922013,overflow
339,783,200,V181,23.862165274375425,overflow
339,783,1105,V182,21.4299278250006,overflow
339,783,579,V175,11.850386463154225,overflow
339,783,714,V183,16.323166899192785,overflow
340,402,925,V13,14.913154476154167,overflow
341,402,1140,V45,20.041488041275294,overflow
341,402,794,V7,11.081008814008824,overflow
341,402,834,V59,11.281169605088646,overflow
341,402,525,V64,6.614151574587493,overflow
341,402,1105,V170,22.80605450051949,overflow
341,402,783,V66,11.521692668209962,overflow
341,402,925,V68,14.913154476154167,overflow
341,402,1140,V94,20.041488041275294,overflow
341,402,794,V106,11.081008814008824,overflow
341,402,834,V131,11.281169605088646,overflow
341,402,702,V139,7.84160901068824,overflow
342,402,873,V206,12.378588757843175,overflow
342,402,973,V217,18.419980035084063,overflow
342,402,794,V231,11.081008814008824,overflow
342,402,702,V34,7.84160901068824,overflow
342,402,1058,V341,19.689963068329824,overflow
342,402,200,V250,13.570867804142528,overflow
343,1232,925,V63,9.649241749541863,overflow
344,200,464,V2,8.783774420135625,overflow
345,1105,925,V14,8.810192302561815,overflow
345,1004,873,V16,3.839767699909918,overflow
345,1004,834,V31,4.837273690103386,overflow
345,1004,1213,V52,7.964083694664586,overflow
356,1399,925,V258,12.268300526223484,overflow
356,702,873,V4,4.548357078342699,overflow
358,1004,925,V7,7.016854369636376,overflow
358,1004,873,V17,3.839767699909918,overflow
359,973,464,V276,14.912840443208973,overflow
359,973,928,V1,2.202808837490146,overflow
359,1011,702,V37,10.884143023519666,overflow
359,1011,1058,V35,3.961571514117998,overflow
363,1399,925,V50,12.268300526223484,overflow
363,1399,1232,V4,6.507057624431,overflow
363,1399,873,V54,16.381643901185154,overflow
366,834,873,V53,3.963116935247085,overflow
366,834,794,V58,3.0622624863494035,overflow
369,1004,925,V77,7.016854369636376,overflow
369,1004,1232,V272,13.548232944538976,overflow
369,1004,873,V448,3.839767699909918,overflow
369,1004,1140,V559,7.442778444077659,overflow
370,1105,925,V46,8.810192302561815,overflow
382,1232,925,V20,9.649241749541863,overflow
382,1232,873,V32,16.80536252295166,overflow
382,1232,856,V36,14.473652063742133,overflow
382,1232,702,V150,18.84696316793992,overflow
382,1232,1004,V35,13.548232944538976,overflow
382,1232,850,V38,11.078851145692578,overflow
383,1187,973,V15,5.6404067966465385,overflow
383,1187,1140,V26,3.960411314814771,overflow
383,1011,794,V4,5.876008831303484,overflow
383,1011,402,V73,16.93184038136659,overflow
383,1011,1478,V89,13.494566217296024,overflow
383,1011,928,V90,3.6167275925925466,overflow
383,1011,1058,V91,3.961571514117998,overflow
383,1011,1213,V96,13.548232944538976,overflow
383,1011,1105,V108,7.92275625179966,overflow
383,1011,783,V120,13.554200769268274,overflow
383,1011,714,V123,8.663428210145675,overflow
383,1011,1067,V168,12.40745751794731,overflow
383,1011,925,V122,2.223898532891128,overflow
383,1011,873,V174,9.1842566129722,overflow
383,1011,973,V176,4.881725510082577,overflow
383,1011,1140,V178,3.335847799336888,overflow
383,1011,794,V192,5.876008831303484,overflow
385,834,973,V8,10.076973504527178,overflow
385,834,794,V9,3.0622624863494035,overflow
385,834,928,V33,7.925847526229188,overflow
385,834,702,V47,4.389831624444016,overflow
385,834,1004,V65,4.837273690103386,overflow
385,834,1105,V103,14.045233535461502,overflow
385,834,714,V66,9.18763012440511,overflow
385,1399,1412,V169,12.346391070120744,overflow
385,1399,1067,V183,14.46118952528998,overflow
386,1399,925,V34,12.268300526223484,overflow
388,967,1140,V12,4.548230871686798,overflow
388,967,794,V32,4.548315025166438,overflow
389,834,973,V39,10.076973504527178,overflow
396,525,172,V3,12.35164992665693,overflow
396,525,925,V473,15.90866891150228,overflow
396,856,1140,V1,17.938256579680917,overflow
396,856,794,V6,18.10474316960466,overflow
396,856,464,V2,11.080793243354975,overflow
397,928,1232,V168,8.28950012214804,overflow
397,928,973,V14,2.202808837490146,overflow
397,928,834,V507,7.925847526229188,overflow
398,928,925,V26,2.8524929798341074,overflow
398,928,873,V40,11.464626189279452,overflow
398,928,856,V92,13.497510700081442,overflow
398,928,1140,V37,6.2484548670441855,overflow
400,783,925,V86,12.804913262721543,overflow
400,579,1232,V75,18.33205273511288,overflow
400,579,1140,V48,14.579929042333728,overflow
406,928,856,V21,13.497510700081442,overflow
406,928,973,V2,2.202808837490146,overflow
406,928,1140,V38,6.2484548670441855,overflow
406,928,794,V58,5.8083597500151045,overflow
406,928,464,V88,14.930631823982267,overflow
406,928,402,V170,16.388066195777938,overflow
406,928,525,V569,18.21580338849598,overflow
406,928,850,V104,7.925847526229188,overflow
406,873,1213,V70,9.674072372960078,overflow
406,1187,1105,V39,4.4040530489389695,overflow
406,1187,1011,V83,5.851146926487822,overflow
407,579,1232,V41,18.33205273511288,overflow
407,579,873,V43,10.243397261423542,overflow
407,579,1140,V49,14.579929042333728,overflow
407,579,834,V69,7.256503514219511,overflow
407,579,1004,V73,12.093776951796409,overflow
407,1187,1399,V128,6.247627185540738,overflow
408,928,973,V7,2.202808837490146,overflow
408,928,1140,V10,6.2484548670441855,overflow
408,928,702,V22,11.847457656626572,overflow
408,928,579,V34,10.087254514060623,overflow
408,928,783,V50,15.577087902404868,overflow
408,928,714,V37,5.640508575131163,overflow
408,928,1412,V51,16.089571776562533,overflow
408,928,1067,V55,10.07507435147502,overflow
408,928,1187,V57,6.739067249150369,overflow
408,928,1232,V60,8.28950012214804,overflow
408,928,873,V61,11.464626189279452,overflow
408,928,856,V62,13.497510700081442,overflow
408,928,973,V66,2.202808837490146,overflow
408,928,1140,V68,6.2484548670441855,overflow
408,928,794,V80,5.8083597500151045,overflow
408,928,464,V81,14.930631823982267,overflow
408,928,834,V84,7.925847526229188,overflow
408,928,402,V87,16.388066195777938,overflow
408,928,702,V99,11.847457656626572,overflow
408,928,1004,V102,9.763940751913996,overflow
408,928,850,V107,7.925847526229188,overflow
408,928,1213,V121,17.083849184069507,overflow
408,928,579,V122,10.087254514060623,overflow
408,928,783,V123,15.577087902404868,overflow
408,928,714,V124,5.640508575131163,overflow
408,928,1412,V125,16.089571776562533,overflow
408,928,1067,V129,10.07507435147502,overflow
408,928,1187,V135,6.739067249150369,overflow
408,928,1232,V136,8.28950012214804,overflow
408,928,873,V142,11.464626189279452,overflow
408,928,856,V143,13.497510700081442,overflow
408,928,973,V146,2.202808837490146,overflow
408,928,1140,V149,6.2484548670441855,overflow
408,928,794,V153,5.8083597500151045,overflow
408,928,464,V175,14.930631823982267,overflow
408,928,834,V155,7.925847526229188,overflow
408,928,402,V180,16.388066195777938,overflow
408,928,702,V159,11.847457656626572,overflow
408,928,1004,V181,9.763940751913996,overflow
408,928,850,V195,7.925847526229188,overflow
408,928,1213,V199,17.083849184069507,overflow
408,928,579,V200,10.087254514060623,overflow
408,928,783,V202,15.577087902404868,overflow
408,928,714,V204,5.640508575131163,overflow
408,928,1412,V239,16.089571776562533,overflow
408,928,1067,V207,10.07507435147502,overflow
408,928,1187,V208,6.739067249150369,overflow
408,928,1232,V219,8.28950012214804,overflow
408,928,873,V222,11.464626189279452,overflow
408,928,856,V240,13.497510700081442,overflow
408,928,973,V226,2.202808837490146,overflow
408,928,1140,V247,6.2484548670441855,overflow
408,928,794,V250,5.8083597500151045,overflow
408,928,464,V276,14.930631823982267,overflow
408,928,834,V255,7.925847526229188,overflow
408,928,402,V291,16.388066195777938,overflow
408,928,702,V262,11.847457656626572,overflow
408,928,1004,V289,9.763940751913996,overflow
408,928,850,V293,7.925847526229188,overflow
408,928,1213,V329,17.083849184069507,overflow
409,967,925,V6,1.4630157462730349,overflow
409,967,1232,V12,9.421989977231084,overflow
409,967,834,V8,5.059118864445973,overflow
409,967,928,V14,3.962344440629368,overflow
409,967,1399,V29,11.280728646716137,overflow
410,850,928,V23,7.925847526229188,overflow
414,702,925,V43,9.423506251261468,overflow
415,714,925,V48,6.736742718055863,overflow
416,714,1232,V73,13.478191227023236,overflow
416,714,873,V77,13.140369150150514,overflow
416,714,1140,V7,11.751952287542252,overflow
416,714,794,V12,6.125367854472763,overflow
416,714,834,V20,9.18763012440511,overflow
416,714,928,V24,5.640508575131163,overflow
416,714,702,V28,11.41600413764035,overflow
416,714,1058,V25,8.895594131564904,overflow
416,714,579,V42,6.612071581984758,overflow
416,714,1187,V63,12.231441930901791,overflow
416,714,925,V53,6.736742718055863,overflow
416,714,1232,V85,13.478191227023236,overflow
416,714,873,V92,13.140369150150514,overflow
416,714,973,V59,6.739138237494938,overflow
416,714,1140,V65,11.751952287542252,overflow
416,714,794,V78,6.125367854472763,overflow
416,714,834,V89,9.18763012440511,overflow
416,714,928,V90,5.640508575131163,overflow
416,714,702,V94,11.41600413764035,overflow
416,714,1058,V91,8.895594131564904,overflow
416,714,525,V101,16.776431737541873,overflow
416,714,579,V93,6.612071581984758,overflow
416,714,1011,V96,8.663428210145675,overflow
416,1004,783,V47,7.966246489389644,overflow
416,1004,967,V61,5.811450880513226,overflow
416,1004,1187,V83,11.361508124700526,overflow
416,1004,925,V69,7.016854369636376,overflow
416,1004,1232,V88,13.548232944538976,overflow
416,1004,873,V106,3.839767699909918,overflow
416,1004,973,V142,11.462222395062687,overflow
416,1004,1140,V182,7.442778444077659,overflow
416,1004,794,V183,7.315405465360834,overflow
416,1004,834,V222,4.837273690103386,overflow
416,1004,928,V300,9.763940751913996,overflow
416,1004,702,V303,7.841523685223605,overflow
416,1004,1058,V315,10.515329624384115,overflow
416,1004,525,V332,13.497374421271203,overflow
416,1004,1213,V336,7.964083694664586,overflow
416,1004,579,V341,12.093776951796409,overflow
416,1004,1011,V340,6.654407802707156,overflow
416,1004,783,V356,7.966246489389644,overflow
416,1004,967,V376,5.811450880513226,overflow
416,1004,1187,V381,11.361508124700526,overflow
417,714,856,V100,12.80743720302119,overflow
417,714,856,V102,12.80743720302119,overflow
417,1004,1213,V8,7.964083694664586,overflow
417,1004,1187,V21,11.361508124700526,overflow
417,1004,925,V379,7.016854369636376,overflow
417,1004,856,V414,23.24935460589177,overflow
417,1004,794,V382,7.315405465360834,overflow
417,1004,1213,V383,7.964083694664586,overflow
417,1004,1187,V387,11.361508124700526,overflow
419,464,873,V75,22.865867451145075,overflow
419,464,1140,V122,21.137556298109768,overflow
421,1058,925,V2,5.058513634802797,overflow
421,1058,1232,V6,4.83687793721146,overflow
421,1058,402,V191,19.689963068329824,overflow
421,1058,928,V25,3.468670210314232,overflow
421,1058,1399,V39,9.34110519027368,overflow
422,834,925,V73,5.249047199856985,overflow
439,402,172,V7,15.328145780625992,overflow
439,1412,856,V97,14.733832640164646,overflow
439,1412,973,V110,14.027846499005278,overflow
440,1232,925,V9,9.649241749541863,overflow
440,1232,1140,V29,6.119741485129188,overflow
440,402,794,V1,11.081008814008824,overflow
440,402,464,V83,18.121881809636708,overflow
441,1232,856,V30,14.473652063742133,overflow
441,1232,1140,V38,6.119741485129188,overflow
441,1232,834,V46,14.473652063742133,overflow
441,579,402,V19,6.514036981260467,overflow
441,579,702,V75,6.612071581984758,overflow
442,1232,873,V52,16.80536252295166,overflow
442,1232,1399,V8,6.507057624431,overflow
442,1232,1058,V55,4.83687793721146,overflow
453,702,172,V79,18.858887720998347,overflow
453,702,1232,V82,18.84696316793992,overflow
453,702,973,V43,14.048686290771036,overflow
453,702,1140,V45,13.472348608720578,overflow
453,702,794,V23,6.125367854472763,overflow
453,702,834,V26,4.389831624444016,overflow
453,1412,1478,V3,19.12218634559805,overflow
453,1412,928,V11,16.089571776562533,overflow
453,1412,1004,V13,22.322654933963523,overflow
453,1412,1058,V15,13.015586494460262,overflow
453,1412,850,V16,14.733832640164646,overflow
454,702,856,V116,24.012408850433967,overflow
454,702,464,V51,20.168168841470333,overflow
454,702,1213,V57,14.16486062369625,overflow
454,702,200,V74,18.858887720998347,overflow
454,702,1011,V76,10.884143023519666,overflow
454,702,783,V83,5.250413373789177,overflow
455,1187,925,V4,7.6790367656671,overflow
455,1187,928,V7,6.739067249150369,overflow
455,1187,702,V33,16.72667802016658,overflow
455,1187,1058,V10,3.335847799336888,overflow
455,1187,850,V53,11.109127914371388,overflow
455,1187,579,V60,16.57993448038173,overflow
455,1187,1412,V61,11.00708650475215,overflow
455,1187,967,V46,7.314097191827283,overflow
455,1187,1067,V68,9.180879404297018,overflow
459,1399,856,V47,20.980478449683208,overflow
459,1399,1140,V10,6.738996195578808,overflow
459,1399,794,V11,15.826254339522078,overflow
463,525,172,V54,12.35164992665693,overflow
464,1399,925,V95,12.268300526223484,overflow
464,967,873,V25,7.925075031537542,overflow
464,967,794,V13,4.548315025166438,overflow
464,967,834,V63,5.059118864445973,overflow
464,967,928,V79,3.962344440629368,overflow
466,973,1232,V1,6.739053043647001,overflow
467,973,856,V8,11.88819151385629,overflow
467,973,1140,V21,6.509265047797015,overflow
467,973,834,V67,10.076973504527178,overflow
467,973,1399,V94,11.751170313633397,overflow
468,1478,925,V9,15.538947915471203,overflow
468,1004,1140,V71,7.442778444077659,overflow
470,1478,925,V43,15.538947915471203,overflow
470,1478,1140,V70,10.56486642729493,overflow
473,525,172,V34,12.35164992665693,overflow
474,1412,856,V1,14.733832640164646,overflow
474,1412,973,V50,14.027846499005278,overflow
476,1058,1232,V4,4.83687793721146,overflow
476,1058,873,V17,13.135447383238883,overflow
476,1058,464,V18,17.327738037204117,overflow
476,1058,834,V35,10.204580442928409,overflow
477,1232,925,V4,9.649241749541863,overflow
482,525,172,V151,12.35164992665693,overflow
482,834,925,V78,5.249047199856985,overflow
483,834,873,V23,3.963116935247085,overflow
483,834,973,V79,10.076973504527178,overflow
486,1213,925,V13,14.603468927185563,overflow
486,1213,873,V6,9.674072372960078,overflow
489,714,925,V90,6.736742718055863,overflow
489,714,856,V104,12.80743720302119,overflow
489,714,794,V139,6.125367854472763,overflow
489,714,464,V160,10.122771228736514,overflow
489,714,834,V192,9.18763012440511,overflow
490,525,873,V3,9.675337903778155,overflow
490,714,928,V7,5.640508575131163,overflow
490,714,702,V24,11.41600413764035,overflow
508,783,172,V151,17.768672451070774,overflow
508,928,1232,V22,8.28950012214804,overflow
508,928,873,V128,11.464626189279452,overflow
509,1067,856,V23,6.736061142864135,overflow
509,1067,973,V96,7.92352939429049,overflow
509,1067,1140,V135,12.55411324365653,overflow
509,402,794,V11,11.081008814008824,overflow
509,402,464,V71,18.121881809636708,overflow
511,1213,873,V2,9.674072372960078,overflow
511,973,834,V103,10.076973504527178,overflow
514,967,925,V4,1.4630157462730349,overflow
515,967,1232,V8,9.421989977231084,overflow
518,783,172,V535,17.768672451070774,overflow
518,783,925,V2,12.804913262721543,overflow
520,967,925,V9,1.4630157462730349,overflow
520,967,1232,V53,9.421989977231084,overflow
520,967,873,V87,7.925075031537542,overflow
520,967,973,V30,5.7043821114062,overflow
520,967,1140,V16,4.548230871686798,overflow
520,856,464,V4,11.080793243354975,overflow
521,794,834,V2,3.0622624863494035,overflow
523,702,873,V37,4.548357078342699,overflow
523,1105,856,V103,10.85018203537092,overflow
523,1105,1140,V21,7.683904782943718,overflow
525,967,925,V34,1.4630157462730349,overflow
525,967,1232,V50,9.421989977231084,overflow
525,967,973,V38,5.7043821114062,overflow
525,967,794,V48,4.548315025166438,overflow
526,579,464,V30,13.736208219113248,overflow
528,1412,1232,V9,8.805321213797965,overflow
528,925,973,V43,4.882215518422521,overflow
528,925,834,V45,5.249047199856985,overflow
539,402,172,V111,15.328145780625992,overflow
539,402,925,V132,14.913154476154167,overflow
539,402,873,V133,12.378588757843175,overflow
541,714,1232,V6,13.478191227023236,overflow
541,714,973,V69,6.739138237494938,overflow
541,714,464,V73,10.122771228736514,overflow
542,1105,856,V38,10.85018203537092,overflow
542,1105,973,V9,4.388654712140797,overflow
542,1105,1140,V18,7.683904782943718,overflow
543,928,925,V15,2.8524929798341074,overflow
543,1004,873,V1,3.839767699909918,overflow
544,928,873,V30,11.464626189279452,overflow
544,928,1140,V8,6.2484548670441855,overflow
554,402,172,V45,15.328145780625992,overflow
554,834,925,V61,5.249047199856985,overflow
554,1004,1232,V46,13.548232944538976,overflow
554,1004,973,V47,11.462222395062687,overflow
554,1004,794,V58,7.315405465360834,overflow
554,856,464,V3,11.080793243354975,overflow
555,1011,834,V4,6.510367578384317,overflow
555,1004,1478,V73,12.268284911360968,overflow
555,1004,928,V90,9.763940751913996,overflow
555,1004,702,V106,7.841523685223605,overflow
555,1004,1399,V116,12.567113648389872,overflow
555,1004,1058,V120,10.515329624384115,overflow
555,1004,525,V133,13.497374421271203,overflow
555,1004,850,V136,17.683455373897953,overflow
555,873,1213,V35,9.674072372960078,overflow
556,873,925,V13,8.629868015705554,overflow
557,525,873,V21,9.675337903778155,overflow
568,967,925,V3,1.4630157462730349,overflow
568,967,1232,V4,9.421989977231084,overflow
568,967,873,V5,7.925075031537542,overflow
570,1067,856,V34,6.736061142864135,overflow
570,1067,973,V41,7.92352939429049,overflow
570,1004,794,V8,7.315405465360834,overflow
571,1004,794,V29,7.315405465360834,overflow
571,1004,834,V33,4.837273690103386,overflow
571,1004,402,V54,15.567289730238285,overflow
571,1004,1478,V83,12.268284911360968,overflow
571,1004,928,V99,9.763940751913996,overflow
571,1004,702,V104,7.841523685223605,overflow
571,1004,1399,V126,12.567113648389872,overflow
571,1004,1058,V127,10.515329624384115,overflow
571,1004,525,V153,13.497374421271203,overflow
571,1004,1213,V167,7.964083694664586,overflow
573,402,172,V12,15.328145780625992,overflow
573,402,925,V19,14.913154476154167,overflow
574,402,1232,V21,24.47900353233401,overflow
574,402,856,V53,25.400068360240965,overflow
574,402,973,V22,18.419980035084063,overflow
574,402,1140,V24,20.041488041275294,overflow
574,402,834,V17,11.281169605088646,overflow
574,402,928,V27,16.388066195777938,overflow
574,402,1004,V28,15.567289730238285,overflow
574,1187,1399,V37,6.247627185540738,overflow
574,1187,1058,V5,3.335847799336888,overflow
576,1213,873,V10,9.674072372960078,overflow
576,1213,1140,V26,12.551534849108323,overflow
580,1187,1232,V36,2.2017655762295663,overflow
580,973,856,V103,11.88819151385629,overflow
582,925,873,V24,8.629868015705554,overflow
582,925,794,V7,3.8399670029013246,overflow
585,873,925,V4,8.629868015705554,overflow
586,525,172,V13,12.35164992665693,overflow
587,973,925,V39,4.882215518422521,overflow
587,973,1140,V145,6.509265047797015,overflow
587,973,794,V168,8.005758424200978,overflow
587,200,464,V1,8.783774420135625,overflow
588,973,925,V2,4.882215518422521,overflow
588,973,834,V14,10.076973504527178,overflow
589,850,1232,V173,11.078851145692578,overflow
589,850,856,V16,5.706192977163574,overflow
589,850,1140,V205,13.036256596755637,overflow
589,850,794,V216,12.413971394684204,overflow
589,702,402,V33,7.84160901068824,overflow
590,464,928,V1,14.930631823982267,overflow
590,702,1004,V64,7.841523685223605,overflow
604,702,172,V239,18.858887720998347,overflow
604,702,925,V33,9.423506251261468,overflow
604,702,873,V93,4.548357078342699,overflow
607,1140,925,V17,5.559746332228015,overflow
607,1140,873,V73,10.849467604025635,overflow
611,973,925,V64,4.882215518422521,overflow
612,973,925,V16,4.882215518422521,overflow
612,973,1232,V40,6.739053043647001,overflow
612,973,1140,V42,6.509265047797015,overflow
612,973,794,V44,8.005758424200978,overflow
613,834,873,V3,3.963116935247085,overflow
613,834,973,V9,10.076973504527178,overflow
614,834,925,V47,5.249047199856985,overflow
614,834,794,V52,3.0622624863494035,overflow
616,1232,925,V4,9.649241749541863,overflow
616,1232,856,V40,14.473652063742133,overflow
616,1232,834,V43,14.473652063742133,overflow
616,794,402,V51,11.081008814008824,overflow
617,525,172,V3,12.35164992665693,overflow
619,1213,925,V2,14.603468927185563,overflow
619,200,794,V12,17.329855363153897,overflow
619,200,464,V22,8.783774420135625,overflow
619,200,834,V28,19.692898710509187,overflow
620,1140,873,V25,10.849467604025635,overflow
622,1004,925,V7,7.016854369636376,overflow
622,1004,1232,V26,13.548232944538976,overflow
622,1058,856,V15,13.553007848447455,overflow
622,1058,973,V8,2.41855773034487,overflow
622,1058,794,V126,8.77829027244345,overflow
624,525,172,V28,12.35164992665693,overflow
624,1004,925,V20,7.016854369636376,overflow
624,1004,873,V31,3.839767699909918,overflow
624,1004,973,V32,11.462222395062687,overflow
624,1004,1140,V36,7.442778444077659,overflow
624,1004,794,V45,7.315405465360834,overflow
624,1004,464,V120,23.143896175717853,overflow
624,1004,1399,V65,12.567113648389872,overflow
624,1004,1058,V91,10.515329624384115,overflow
624,1004,850,V138,17.683455373897953,overflow
624,1004,579,V154,12.093776951796409,overflow
624,1004,1011,V47,6.654407802707156,overflow
624,1004,1412,V169,22.322654933963523,overflow
624,1004,967,V48,5.811450880513226,overflow
624,1004,1067,V181,19.04407463197984,overflow
625,525,925,V78,15.90866891150228,overflow
625,525,873,V24,9.675337903778155,overflow
626,1004,873,V2,3.839767699909918,overflow
626,1004,834,V31,4.837273690103386,overflow
626,1004,402,V418,15.567289730238285,overflow
626,1004,928,V422,9.763940751913996,overflow
626,525,702,V23,6.512937082064592,overflow
626,525,1058,V83,20.964033103094035,overflow
626,1232,850,V12,11.078851145692578,overflow
627,1004,794,V42,7.315405465360834,overflow
627,1004,834,V66,4.837273690103386,overflow
627,1004,1213,V70,7.964083694664586,overflow
627,1004,1011,V73,6.654407802707156,overflow
627,1004,783,V74,7.966246489389644,overflow
628,1004,925,V24,7.016854369636376,overflow
628,1004,1058,V97,10.515329624384115,overflow
628,1004,525,V106,13.497374421271203,overflow
631,850,973,V4,6.608947508553885,overflow
631,850,794,V20,12.413971394684204,overflow
631,850,464,V80,10.052673626423328,overflow
631,850,834,V138,15.216513464969486,overflow
632,850,873,V90,19.05211151685567,overflow
632,850,973,V3,6.608947508553885,overflow
632,850,928,V7,7.925847526229188,overflow
632,850,702,V95,18.37776366407494,overflow
632,850,1058,V25,8.672138339743874,overflow
632,925,1213,V97,14.603468927185563,overflow
632,925,1105,V27,8.810192302561815,overflow
644,1140,925,V2,5.559746332228015,overflow
644,1140,873,V10,10.849467604025635,overflow
645,1478,973,V8,16.94926120721475,overflow
646,1478,925,V42,15.538947915471203,overflow
646,1478,1232,V12,13.206936132693205,overflow
646,1478,1140,V5,10.56486642729493,overflow
646,1478,1399,V13,7.009492875361758,overflow
646,1478,1058,V47,14.62524653879426,overflow
648,1067,925,V29,12.80112469343922,overflow
648,783,873,V59,4.4064860569207775,overflow
649,1067,856,V4,6.736061142864135,overflow
649,1067,794,V32,15.745772705396131,overflow
649,1067,464,V35,15.596324992464188,overflow
649,1067,834,V37,17.994484200739958,overflow
649,783,402,V62,11.521692668209962,overflow
649,783,1004,V79,7.966246489389644,overflow
652,834,925,V6,5.249047199856985,overflow
652,834,873,V63,3.963116935247085,overflow
652,1478,973,V7,16.94926120721475,overflow
652,1478,1140,V3,10.56486642729493,overflow
653,579,1232,V48,18.33205273511288,overflow
654,794,925,V1,3.8399670029013246,overflow
654,794,873,V56,7.018858162934119,overflow
654,579,856,V258,19.267312298612403,overflow
654,579,973,V8,12.02013346271456,overflow
654,579,464,V41,13.736208219113248,overflow
654,579,1004,V52,12.093776951796409,overflow
654,579,1399,V287,21.318671859080585,overflow
654,579,1058,V68,13.4971193863272,overflow
654,579,1105,V110,16.385732596177622,overflow
654,579,1011,V25,11.281034038678854,overflow
654,579,714,V11,6.612071581984758,overflow
658,525,172,V9,12.35164992665693,overflow
658,525,925,V33,15.90866891150228,overflow
658,525,873,V59,9.675337903778155,overflow
660,1412,856,V79,14.733832640164646,overflow
661,783,873,V3,4.4064860569207775,overflow
662,783,1140,V32,15.22789003823726,overflow
663,714,1232,V24,13.478191227023236,overflow
663,714,873,V74,13.140369150150514,overflow
663,714,464,V10,10.122771228736514,overflow
663,783,1478,V47,18.994191672564124,overflow
663,783,928,V58,15.577087902404868,overflow
663,783,702,V90,5.250413373789177,overflow
663,783,1004,V94,7.966246489389644,overflow
676,402,172,V54,15.328145780625992,overflow
676,402,925,V4,14.913154476154167,overflow
678,579,1232,V59,18.33205273511288,overflow
678,579,973,V18,12.02013346271456,overflow
678,579,1140,V37,14.579929042333728,overflow
678,579,794,V41,5.55974633222762,overflow
678,579,402,V86,6.514036981260467,overflow
679,1011,925,V2,2.223898532891128,overflow
679,1011,873,V78,9.1842566129722,overflow
682,402,172,V54,15.328145780625992,overflow
682,1478,925,V14,15.538947915471203,overflow
682,1478,1232,V28,13.206936132693205,overflow
682,1478,1140,V3,10.56486642729493,overflow
682,1478,928,V32,16.795429231201826,overflow
682,1478,702,V44,20.105147324397244,overflow
682,873,525,V78,9.675337903778155,overflow
682,873,1213,V86,9.674072372960078,overflow
683,834,925,V18,5.249047199856985,overflow
684,1399,1232,V8,6.507057624431,overflow
685,925,973,V7,4.882215518422521,overflow
685,925,1140,V9,5.559746332228015,overflow
685,925,794,V1,3.8399670029013246,overflow
685,856,464,V37,11.080793243354975,overflow
688,525,172,V123,12.35164992665693,overflow
688,525,925,V194,15.90866891150228,overflow
688,525,873,V211,9.675337903778155,overflow
688,1058,856,V2,13.553007848447455,overflow
688,1058,973,V12,2.41855773034487,overflow
689,464,925,V19,16.731616825582336,overflow
689,464,1232,V21,20.81259910432051,overflow
689,783,873,V47,4.4064860569207775,overflow
696,967,925,V21,1.4630157462730349,overflow
696,967,973,V39,5.7043821114062,overflow
696,967,1140,V49,4.548230871686798,overflow
696,967,794,V76,4.548315025166438,overflow
696,1067,464,V51,15.596324992464188,overflow
696,1067,834,V253,17.994484200739958,overflow
697,1399,925,V32,12.268300526223484,overflow
697,702,402,V18,7.84160901068824,overflow
698,1399,794,V81,15.826254339522078,overflow
698,1399,1478,V26,7.009492875361758,overflow
698,1399,928,V89,12.37821780679595,overflow
698,834,702,V82,4.389831624444016,overflow
698,834,1004,V88,4.837273690103386,overflow
698,925,1058,V6,5.058513634802797,overflow
698,925,850,V10,10.694040075602611,overflow
698,925,1213,V422,14.603468927185563,overflow
698,579,200,V40,12.57636232869906,overflow
700,525,172,V5,12.35164992665693,overflow
700,525,873,V11,9.675337903778155,overflow
701,1140,1232,V29,6.119741485129188,overflow
701,973,856,V280,11.88819151385629,overflow
701,714,464,V69,10.122771228736514,overflow
701,714,834,V76,9.18763012440511,overflow
701,714,402,V85,13.045127894056412,overflow
701,1399,1478,V12,7.009492875361758,overflow
703,579,873,V126,10.243397261423542,overflow
704,1105,925,V96,8.810192302561815,overflow
704,1105,973,V103,4.388654712140797,overflow
704,1105,1140,V111,7.683904782943718,overflow
704,1105,794,V113,12.287533860803824,overflow
708,579,172,V3,21.511348652031973,overflow
708,579,925,V2,9.096756146766438,overflow
708,579,1232,V4,18.33205273511288,overflow
708,579,1140,V5,14.579929042333728,overflow
708,579,794,V27,5.55974633222762,overflow
708,579,464,V57,13.736208219113248,overflow
708,579,402,V28,6.514036981260467,overflow
708,579,1004,V60,12.093776951796409,overflow
708,579,1399,V62,21.318671859080585,overflow
708,579,1058,V68,13.4971193863272,overflow
708,579,525,V84,10.527425779295132,overflow
708,579,850,V158,14.052136310094992,overflow
708,579,1105,V554,16.385732596177622,overflow
708,579,714,V31,6.612071581984758,overflow
710,1187,925,V39,7.6790367656671,overflow
710,928,834,V170,7.925847526229188,overflow
710,928,702,V206,11.847457656626572,overflow
710,928,1004,V252,9.763940751913996,overflow
710,928,1399,V274,12.37821780679595,overflow
710,928,1058,V294,3.468670210314232,overflow
711,850,1232,V41,11.078851145692578,overflow
711,1187,873,V56,14.60457664934919,overflow
711,1187,856,V100,15.226827950407046,overflow
711,1187,973,V14,5.6404067966465385,overflow
712,702,925,V206,9.423506251261468,overflow
712,783,1058,V40,17.486864213198086,overflow
712,783,525,V44,6.671695598673383,overflow
712,783,1213,V78,11.11949266445603,overflow
712,783,1105,V334,21.4299278250006,overflow
712,783,579,V86,11.850386463154225,overflow
712,783,1011,V121,13.554200769268274,overflow
712,1187,1412,V101,11.00708650475215,overflow
712,1187,967,V45,7.314097191827283,overflow
712,1187,1067,V108,9.180879404297018,overflow
715,1004,925,V4,7.016854369636376,overflow
715,1004,873,V3,3.839767699909918,overflow
716,973,1232,V11,6.739053043647001,overflow
716,973,856,V12,11.88819151385629,overflow
716,973,1140,V16,6.509265047797015,overflow
717,702,925,V20,9.423506251261468,overflow
717,702,973,V23,14.048686290771036,overflow
719,1004,873,V3,3.839767699909918,overflow
719,1004,1140,V21,7.442778444077659,overflow
719,1004,794,V41,7.315405465360834,overflow
720,1067,856,V11,6.736061142864135,overflow
721,925,873,V1,8.629868015705554,overflow
721,925,973,V10,4.882215518422521,overflow
721,925,1140,V26,5.559746332228015,overflow
721,925,402,V211,14.913154476154167,overflow
721,925,1478,V259,15.538947915471203,overflow
724,973,925,V57,4.882215518422521,overflow
724,973,1232,V250,6.739053043647001,overflow
724,973,856,V295,11.88819151385629,overflow
724,973,1140,V322,6.509265047797015,overflow
724,973,1004,V411,11.462222395062687,overflow
724,973,1399,V446,11.751170313633397,overflow
724,973,1058,V38,2.41855773034487,overflow
724,402,525,V99,6.614151574587493,overflow
724,402,200,V211,13.570867804142528,overflow
725,579,873,V22,10.243397261423542,overflow
725,579,973,V29,12.02013346271456,overflow
726,1105,464,V58,17.107687775979528,overflow
726,1105,1478,V60,16.644260310570534,overflow
726,1105,928,V20,6.509632645551289,overflow
726,1105,1058,V28,3.961184888937906,overflow
726,1105,1011,V110,7.92275625179966,overflow
726,402,783,V2,11.521692668209962,overflow
726,402,714,V8,13.045127894056412,overflow
726,1067,1412,V18,8.946191032118977,overflow
727,925,873,V140,8.629868015705554,overflow
727,925,1140,V1,5.559746332228015,overflow
727,925,794,V14,3.8399670029013246,overflow
727,925,834,V23,5.249047199856985,overflow
727,925,702,V163,9.423506251261468,overflow
728,714,856,V205,12.80743720302119,overflow
728,928,1399,V20,12.37821780679595,overflow
729,714,925,V29,6.736742718055863,overflow
729,714,973,V209,6.739138237494938,overflow
731,1058,925,V4,5.058513634802797,overflow
731,1058,1232,V22,4.83687793721146,overflow
732,525,873,V163,9.675337903778155,overflow
733,1140,925,V40,5.559746332228015,overflow
733,1140,873,V166,10.849467604025635,overflow
734,1478,1232,V231,13.206936132693205,overflow
750,1105,1232,V6,3.8392690799482057,overflow
751,967,873,V4,7.925075031537542,overflow
751,967,973,V11,5.7043821114062,overflow
751,967,1140,V12,4.548230871686798,overflow
751,967,794,V36,4.548315025166438,overflow
752,1140,925,V12,5.559746332228015,overflow
752,1140,1232,V43,6.119741485129188,overflow
754,973,856,V134,11.88819151385629,overflow
754,973,1140,V6,6.509265047797015,overflow
754,973,794,V10,8.005758424200978,overflow
754,973,834,V78,10.076973504527178,overflow
755,973,925,V1,4.882215518422521,overflow
770,794,873,V4,7.018858162934119,overflow
771,1187,925,V9,7.6790367656671,overflow
771,1187,1232,V23,2.2017655762295663,overflow
771,1187,973,V37,5.6404067966465385,overflow
771,1187,1140,V41,3.960411314814771,overflow
771,1187,1478,V211,12.280518083533188,overflow
771,1187,928,V68,6.739067249150369,overflow
772,873,794,V4,7.018858162934119,overflow
779,402,172,V22,15.328145780625992,overflow
779,402,925,V31,14.913154476154167,overflow
781,579,973,V1,12.02013346271456,overflow
782,850,873,V58,19.05211151685567,overflow
782,850,794,V57,12.413971394684204,overflow
782,925,834,V9,5.249047199856985,overflow
782,925,928,V11,2.8524929798341074,overflow
782,925,1058,V14,5.058513634802797,overflow
783,850,925,V21,10.694040075602611,overflow
783,850,1232,V47,11.078851145692578,overflow
783,850,1140,V59,13.036256596755637,overflow
783,850,1058,V62,8.672138339743874,overflow
789,402,172,V58,15.328145780625992,overflow
789,402,873,V104,12.378588757843175,overflow
790,834,925,V12,5.249047199856985,overflow
790,973,856,V9,11.88819151385629,overflow
790,973,1140,V19,6.509265047797015,overflow
790,973,464,V21,14.912840443208973,overflow
790,973,928,V37,2.202808837490146,overflow
790,973,1004,V61,11.462222395062687,overflow
790,973,1399,V63,11.751170313633397,overflow
791,1058,873,V30,13.135447383238883,overflow
791,1058,794,V2,8.77829027244345,overflow
792,1478,1232,V32,13.206936132693205,overflow
792,1478,1140,V79,10.56486642729493,overflow
792,1478,928,V202,16.795429231201826,overflow
792,1478,1058,V233,14.62524653879426,overflow
792,794,525,V49,12.411444711524124,overflow
800,402,172,V27,15.328145780625992,overflow
800,402,925,V47,14.913154476154167,overflow
801,1004,873,V20,3.839767699909918,overflow
810,783,172,V95,17.768672451070774,overflow
810,783,925,V5,12.804913262721543,overflow
810,783,873,V74,4.4064860569207775,overflow
810,783,973,V109,17.685208029543023,overflow
810,783,794,V116,10.46245949147104,overflow
810,783,834,V117,7.689481736045675,overflow
810,783,402,V136,11.521692668209962,overflow
810,783,702,V177,5.250413373789177,overflow
810,1011,1399,V34,10.052549905308156,overflow
810,1011,1058,V25,3.961571514117998,overflow
811,1478,1140,V40,10.56486642729493,overflow
812,850,1232,V73,11.078851145692578,overflow
812,850,464,V92,10.052673626423328,overflow
813,1067,856,V28,6.736061142864135,overflow
814,1067,973,V1,7.92352939429049,overflow
814,702,834,V5,4.389831624444016,overflow
814,702,402,V7,7.84160901068824,overflow
815,1067,925,V22,12.80112469343922,overflow
815,1067,464,V29,15.596324992464188,overflow
815,1067,1478,V48,21.200532897879857,overflow
815,1067,928,V44,10.07507435147502,overflow
815,1067,1058,V59,8.554760866502043,overflow
815,1067,850,V65,5.87594370452583,overflow
817,525,172,V93,12.35164992665693,overflow
817,525,873,V37,9.675337903778155,overflow
818,1067,856,V28,6.736061142864135,overflow
818,525,794,V77,12.411444711524124,overflow
820,579,873,V7,10.243397261423542,overflow
820,579,973,V12,12.02013346271456,overflow
820,579,464,V56,13.736208219113248,overflow
820,579,402,V14,6.514036981260467,overflow
820,579,928,V20,10.087254514060623,overflow
820,579,702,V32,6.612071581984758,overflow
820,1478,1399,V23,7.009492875361758,overflow
820,1478,1058,V69,14.62524653879426,overflow
821,783,925,V78,12.804913262721543,overflow
821,856,1232,V28,14.473652063742133,overflow
821,1478,873,V74,15.82614542888024,overflow
821,1478,1140,V33,10.56486642729493,overflow
821,1478,834,V80,16.706287412191738,overflow
821,1478,850,V101,23.22006368739352,overflow
821,1478,1213,V82,9.419000433145635,overflow
821,1478,579,V138,23.658481146829327,overflow
821,1478,1011,V94,13.494566217296024,overflow
821,1478,1067,V110,21.200532897879857,overflow
821,1478,1187,V123,12.280518083533188,overflow
826,200,925,V77,19.74674473703068,overflow
826,1187,1232,V38,2.2017655762295663,overflow
827,1187,873,V65,14.60457664934919,overflow
827,1187,973,V67,5.6404067966465385,overflow
827,1187,1140,V68,3.960411314814771,overflow
827,1187,834,V76,12.342244898446324,overflow
829,1140,925,V80,5.559746332228015,overflow
829,1140,1232,V83,6.119741485129188,overflow
829,1140,873,V195,10.849467604025635,overflow
831,402,172,V87,15.328145780625992,overflow
831,402,925,V114,14.913154476154167,overflow
831,402,873,V115,12.378588757843175,overflow
834,1004,1232,V74,13.548232944538976,overflow
834,1004,794,V18,7.315405465360834,overflow
841,967,1232,V101,9.421989977231084,overflow
841,967,973,V148,5.7043821114062,overflow
841,967,794,V157,4.548315025166438,overflow
841,928,464,V89,14.930631823982267,overflow
841,928,1478,V205,16.795429231201826,overflow
841,928,525,V320,18.21580338849598,overflow
841,928,850,V96,7.925847526229188,overflow
842,714,794,V118,6.125367854472763,overflow
842,714,834,V124,9.18763012440511,overflow
842,702,402,V48,7.84160901068824,overflow
842,1399,928,V7,12.37821780679595,overflow
842,1399,1004,V21,12.567113648389872,overflow
843,702,873,V3,4.548357078342699,overflow
843,702,1140,V75,13.472348608720578,overflow
845,402,873,V48,12.378588757843175,overflow
845,967,973,V36,5.7043821114062,overflow
845,967,1140,V1,4.548230871686798,overflow
845,967,794,V5,4.548315025166438,overflow
846,1004,925,V3,7.016854369636376,overflow
846,1004,1232,V21,13.548232944538976,overflow
846,850,464,V18,10.052673626423328,overflow
879,1412,925,V22,18.07211283325024,overflow
879,1412,1232,V26,8.805321213797965,overflow
880,579,873,V81,10.243397261423542,overflow
880,579,856,V85,19.267312298612403,overflow
880,579,973,V142,12.02013346271456,overflow
880,579,1140,V336,14.579929042333728,overflow
880,579,794,V130,5.55974633222762,overflow
880,579,402,V150,6.514036981260467,overflow
881,579,873,V525,10.243397261423542,overflow
881,579,794,V14,5.55974633222762,overflow
885,928,925,V7,2.8524929798341074,overflow
885,928,856,V12,13.497510700081442,overflow
885,928,973,V36,2.202808837490146,overflow
885,928,1140,V59,6.2484548670441855,overflow
886,967,1232,V2,9.421989977231084,overflow
886,967,873,V35,7.925075031537542,overflow
887,579,925,V8,9.096756146766438,overflow
887,579,834,V13,7.256503514219511,overflow
887,579,928,V45,10.087254514060623,overflow
887,579,702,V68,6.612071581984758,overflow
888,973,794,V4,8.005758424200978,overflow
888,873,402,V35,12.378588757843175,overflow
888,873,1004,V3,3.839767699909918,overflow
905,1399,1232,V126,6.507057624431,overflow
905,579,873,V82,10.243397261423542,overflow
906,1399,925,V134,12.268300526223484,overflow
907,579,856,V52,19.267312298612403,overflow
907,579,1140,V62,14.579929042333728,overflow
907,579,794,V22,5.55974633222762,overflow
907,579,928,V64,10.087254514060623,overflow
907,579,1058,V79,13.4971193863272,overflow
907,579,850,V89,14.052136310094992,overflow
907,579,1213,V100,19.68761230650633,overflow
907,579,200,V107,12.57636232869906,overflow
907,579,1105,V110,16.385732596177622,overflow
907,579,1011,V117,11.281034038678854,overflow
907,1399,1412,V16,12.346391070120744,overflow
907,1399,967,V32,11.280728646716137,overflow
907,1399,1067,V54,14.46118952528998,overflow
907,1399,1187,V60,6.247627185540738,overflow
907,402,873,V1,12.378588757843175,overflow
908,1478,925,V19,15.538947915471203,overflow
908,1478,973,V21,16.94926120721475,overflow
908,1478,834,V23,16.706287412191738,overflow
908,1478,928,V30,16.795429231201826,overflow
908,1478,1399,V26,7.009492875361758,overflow
908,1478,1058,V29,14.62524653879426,overflow
910,856,925,V52,16.318086894445933,overflow
910,856,1232,V123,14.473652063742133,overflow
912,1140,1232,V7,6.119741485129188,overflow
917,1011,873,V18,9.1842566129722,overflow
917,1011,1140,V10,3.335847799336888,overflow
917,1011,794,V14,5.876008831303484,overflow
918,967,1232,V97,9.421989977231084,overflow
921,783,172,V319,17.768672451070774,overflow
923,1140,925,V144,5.559746332228015,overflow
923,1140,873,V234,10.849467604025635,overflow
924,973,856,V2,11.88819151385629,overflow
924,973,464,V62,14.912840443208973,overflow
924,973,834,V4,10.076973504527178,overflow
924,973,702,V70,14.048686290771036,overflow
924,973,1058,V99,2.41855773034487,overflow
925,1478,925,V12,15.538947915471203,overflow
925,1478,973,V22,16.94926120721475,overflow
925,1478,1140,V27,10.56486642729493,overflow
925,1478,928,V31,16.795429231201826,overflow
925,1213,525,V110,17.791188263129413,overflow
944,402,172,V11,15.328145780625992,overflow
944,402,873,V33,12.378588757843175,overflow
946,702,925,V3,9.423506251261468,overflow
946,1399,1232,V23,6.507057624431,overflow
947,1399,856,V36,20.980478449683208,overflow
947,1399,1140,V4,6.738996195578808,overflow
947,1399,794,V57,15.826254339522078,overflow
947,1399,834,V27,15.539391645120883,overflow
948,928,925,V24,2.8524929798341074,overflow
951,1399,1232,V64,6.507057624431,overflow
951,1004,873,V13,3.839767699909918,overflow
952,1399,925,V35,12.268300526223484,overflow
952,967,873,V52,7.925075031537542,overflow
952,967,1140,V109,4.548230871686798,overflow
952,967,794,V116,4.548315025166438,overflow
959,579,925,V39,9.096756146766438,overflow
962,579,925,V21,9.096756146766438,overflow
962,973,1232,V24,6.739053043647001,overflow
963,1399,1232,V1,6.507057624431,overflow
963,579,873,V7,10.243397261423542,overflow
963,579,973,V26,12.02013346271456,overflow
963,579,1140,V32,14.579929042333728,overflow
963,579,464,V31,13.736208219113248,overflow
963,579,834,V44,7.256503514219511,overflow
963,579,402,V61,6.514036981260467,overflow
965,525,172,V10,12.35164992665693,overflow
965,525,873,V22,9.675337903778155,overflow
968,1478,925,V18,15.538947915471203,overflow
975,856,925,V23,16.318086894445933,overflow
975,1004,873,V20,3.839767699909918,overflow
975,1004,973,V79,11.462222395062687,overflow
975,1004,1140,V22,7.442778444077659,overflow
975,1004,794,V62,7.315405465360834,overflow
976,928,873,V114,11.464626189279452,overflow
976,928,464,V123,14.930631823982267,overflow
977,794,925,V24,3.8399670029013246,overflow
978,783,172,V11,17.768672451070774,overflow
978,783,1232,V63,21.210313956402903,overflow
979,1011,925,V3,2.223898532891128,overflow
979,1058,856,V30,13.553007848447455,overflow
979,1058,973,V60,2.41855773034487,overflow
981,973,925,V29,4.882215518422521,overflow
981,973,1232,V35,6.739053043647001,overflow
981,973,1140,V40,6.509265047797015,overflow
981,973,834,V103,10.076973504527178,overflow
982,402,172,V14,15.328145780625992,overflow
982,402,464,V34,18.121881809636708,overflow
992,402,172,V3,15.328145780625992,overflow
992,402,925,V10,14.913154476154167,overflow
994,1213,925,V29,14.603468927185563,overflow
995,1399,1232,V2,6.507057624431,overflow
995,1067,856,V25,6.736061142864135,overflow
995,1067,973,V80,7.92352939429049,overflow
996,1067,464,V94,15.596324992464188,overflow
997,834,925,V4,5.249047199856985,overflow
997,834,873,V11,3.963116935247085,overflow
997,1067,856,V8,6.736061142864135,overflow
1021,464,925,V5,16.731616825582336,overflow
1021,464,856,V18,11.080793243354975,overflow
1021,464,973,V20,14.912840443208973,overflow
1022,1140,873,V321,10.849467604025635,overflow
1022,1140,794,V91,9.096545861200513,overflow
1022,1140,834,V130,9.120303414799448,overflow
1022,1140,1478,V202,10.56486642729493,overflow
1022,850,702,V4,18.37776366407494,overflow
1022,850,1058,V13,8.672138339743874,overflow
1024,973,925,V32,4.882215518422521,overflow
1024,794,873,V10,7.018858162934119,overflow
1030,402,172,V41,15.328145780625992,overflow
1030,402,925,V51,14.913154476154167,overflow
1030,1004,1232,V19,13.548232944538976,overflow
1030,1004,873,V6,3.839767699909918,overflow
1030,1004,794,V32,7.315405465360834,overflow
1030,1004,1478,V44,12.268284911360968,overflow
1030,1004,928,V103,9.763940751913996,overflow
1030,1004,1399,V132,12.567113648389872,overflow
1030,1004,1058,V143,10.515329624384115,overflow
1030,1004,850,V167,17.683455373897953,overflow
1030,1004,1213,V188,7.964083694664586,overflow
1031,402,873,V52,12.378588757843175,overflow
1031,402,1140,V66,20.041488041275294,overflow
1031,402,834,V73,11.281169605088646,overflow
1031,402,1004,V77,15.567289730238285,overflow
1031,402,200,V84,13.570867804142528,overflow
1031,402,1105,V317,22.80605450051949,overflow
1031,402,1011,V86,16.93184038136659,overflow
1031,402,714,V135,13.045127894056412,overflow
1033,928,925,V38,2.8524929798341074,overflow
1033,525,873,V194,9.675337903778155,overflow
1033,525,794,V203,12.411444711524124,overflow
1033,525,402,V208,6.614151574587493,overflow
1034,967,464,V143,18.19332331835528,overflow
1034,967,834,V29,5.059118864445973,overflow
1034,967,1478,V117,14.163846735607535,overflow
1034,967,1058,V129,5.247679923034634,overflow
1034,967,525,V171,15.935515917166311,overflow
1034,967,850,V134,11.888191513854997,overflow
1034,967,714,V140,8.192867163522228,overflow
1034,967,1187,V161,7.314097191827283,overflow
1034,967,925,V131,1.4630157462730349,overflow
1034,967,1232,V170,9.421989977231084,overflow
1034,967,464,V335,18.19332331835528,overflow
1037,928,925,V194,2.8524929798341074,overflow
1038,525,925,V171,15.90866891150228,overflow
1038,1067,1232,V138,8.002242999882604,overflow
1039,525,873,V39,9.675337903778155,overflow
1040,525,925,V3,15.90866891150228,overflow
1040,1058,856,V149,13.553007848447455,overflow
1040,1058,1140,V7,4.404400893299181,overflow
1040,1058,794,V177,8.77829027244345,overflow
1040,1058,834,V213,10.204580442928409,overflow
1051,1004,925,V94,7.016854369636376,overflow
1053,1004,1232,V18,13.548232944538976,overflow
1054,1004,925,V39,7.016854369636376,overflow
1054,1004,873,V41,3.839767699909918,overflow
1060,873,925,V53,8.629868015705554,overflow
1062,1232,856,V110,14.473652063742133,overflow
1062,1232,973,V12,6.739053043647001,overflow
1062,1232,1140,V15,6.119741485129188,overflow
1062,1232,464,V138,20.81259910432051,overflow
1062,525,402,V4,6.614151574587493,overflow
1062,525,702,V50,6.512937082064592,overflow
1063,1232,925,V88,9.649241749541863,overflow
1063,834,873,V5,3.963116935247085,overflow
1063,834,794,V9,3.0622624863494035,overflow
1063,834,1399,V11,15.539391645120883,overflow
1063,834,1058,V19,10.204580442928409,overflow
1063,834,200,V43,19.692898710509187,overflow
1063,834,1105,V33,14.045233535461502,overflow
1063,834,783,V13,7.689481736045675,overflow
1065,402,172,V4,15.328145780625992,overflow
1065,402,873,V48,12.378588757843175,overflow
1065,1232,856,V289,14.473652063742133,overflow
1065,1232,973,V77,6.739053043647001,overflow
1065,1232,1140,V312,6.119741485129188,overflow
1065,525,579,V46,10.527425779295132,overflow
1066,1067,925,V105,12.80112469343922,overflow
1066,1067,1232,V10,8.002242999882604,overflow
1066,1067,1140,V112,12.55411324365653,overflow
1066,1067,794,V119,15.745772705396131,overflow
1066,1067,464,V144,15.596324992464188,overflow
1066,402,834,V21,11.281169605088646,overflow
1067,402,973,V28,18.419980035084063,overflow
1067,1399,1478,V18,7.009492875361758,overflow
1067,1105,928,V399,6.509632645551289,overflow
1068,1399,925,V36,12.268300526223484,overflow
1068,1213,873,V72,9.674072372960078,overflow
1068,1213,525,V211,17.791188263129413,overflow
1069,1213,172,V217,28.026630727376045,overflow
1069,1213,402,V224,21.884142001205166,overflow
1069,1213,702,V131,14.16486062369625,overflow
1069,1213,1058,V222,16.75664673959281,overflow
1069,1213,850,V236,24.912341119523507,overflow
1070,783,925,V7,12.804913262721543,overflow
1070,973,856,V28,11.88819151385629,overflow
1070,973,1140,V54,6.509265047797015,overflow
1070,973,794,V67,8.005758424200978,overflow
1070,973,834,V76,10.076973504527178,overflow
1070,1187,1478,V22,12.280518083533188,overflow
1070,1187,928,V24,6.739067249150369,overflow
1071,973,1232,V42,6.739053043647001,overflow
1071,967,873,V10,7.925075031537542,overflow
1071,967,1004,V38,5.811450880513226,overflow
1072,1058,925,V30,5.058513634802797,overflow
1072,1058,973,V44,2.41855773034487,overflow
1072,1058,928,V45,3.468670210314232,overflow
1072,1058,579,V222,13.4971193863272,overflow
1072,1058,1011,V52,3.961571514117998,overflow
1072,1058,1187,V59,3.335847799336888,overflow
1072,1058,925,V60,5.058513634802797,overflow
1072,1058,973,V64,2.41855773034487,overflow
1072,1058,1140,V73,4.404400893299181,overflow
1072,1058,794,V127,8.77829027244345,overflow
1072,714,464,V144,10.122771228736514,overflow
1072,714,834,V164,9.18763012440511,overflow
1073,714,925,V53,6.736742718055863,overflow
1073,714,402,V166,13.045127894056412,overflow
1073,714,702,V172,11.41600413764035,overflow
1073,714,1058,V61,8.895594131564904,overflow
1073,714,850,V94,7.4471861231509155,overflow
1073,714,1105,V176,10.705966675098557,overflow
1073,714,1011,V183,8.663428210145675,overflow
1073,714,967,V184,8.192867163522228,overflow
1073,714,1067,V185,12.344128539882757,overflow
1073,714,925,V186,6.736742718055863,overflow
1073,714,1140,V187,11.751952287542252,overflow
1073,714,794,V196,6.125367854472763,overflow
1073,714,402,V204,13.045127894056412,overflow
1073,714,702,V229,11.41600413764035,overflow
1073,714,1399,V246,18.018266211078156,overflow
1073,714,1058,V230,8.895594131564904,overflow
1073,714,850,V283,7.4471861231509155,overflow
1073,714,200,V284,13.478531625480986,overflow
1073,714,1105,V292,10.705966675098557,overflow
1073,714,579,V303,6.612071581984758,overflow
1073,714,1011,V311,8.663428210145675,overflow
1076,1058,925,V12,5.058513634802797,overflow
1076,1058,1232,V11,4.83687793721146,overflow
1077,873,973,V26,13.496121499721363,overflow
1077,873,794,V41,7.018858162934119,overflow
1077,873,464,V116,22.865867451145075,overflow
1077,873,834,V45,3.963116935247085,overflow
1077,873,1478,V56,15.82614542888024,overflow
1077,873,928,V58,11.464626189279452,overflow
1077,873,1399,V71,16.381643901185154,overflow
1077,873,525,V83,9.675337903778155,overflow
1077,873,850,V99,19.05211151685567,overflow
1077,873,1105,V101,17.09113028720051,overflow
1077,873,967,V107,7.925075031537542,overflow
1077,873,1187,V122,14.60457664934919,overflow
1077,873,1232,V126,16.80536252295166,overflow
1077,873,856,V145,24.750513902772017,overflow
1077,873,973,V128,13.496121499721363,overflow
1077,873,794,V132,7.018858162934119,overflow
1077,873,464,V151,22.865867451145075,overflow
1077,873,834,V140,3.963116935247085,overflow
1077,873,1478,V146,15.82614542888024,overflow
1077,873,928,V149,11.464626189279452,overflow
1077,873,702,V152,4.548357078342699,overflow
1077,873,1399,V155,16.381643901185154,overflow
1077,873,525,V156,9.675337903778155,overflow
1077,873,850,V173,19.05211151685567,overflow
1077,873,200,V239,22.81076777126768,overflow
1077,873,1105,V200,17.09113028720051,overflow
1077,873,714,V170,13.140369150150514,overflow
1077,873,967,V188,7.925075031537542,overflow
1077,873,1187,V201,14.60457664934919,overflow
1077,873,1232,V206,16.80536252295166,overflow
1077,873,856,V441,24.750513902772017,overflow
1077,873,973,V202,13.496121499721363,overflow
1077,873,1140,V209,10.849467604025635,overflow
1077,873,794,V218,7.018858162934119,overflow
1077,873,464,V262,22.865867451145075,overflow
1077,873,834,V221,3.963116935247085,overflow
1077,873,1478,V223,15.82614542888024,overflow
1077,873,928,V226,11.464626189279452,overflow
1077,873,702,V243,4.548357078342699,overflow
1077,873,1399,V249,16.381643901185154,overflow
1077,873,525,V250,9.675337903778155,overflow
1077,873,850,V290,19.05211151685567,overflow
1077,873,200,V336,22.81076777126768,overflow
1077,873,1105,V307,17.09113028720051,overflow
1077,873,579,V275,10.243397261423542,overflow
1077,873,714,V315,13.140369150150514,overflow
1077,873,967,V320,7.925075031537542,overflow
1077,873,1187,V323,14.60457664934919,overflow
1080,794,925,V12,3.8399670029013246,overflow
1080,1187,1232,V73,2.2017655762295663,overflow
1080,1187,873,V119,14.60457664934919,overflow
1080,1187,973,V127,5.6404067966465385,overflow
1080,1187,1140,V187,3.960411314814771,overflow
1080,1187,464,V246,20.37695310275684,overflow
1080,1187,834,V201,12.342244898446324,overflow
1082,1412,856,V43,14.733832640164646,overflow
1084,783,925,V140,12.804913262721543,overflow
1086,1004,1232,V5,13.548232944538976,overflow
1086,1004,1140,V19,7.442778444077659,overflow
1088,1213,873,V80,9.674072372960078,overflow
1088,973,856,V11,11.88819151385629,overflow
1088,973,1140,V9,6.509265047797015,overflow
1089,525,172,V333,12.35164992665693,overflow
1089,525,794,V436,12.411444711524124,overflow
1089,525,834,V451,10.886391578093734,overflow
1090,1213,1232,V3,18.052391004569408,overflow
1090,1213,402,V18,21.884142001205166,overflow
1090,1213,1478,V10,9.419000433145635,overflow
1090,1213,928,V17,17.083849184069507,overflow
1090,1213,702,V20,14.16486062369625,overflow
1090,1213,1058,V24,16.75664673959281,overflow
1090,1187,850,V1,11.109127914371388,overflow
1090,525,200,V453,20.15939071988792,overflow
1090,525,579,V4,10.527425779295132,overflow
1090,525,1011,V459,17.39283322509588,overflow
1090,525,783,V7,6.671695598673383,overflow
1090,525,714,V463,16.776431737541873,overflow
1091,1399,873,V31,16.381643901185154,overflow
1091,1399,1140,V71,6.738996195578808,overflow
1091,1399,1004,V78,12.567113648389872,overflow
1091,1399,1412,V87,12.346391070120744,overflow
1092,1105,925,V13,8.810192302561815,overflow
1092,1105,1140,V45,7.683904782943718,overflow
1092,1105,464,V94,17.107687775979528,overflow
1092,1105,1399,V221,10.237902514270164,overflow
1092,1105,850,V246,7.255791794533394,overflow
1092,1478,967,V313,14.163846735607535,overflow
1095,967,1232,V34,9.421989977231084,overflow
1096,1004,873,V13,3.839767699909918,overflow
1096,1232,973,V11,6.739053043647001,overflow
1103,525,172,V12,12.35164992665693,overflow
1103,525,925,V19,15.90866891150228,overflow
1103,525,873,V20,9.675337903778155,overflow
1103,1067,973,V15,7.92352939429049,overflow
1103,1067,1140,V21,12.55411324365653,overflow
1103,1067,1058,V22,8.554760866502043,overflow
1103,1067,850,V26,5.87594370452583,overflow
1105,794,873,V3,7.018858162934119,overflow
1105,702,1140,V29,13.472348608720578,overflow
1107,967,925,V80,1.4630157462730349,overflow
1107,967,794,V90,4.548315025166438,overflow
1108,967,1140,V4,4.548230871686798,overflow
1108,967,834,V24,5.059118864445973,overflow
1112,464,1232,V2,20.81259910432051,overflow
1113,579,925,V102,9.096756146766438,overflow
1113,850,856,V18,5.706192977163574,overflow
1114,850,873,V74,19.05211151685567,overflow
1114,850,973,V7,6.608947508553885,overflow
1114,850,1140,V8,13.036256596755637,overflow
1114,702,402,V6,7.84160901068824,overflow
1114,702,1004,V19,7.841523685223605,overflow
1114,702,1058,V41,14.468812957232682,overflow
1114,702,525,V40,6.512937082064592,overflow
1114,1399,1105,V14,10.237902514270164,overflow
1114,794,579,V11,5.55974633222762,overflow
1114,794,1011,V16,5.876008831303484,overflow
1114,794,1187,V63,11.519003477970214,overflow
1114,794,925,V64,3.8399670029013246,overflow
1122,1058,856,V24,13.553007848447455,overflow
1122,1058,973,V23,2.41855773034487,overflow
1122,1058,1140,V32,4.404400893299181,overflow
1122,1058,794,V34,8.77829027244345,overflow
1122,1058,1478,V38,14.62524653879426,overflow
1122,1058,702,V42,14.468812957232682,overflow
1122,1058,1399,V35,9.34110519027368,overflow
1122,1004,525,V10,13.497374421271203,overflow
1122,1004,850,V50,17.683455373897953,overflow
1122,579,200,V9,12.57636232869906,overflow
1130,856,973,V111,11.88819151385629,overflow
1131,856,1140,V115,17.938256579680917,overflow
1131,579,402,V20,6.514036981260467,overflow
1131,579,928,V49,10.087254514060623,overflow
1132,1067,1232,V32,8.002242999882604,overflow
1132,579,873,V13,10.243397261423542,overflow
1132,464,856,V8,11.080793243354975,overflow
1132,464,973,V22,14.912840443208973,overflow
1132,464,834,V78,19.020751367868925,overflow
1133,579,172,V51,21.511348652031973,overflow
1133,579,925,V25,9.096756146766438,overflow
1133,579,702,V56,6.612071581984758,overflow
1133,579,1058,V61,13.4971193863272,overflow
1133,579,525,V62,10.527425779295132,overflow
1133,579,1213,V148,19.68761230650633,overflow
1133,579,200,V66,12.57636232869906,overflow
1133,579,1011,V106,11.281034038678854,overflow
1133,579,783,V140,11.850386463154225,overflow
1133,579,172,V172,21.511348652031973,overflow
1133,579,925,V146,9.096756146766438,overflow
1133,1412,1232,V55,8.805321213797965,overflow
1136,1067,925,V111,12.80112469343922,overflow
1136,1067,1140,V145,12.55411324365653,overflow
1137,1478,873,V69,15.82614542888024,overflow
1137,1478,794,V72,18.19275457179061,overflow
1138,579,856,V333,19.267312298612403,overflow
1140,794,925,V4,3.8399670029013246,overflow
1140,794,1232,V72,13.471439449058977,overflow
1140,794,873,V9,7.018858162934119,overflow
1140,794,1140,V14,9.096545861200513,overflow
1140,794,928,V86,5.8083597500151045,overflow
1140,794,1004,V93,7.315405465360834,overflow
1143,973,925,V5,4.882215518422521,overflow
1143,973,873,V16,13.496121499721363,overflow
1143,973,856,V19,11.88819151385629,overflow
1143,973,794,V6,8.005758424200978,overflow
1143,834,402,V133,11.281169605088646,overflow
1143,834,928,V8,7.925847526229188,overflow
1143,834,1004,V154,4.837273690103386,overflow
1144,834,1399,V157,15.539391645120883,overflow
1144,834,1058,V56,10.204580442928409,overflow
1144,834,525,V159,10.886391578093734,overflow
1144,834,850,V163,15.216513464969486,overflow
1144,834,1105,V169,14.045233535461502,overflow
1144,834,579,V49,7.256503514219511,overflow
1144,834,1011,V178,6.510367578384317,overflow
1144,834,783,V179,7.689481736045675,overflow
1144,834,714,V183,9.18763012440511,overflow
1147,579,172,V50,21.511348652031973,overflow
1147,579,925,V2,9.096756146766438,overflow
1147,579,1232,V7,18.33205273511288,overflow
1147,579,1140,V10,14.579929042333728,overflow
1147,579,794,V6,5.55974633222762,overflow
1147,579,464,V12,13.736208219113248,overflow
1149,1399,925,V4,12.268300526223484,overflow
1149,1399,856,V28,20.980478449683208,overflow
1149,1399,1140,V29,6.738996195578808,overflow
1149,1399,794,V43,15.826254339522078,overflow
1149,1399,834,V46,15.539391645120883,overflow
1151,1067,873,V31,21.383746569034415,overflow
1151,1067,1140,V36,12.55411324365653,overflow
1151,1067,464,V47,15.596324992464188,overflow
1151,1067,1478,V48,21.200532897879857,overflow
1151,1067,1058,V65,8.554760866502043,overflow
1151,1067,850,V39,5.87594370452583,overflow
1153,928,925,V65,2.8524929798341074,overflow
1153,928,1140,V141,6.2484548670441855,overflow
1153,928,794,V155,5.8083597500151045,overflow
1157,1399,925,V6,12.268300526223484,overflow
1157,1399,1232,V37,6.507057624431,overflow
1157,464,856,V39,11.080793243354975,overflow
1157,834,973,V13,10.076973504527178,overflow
1157,834,1140,V30,9.120303414799448,overflow
1157,834,402,V44,11.281169605088646,overflow
1157,834,928,V64,7.925847526229188,overflow
1157,834,1058,V73,10.204580442928409,overflow
1157,834,525,V81,10.886391578093734,overflow
1157,834,850,V124,15.216513464969486,overflow
1157,834,1213,V131,12.569063966979074,overflow
1157,834,1105,V169,14.045233535461502,overflow
1157,834,579,V97,7.256503514219511,overflow
1157,834,1011,V109,6.510367578384317,overflow
1157,834,714,V155,9.18763012440511,overflow
1158,1399,873,V62,16.381643901185154,overflow
1158,1399,794,V72,15.826254339522078,overflow
1158,1399,702,V205,19.741079331307574,overflow
1158,1399,1412,V74,12.346391070120744,overflow
1158,1399,925,V87,12.268300526223484,overflow
1158,1399,1232,V7,6.507057624431,overflow
1158,1399,873,V88,16.381643901185154,overflow
1158,464,856,V17,11.080793243354975,overflow
1158,464,973,V77,14.912840443208973,overflow
1160,783,172,V71,17.768672451070774,overflow
1160,783,925,V76,12.804913262721543,overflow
1161,714,873,V111,13.140369150150514,overflow
1161,714,1140,V103,11.751952287542252,overflow
1161,714,834,V105,9.18763012440511,overflow
1161,714,928,V107,5.640508575131163,overflow
1161,1067,1399,V197,14.46118952528998,overflow
1161,1067,1058,V168,8.554760866502043,overflow
1162,702,925,V23,9.423506251261468,overflow
1163,1058,856,V191,13.553007848447455,overflow
1163,1058,1140,V119,4.404400893299181,overflow
1164,873,973,V78,13.496121499721363,overflow
1164,873,794,V13,7.018858162934119,overflow
1164,873,402,V51,12.378588757843175,overflow
1164,873,702,V5,4.548357078342699,overflow
1164,873,1058,V111,13.135447383238883,overflow
1166,1105,1232,V97,3.8392690799482057,overflow
1166,1105,873,V120,17.09113028720051,overflow
1166,1105,973,V126,4.388654712140797,overflow
1166,1105,464,V130,17.107687775979528,overflow
1166,1105,928,V141,6.509632645551289,overflow
1167,834,925,V156,5.249047199856985,overflow
1167,1187,856,V36,15.226827950407046,overflow
1167,1187,702,V47,16.72667802016658,overflow
1168,1011,973,V7,4.881725510082577,overflow
1168,1011,794,V15,5.876008831303484,overflow
1168,967,402,V107,15.541607685822626,overflow
1168,967,928,V18,3.962344440629368,overflow
1168,967,1058,V27,5.247679923034634,overflow
1168,967,1213,V45,13.213201406808306,overflow
1169,783,873,V24,4.4064860569207775,overflow
1169,783,973,V173,17.685208029543023,overflow
1169,783,834,V34,7.689481736045675,overflow
1170,1004,925,V11,7.016854369636376,overflow
1170,1004,1140,V20,7.442778444077659,overflow
1170,1004,834,V10,4.837273690103386,overflow
1170,1004,1478,V32,12.268284911360968,overflow
1170,1004,1399,V40,12.567113648389872,overflow
1179,1004,925,V3,7.016854369636376,overflow
1184,1004,925,V5,7.016854369636376,overflow
1186,1011,925,V4,2.223898532891128,overflow
1187,1213,873,V3,9.674072372960078,overflow
1187,1399,973,V12,11.751170313633397,overflow
1187,1011,794,V14,5.876008831303484,overflow
1187,1011,834,V39,6.510367578384317,overflow
1187,1011,1478,V61,13.494566217296024,overflow
1187,1011,928,V191,3.6167275925925466,overflow
1187,1011,850,V199,11.365584452473476,overflow
1188,464,925,V42,16.731616825582336,overflow
1188,464,200,V63,8.783774420135625,overflow
1192,1004,925,V50,7.016854369636376,overflow
1193,1004,1232,V220,13.548232944538976,overflow
1195,1004,925,V2,7.016854369636376,overflow
1195,1004,873,V6,3.839767699909918,overflow
1199,1478,1232,V1,13.206936132693205,overflow
1200,402,925,V37,14.913154476154167,overflow
1202,928,1232,V62,8.28950012214804,overflow
1202,928,873,V111,11.464626189279452,overflow
1202,928,856,V370,13.497510700081442,overflow
1202,928,1140,V8,6.2484548670441855,overflow
1202,928,794,V14,5.8083597500151045,overflow
1202,1478,464,V30,31.7024158957394,overflow
1202,1478,834,V24,16.706287412191738,overflow
1203,714,973,V12,6.739138237494938,overflow
1203,714,928,V197,5.640508575131163,overflow
1203,714,702,V212,11.41600413764035,overflow
1204,402,873,V7,12.378588757843175,overflow
1205,967,925,V5,1.4630157462730349,overflow
1205,967,1232,V28,9.421989977231084,overflow
1205,967,873,V18,7.925075031537542,overflow
1205,850,856,V26,5.706192977163574,overflow
1205,794,402,V14,11.081008814008824,overflow
1205,794,1058,V77,8.77829027244345,overflow
1205,794,1213,V102,15.264021951318778,overflow
1205,794,1105,V109,12.287533860803824,overflow
1205,794,1011,V117,5.876008831303484,overflow
1205,794,783,V143,10.46245949147104,overflow
1205,794,714,V160,6.125367854472763,overflow
1206,525,925,V23,15.90866891150228,overflow
1206,525,973,V32,20.41598808925938,overflow
1206,525,702,V70,6.512937082064592,overflow
1206,525,1058,V80,20.964033103094035,overflow
1206,525,579,V115,10.527425779295132,overflow
1206,525,925,V122,15.90866891150228,overflow
1207,783,925,V11,12.804913262721543,overflow
1207,783,1140,V27,15.22789003823726,overflow
1207,783,794,V15,10.46245949147104,overflow
1207,1399,1478,V31,7.009492875361758,overflow
1209,714,1232,V25,13.478191227023236,overflow
1209,714,973,V38,6.739138237494938,overflow
1209,714,834,V43,9.18763012440511,overflow
1209,714,928,V46,5.640508575131163,overflow
1209,714,702,V48,11.41600413764035,overflow
1209,714,850,V106,7.4471861231509155,overflow
1209,873,1213,V18,9.674072372960078,overflow
1209,873,1011,V24,9.1842566129722,overflow
1210,873,172,V184,21.67040367014321,overflow
1210,714,856,V271,12.80743720302119,overflow
1210,714,1140,V115,11.751952287542252,overflow
1210,714,794,V6,6.125367854472763,overflow
1210,714,834,V287,9.18763012440511,overflow
1210,714,850,V30,7.4471861231509155,overflow
1212,200,925,V129,19.74674473703068,overflow
1212,200,973,V502,20.03769715038758,overflow
1212,1213,834,V51,12.569063966979074,overflow
1213,200,794,V124,17.329855363153897,overflow
1213,1213,1478,V9,9.419000433145635,overflow
1213,1213,702,V10,14.16486062369625,overflow
1213,1213,1399,V21,14.023004509700716,overflow
1213,1213,525,V56,17.791188263129413,overflow
1214,200,402,V145,13.570867804142528,overflow
1214,200,1105,V146,23.42834668162101,overflow
1215,200,172,V156,26.67103780134694,overflow
1215,200,1232,V161,26.68678239469392,overflow
1215,200,973,V177,20.03769715038758,overflow
1215,200,794,V191,17.329855363153897,overflow
1215,200,850,V209,17.344866095864173,overflow
1215,200,783,V215,23.862165274375425,overflow
1215,200,714,V238,13.478531625480986,overflow
1217,1140,925,V33,5.559746332228015,overflow
1217,1140,973,V50,6.509265047797015,overflow
1217,1140,794,V53,9.096545861200513,overflow
1219,1004,794,V3,7.315405465360834,overflow
1219,402,464,V62,18.121881809636708,overflow
1219,402,834,V37,11.281169605088646,overflow
1220,1004,925,V39,7.016854369636376,overflow
1220,1004,1232,V41,13.548232944538976,overflow
1220,1004,973,V54,11.462222395062687,overflow
1220,1004,1140,V55,7.442778444077659,overflow
1220,1004,1478,V56,12.268284911360968,overflow
1220,1004,928,V59,9.763940751913996,overflow
1220,1004,702,V63,7.841523685223605,overflow
1220,1004,1058,V65,10.515329624384115,overflow
1220,1004,525,V77,13.497374421271203,overflow
1220,1004,850,V100,17.683455373897953,overflow
1220,402,200,V257,13.570867804142528,overflow
1220,856,1105,V155,10.85018203537092,overflow
1223,1105,925,V58,8.810192302561815,overflow
1224,1011,1140,V11,3.335847799336888,overflow
1224,1011,834,V16,6.510367578384317,overflow
1224,1011,402,V17,16.93184038136659,overflow
1224,1011,1399,V32,10.052549905308156,overflow
1224,1011,783,V35,13.554200769268274,overflow
1224,1011,1412,V49,16.64651643490022,overflow
1224,1011,1187,V57,5.851146926487822,overflow
1224,1011,925,V66,2.223898532891128,overflow
1224,1011,1140,V78,3.335847799336888,overflow
1224,1011,834,V87,6.510367578384317,overflow
1224,1011,402,V140,16.93184038136659,overflow
1224,1011,1478,V119,13.494566217296024,overflow
1224,1011,702,V88,10.884143023519666,overflow
1224,1011,1399,V92,10.052549905308156,overflow
1224,1011,525,V193,17.39283322509588,overflow
1224,1011,783,V199,13.554200769268274,overflow
1224,1011,1412,V232,16.64651643490022,overflow
1224,1011,1067,V95,12.40745751794731,overflow
1224,1011,1187,V90,5.851146926487822,overflow
1224,1011,925,V101,2.223898532891128,overflow
1224,1011,1140,V103,3.335847799336888,overflow
1224,1011,834,V112,6.510367578384317,overflow
1224,1011,402,V247,16.93184038136659,overflow
1224,1011,1478,V200,13.494566217296024,overflow
1224,1011,702,V113,10.884143023519666,overflow
1224,1011,1399,V118,10.052549905308156,overflow
1224,1011,525,V254,17.39283322509588,overflow
1224,1011,850,V135,11.365584452473476,overflow
1224,1011,783,V238,13.554200769268274,overflow
1224,1011,1412,V272,16.64651643490022,overflow
1224,1011,1067,V136,12.40745751794731,overflow
1224,1232,1187,V1,2.2017655762295663,overflow
1224,928,925,V4,2.8524929798341074,overflow
1224,928,873,V152,11.464626189279452,overflow
1224,928,1140,V15,6.2484548670441855,overflow
1224,928,464,V196,14.930631823982267,overflow
1224,928,834,V21,7.925847526229188,overflow
1225,1187,925,V55,7.6790367656671,overflow
1226,928,973,V40,2.202808837490146,overflow
1226,928,1140,V182,6.2484548670441855,overflow
1226,928,1058,V47,3.468670210314232,overflow
1227,783,172,V35,17.768672451070774,overflow
1227,928,1232,V51,8.28950012214804,overflow
1227,525,402,V193,6.614151574587493,overflow
1227,525,702,V254,6.512937082064592,overflow
1228,579,925,V27,9.096756146766438,overflow
1228,579,856,V45,19.267312298612403,overflow
1228,579,464,V73,13.736208219113248,overflow
1228,579,702,V97,6.612071581984758,overflow
1228,579,1399,V102,21.318671859080585,overflow
1228,579,525,V230,10.527425779295132,overflow
1228,579,1213,V236,19.68761230650633,overflow
1228,579,714,V239,6.612071581984758,overflow
1228,928,1412,V53,16.089571776562533,overflow
1228,928,967,V72,3.962344440629368,overflow
1228,928,1067,V130,10.07507435147502,overflow
1231,794,925,V62,3.8399670029013246,overflow
1231,794,1232,V339,13.471439449058977,overflow
1231,794,873,V154,7.018858162934119,overflow
1231,794,973,V191,8.005758424200978,overflow
1233,1187,925,V366,7.6790367656671,overflow
1235,1399,1232,V16,6.507057624431,overflow
1235,1399,873,V273,16.381643901185154,overflow
1236,1011,925,V215,2.223898532891128,overflow
1237,1399,1232,V18,6.507057624431,overflow
1238,967,873,V51,7.925075031537542,overflow
1238,967,794,V3,4.548315025166438,overflow
1239,967,925,V26,1.4630157462730349,overflow
1243,1213,925,V1,14.603468927185563,overflow
1243,1213,1232,V9,18.052391004569408,overflow
1243,1213,973,V10,18.36260104007094,overflow
1243,1213,1140,V6,12.551534849108323,overflow
1243,1213,794,V17,15.264021951318778,overflow
1244,579,873,V14,10.243397261423542,overflow
1244,1067,856,V34,6.736061142864135,overflow
1245,1140,1232,V6,6.119741485129188,overflow
1245,1140,873,V16,10.849467604025635,overflow
1245,525,402,V37,6.614151574587493,overflow
1246,1140,925,V40,5.559746332228015,overflow
1246,1140,973,V45,6.509265047797015,overflow
1246,1140,1399,V49,6.738996195578808,overflow
1246,1140,850,V66,13.036256596755637,overflow
1250,925,973,V19,4.882215518422521,overflow
1250,925,1140,V35,5.559746332228015,overflow
1251,1105,925,V78,8.810192302561815,overflow
1252,464,873,V489,22.865867451145075,overflow
1252,464,834,V27,19.020751367868925,overflow
1252,464,402,V63,18.121881809636708,overflow
1252,1399,1478,V2,7.009492875361758,overflow
1252,1105,928,V8,6.509632645551289,overflow
1260,579,925,V195,9.096756146766438,overflow
1260,1232,973,V40,6.739053043647001,overflow
1260,1105,794,V8,12.287533860803824,overflow
1261,1105,1232,V2,3.8392690799482057,overflow
1262,1187,925,V4,7.6790367656671,overflow
1262,1105,856,V42,10.85018203537092,overflow
1262,1105,834,V74,14.045233535461502,overflow
1272,579,925,V25,9.096756146766438,overflow
1272,579,1232,V35,18.33205273511288,overflow
1272,579,873,V53,10.243397261423542,overflow
1272,579,856,V63,19.267312298612403,overflow
1272,579,1140,V67,14.579929042333728,overflow
1272,579,834,V68,7.256503514219511,overflow
1272,579,402,V79,6.514036981260467,overflow
1272,579,702,V84,6.612071581984758,overflow
1273,928,834,V15,7.925847526229188,overflow
1274,973,925,V19,4.882215518422521,overflow
1274,973,1140,V38,6.509265047797015,overflow
1274,973,794,V106,8.005758424200978,overflow
1275,973,1232,V7,6.739053043647001,overflow
1275,973,834,V97,10.076973504527178,overflow
1275,200,402,V10,13.570867804142528,overflow
1276,973,925,V24,4.882215518422521,overflow
1276,973,928,V28,2.202808837490146,overflow
1276,973,702,V33,14.048686290771036,overflow
1276,973,1004,V47,11.462222395062687,overflow
1283,1478,1232,V68,13.206936132693205,overflow
1284,1478,925,V97,15.538947915471203,overflow
1285,1478,1232,V78,13.206936132693205,overflow
1302,1213,172,V22,28.026630727376045,overflow
1302,1213,925,V3,14.603468927185563,overflow
1302,1213,1232,V20,18.052391004569408,overflow
1303,925,973,V3,4.882215518422521,overflow
1304,1478,873,V91,15.82614542888024,overflow
1304,1478,1140,V1,10.56486642729493,overflow
1305,200,925,V53,19.74674473703068,overflow
1305,200,794,V73,17.329855363153897,overflow
1305,200,464,V82,8.783774420135625,overflow
1305,200,834,V84,19.692898710509187,overflow
1306,1213,873,V6,9.674072372960078,overflow
1306,1004,973,V48,11.462222395062687,overflow
1306,967,402,V111,15.541607685822626,overflow
1307,834,925,V84,5.249047199856985,overflow
1308,1011,873,V1,9.1842566129722,overflow
1308,1187,856,V122,15.226827950407046,overflow
1308,1187,973,V71,5.6404067966465385,overflow
1308,1187,1140,V110,3.960411314814771,overflow
1308,1187,794,V273,11.519003477970214,overflow
1308,1187,1478,V274,12.280518083533188,overflow
1308,1187,928,V120,6.739067249150369,overflow
1309,1011,925,V2,2.223898532891128,overflow
1309,1011,834,V11,6.510367578384317,overflow
1309,1011,702,V28,10.884143023519666,overflow
1309,1011,1399,V30,10.052549905308156,overflow
1309,1011,1058,V18,3.961571514117998,overflow
1313,702,172,V1,18.858887720998347,overflow
1313,702,925,V2,9.423506251261468,overflow
1313,702,1232,V28,18.84696316793992,overflow
1313,702,873,V24,4.548357078342699,overflow
1313,464,856,V46,11.080793243354975,overflow
1313,464,973,V66,14.912840443208973,overflow
1315,834,925,V83,5.249047199856985,overflow
1315,834,1232,V84,14.473652063742133,overflow
1315,834,873,V59,3.963116935247085,overflow
1315,464,856,V71,11.080793243354975,overflow
1316,973,925,V18,4.882215518422521,overflow
1316,973,794,V20,8.005758424200978,overflow
1328,783,172,V1,17.768672451070774,overflow
1328,783,925,V32,12.804913262721543,overflow
1328,783,1232,V50,21.210313956402903,overflow
1328,783,873,V56,4.4064860569207775,overflow
1328,783,973,V81,17.685208029543023,overflow
1328,783,1140,V87,15.22789003823726,overflow
1328,783,794,V88,10.46245949147104,overflow
1329,579,925,V20,9.096756146766438,overflow
1329,579,873,V22,10.243397261423542,overflow
1329,579,794,V27,5.55974633222762,overflow
1330,1058,973,V32,2.41855773034487,overflow
1330,928,464,V18,14.930631823982267,overflow
1330,928,1399,V91,12.37821780679595,overflow
1331,702,1232,V105,18.84696316793992,overflow
1331,702,873,V5,4.548357078342699,overflow
1331,702,1140,V9,13.472348608720578,overflow
1332,1105,925,V30,8.810192302561815,overflow
1347,925,1232,V17,9.649241749541863,overflow
1347,925,873,V5,8.629868015705554,overflow
1350,525,172,V170,12.35164992665693,overflow
1351,794,925,V3,3.8399670029013246,overflow
1352,967,925,V13,1.4630157462730349,overflow
1352,967,1232,V290,9.421989977231084,overflow
1360,1058,1140,V23,4.404400893299181,overflow
1360,925,794,V22,3.8399670029013246,overflow
1361,967,794,V14,4.548315025166438,overflow
1361,967,464,V34,18.19332331835528,overflow
1361,967,834,V19,5.059118864445973,overflow
1361,967,402,V35,15.541607685822626,overflow
1361,967,1478,V44,14.163846735607535,overflow
1361,967,702,V46,9.424975322198348,overflow
1361,967,1004,V54,5.811450880513226,overflow
1361,967,1399,V57,11.280728646716137,overflow
1361,967,1058,V68,5.247679923034634,overflow
1361,967,525,V69,15.935515917166311,overflow
1361,967,850,V71,11.888191513854997,overflow
1361,967,1213,V72,13.213201406808306,overflow
1362,702,925,V13,9.423506251261468,overflow
1362,856,1232,V28,14.473652063742133,overflow
1363,1213,1140,V5,12.551534849108323,overflow
1363,834,928,V19,7.925847526229188,overflow
1363,834,1004,V100,4.837273690103386,overflow
1363,856,1399,V33,20.980478449683208,overflow
1365,525,172,V74,12.35164992665693,overflow
1365,525,925,V75,15.90866891150228,overflow
1365,525,873,V85,9.675337903778155,overflow
1365,1067,973,V6,7.92352939429049,overflow
1365,1067,1140,V7,12.55411324365653,overflow
1365,1067,464,V39,15.596324992464188,overflow
1366,834,873,V10,3.963116935247085,overflow
1366,834,794,V12,3.0622624863494035,overflow
1366,834,1478,V51,16.706287412191738,overflow
1366,834,1004,V36,4.837273690103386,overflow
1366,834,1399,V96,15.539391645120883,overflow
1366,834,1058,V38,10.204580442928409,overflow
1366,834,1213,V58,12.569063966979074,overflow
1366,834,1105,V102,14.045233535461502,overflow
1366,834,1011,V41,6.510367578384317,overflow
1366,834,783,V55,7.689481736045675,overflow
1366,834,714,V62,9.18763012440511,overflow
1366,1067,1412,V11,8.946191032118977,overflow
1366,1067,967,V32,13.49334191116594,overflow
1366,1067,1187,V22,9.180879404297018,overflow
1366,525,172,V98,12.35164992665693,overflow
1366,525,873,V129,9.675337903778155,overflow
1367,834,925,V45,5.249047199856985,overflow
1367,834,1232,V61,14.473652063742133,overflow
1367,834,973,V79,10.076973504527178,overflow
1367,834,402,V107,11.281169605088646,overflow
1367,834,702,V115,4.389831624444016,overflow
1367,834,850,V116,15.216513464969486,overflow
1369,714,925,V28,6.736742718055863,overflow
1369,714,973,V44,6.739138237494938,overflow
1369,714,1140,V62,11.751952287542252,overflow
1370,783,873,V7,4.4064860569207775,overflow
1371,794,925,V48,3.8399670029013246,overflow
1373,834,925,V9,5.249047199856985,overflow
1382,525,172,V24,12.35164992665693,overflow
1382,525,925,V47,15.90866891150228,overflow
1382,525,873,V10,9.675337903778155,overflow
1382,1105,856,V1,10.85018203537092,overflow
1382,1105,1140,V2,7.683904782943718,overflow
1382,402,834,V23,11.281169605088646,overflow
1382,402,702,V27,7.84160901068824,overflow
1383,1232,973,V65,6.739053043647001,overflow
1385,714,925,V59,6.736742718055863,overflow
1386,464,856,V17,11.080793243354975,overflow
1386,973,1140,V15,6.509265047797015,overflow
1386,973,794,V47,8.005758424200978,overflow
1386,579,402,V26,6.514036981260467,overflow
1386,579,702,V31,6.612071581984758,overflow
1387,834,925,V29,5.249047199856985,overflow
1387,834,873,V30,3.963116935247085,overflow
1389,850,925,V33,10.694040075602611,overflow
1389,1232,873,V9,16.80536252295166,overflow
1389,1232,856,V13,14.473652063742133,overflow
1389,1232,834,V14,14.473652063742133,overflow
1390,1140,925,V55,5.559746332228015,overflow
