time_step,start,end,vehicle,distance
20,885,931,V29,3.0617002345235647
20,885,931,V123,3.0617002345235647
20,885,931,V258,3.0617002345235647
24,917,834,V24,3.617203703030827
24,917,834,V26,3.617203703030827
24,917,834,V27,3.617203703030827
24,917,834,V32,3.617203703030827
24,917,834,V33,3.617203703030827
24,917,834,V34,3.617203703030827
24,917,834,V35,3.617203703030827
24,917,834,V52,3.617203703030827
24,885,882,V28,2.852794790784161
24,885,882,V253,2.852794790784161
24,965,882,V29,3.616965677313317
24,1013,931,V471,4.405443882921528
28,917,834,V24,3.617203703030827
28,917,834,V70,3.617203703030827
28,917,834,V71,3.617203703030827
28,917,834,V72,3.617203703030827
28,917,834,V73,3.617203703030827
28,965,882,V37,3.616965677313317
28,965,882,V364,3.616965677313317
28,1013,885,V58,3.46869779664105
32,917,834,V32,3.617203703030827
32,917,834,V75,3.617203703030827
32,917,834,V76,3.617203703030827
32,917,834,V77,3.617203703030827
32,917,834,V78,3.617203703030827
32,917,834,V79,3.617203703030827
32,917,834,V80,3.617203703030827
32,917,834,V109,3.617203703030827
32,1013,885,V324,3.46869779664105
32,1013,885,V480,3.46869779664105
36,783,659,V21,5.809594285895007
36,783,659,V25,5.809594285895007
36,783,659,V28,5.809594285895007
36,783,659,V42,5.809594285895007
36,885,931,V60,3.0617002345235647
40,917,834,V26,3.617203703030827
40,917,834,V143,3.617203703030827
40,917,834,V186,3.617203703030827
40,885,931,V56,3.0617002345235647
40,882,965,V60,3.616965677313317
44,917,834,V33,3.617203703030827
44,917,834,V42,3.617203703030827
44,917,834,V60,3.617203703030827
44,917,834,V69,3.617203703030827
44,917,834,V72,3.617203703030827
44,917,834,V189,3.617203703030827
44,917,834,V196,3.617203703030827
44,1229,1276,V36,3.959637309104105
44,1229,1276,V54,3.959637309104105
44,1229,1276,V58,3.959637309104105
44,882,965,V57,3.616965677313317
44,882,965,V71,3.616965677313317
44,882,965,V136,3.616965677313317
48,917,834,V197,3.617203703030827
48,917,834,V198,3.617203703030827
48,917,834,V201,3.617203703030827
48,885,882,V40,2.852794790784161
52,885,882,V39,2.852794790784161
52,885,882,V40,2.852794790784161
52,885,882,V48,2.852794790784161
52,885,882,V58,2.852794790784161
52,885,882,V63,2.852794790784161
52,885,882,V68,2.852794790784161
52,885,882,V69,2.852794790784161
52,885,882,V79,2.852794790784161
52,917,834,V202,3.617203703030827
52,917,834,V204,3.617203703030827
52,917,834,V205,3.617203703030827
52,917,834,V221,3.617203703030827
52,917,834,V222,3.617203703030827
52,917,834,V223,3.617203703030827
56,885,882,V196,2.852794790784161
60,885,882,V30,2.852794790784161
60,885,882,V42,2.852794790784161
60,885,882,V44,2.852794790784161
60,885,882,V198,2.852794790784161
60,885,882,V222,2.852794790784161
60,885,882,V223,2.852794790784161
60,965,882,V285,3.616965677313317
60,917,834,V244,3.617203703030827
60,917,834,V246,3.617203703030827
60,917,834,V248,3.617203703030827
60,917,834,V249,3.617203703030827
60,783,659,V21,5.809594285895007
60,783,659,V26,5.809594285895007
64,708,834,V46,4.389831624444016
64,708,834,V159,4.389831624444016
64,708,834,V160,4.389831624444016
64,708,834,V182,4.389831624444016
64,708,834,V185,4.389831624444016
64,708,834,V197,4.389831624444016
64,708,834,V199,4.389831624444016
64,708,834,V203,4.389831624444016
64,708,834,V242,4.389831624444016
64,708,834,V249,4.389831624444016
64,708,834,V250,4.389831624444016
64,708,834,V276,4.389831624444016
64,708,834,V279,4.389831624444016
64,708,834,V325,4.389831624444016
64,783,659,V21,5.809594285895007
64,783,659,V23,5.809594285895007
64,783,659,V27,5.809594285895007
64,783,659,V30,5.809594285895007
64,783,659,V31,5.809594285895007
64,783,659,V32,5.809594285895007
64,783,659,V34,5.809594285895007
64,783,659,V37,5.809594285895007
64,783,659,V38,5.809594285895007
64,708,535,V452,4.548441137468074
64,708,535,V471,4.548441137468074
64,708,535,V476,4.548441137468074
64,708,535,V546,4.548441137468074
64,359,535,V119,5.855067293961566
64,359,535,V126,5.855067293961566
64,359,535,V202,5.855067293961566
64,359,535,V207,5.855067293961566
64,1013,931,V33,4.405443882921528
64,1013,931,V225,4.405443882921528
64,1013,931,V265,4.405443882921528
64,1013,931,V274,4.405443882921528
64,1013,931,V278,4.405443882921528
64,1013,931,V285,4.405443882921528
64,849,931,V109,4.4061387562478425
64,1102,885,V54,5.875878565174106
64,1102,885,V59,5.875878565174106
64,1102,885,V61,5.875878565174106
64,1102,885,V123,5.875878565174106
64,1102,885,V134,5.875878565174106
64,1102,885,V152,5.875878565174106
64,1102,885,V196,5.875878565174106
64,1091,965,V64,4.388654712140797
64,1091,965,V67,4.388654712140797
64,1091,965,V71,4.388654712140797
68,849,931,V40,4.4061387562478425
68,849,931,V116,4.4061387562478425
68,849,931,V256,4.4061387562478425
68,849,931,V275,4.4061387562478425
68,849,931,V284,4.4061387562478425
68,849,931,V285,4.4061387562478425
68,849,931,V327,4.4061387562478425
68,849,931,V333,4.4061387562478425
68,849,931,V366,4.4061387562478425
68,783,659,V22,5.809594285895007
68,783,659,V24,5.809594285895007
68,783,659,V25,5.809594285895007
68,783,659,V29,5.809594285895007
68,783,659,V30,5.809594285895007
68,783,659,V31,5.809594285895007
68,783,659,V32,5.809594285895007
68,783,659,V33,5.809594285895007
68,882,708,V27,4.837510953567602
68,882,708,V36,4.837510953567602
68,882,708,V123,4.837510953567602
68,882,708,V134,4.837510953567602
68,672,708,V131,6.751878981086827
68,672,708,V189,6.751878981086827
68,1102,885,V71,5.875878565174106
68,1102,885,V330,5.875878565174106
68,1102,885,V339,5.875878565174106
68,1102,885,V340,5.875878565174106
68,359,535,V26,5.855067293961566
68,359,535,V209,5.855067293961566
68,359,535,V210,5.855067293961566
68,1102,1013,V421,3.616251246210677
68,1102,1013,V423,3.616251246210677
68,1102,1013,V427,3.616251246210677
68,917,834,V42,3.617203703030827
68,1091,834,V85,6.739095652327052
68,1091,834,V101,6.739095652327052
68,1091,965,V104,4.388654712140797
68,1091,965,V105,4.388654712140797
72,885,931,V38,3.0617002345235647
72,885,931,V71,3.0617002345235647
72,885,931,V104,3.0617002345235647
72,885,931,V105,3.0617002345235647
72,885,931,V221,3.0617002345235647
72,1091,834,V112,6.739095652327052
72,1091,834,V114,6.739095652327052
72,1091,834,V115,6.739095652327052
72,1091,834,V121,6.739095652327052
72,1091,834,V122,6.739095652327052
72,885,882,V285,2.852794790784161
72,885,882,V304,2.852794790784161
72,1091,917,V133,4.837115435970083
72,1091,917,V141,4.837115435970083
72,359,535,V53,5.855067293961566
72,359,535,V212,5.855067293961566
72,783,659,V24,5.809594285895007
72,1229,1276,V23,3.959637309104105
72,1091,965,V142,4.388654712140797
76,1091,834,V151,6.739095652327052
76,1091,834,V161,6.739095652327052
76,1091,834,V162,6.739095652327052
76,1091,834,V183,6.739095652327052
76,1091,834,V184,6.739095652327052
76,1091,834,V186,6.739095652327052
76,1091,834,V187,6.739095652327052
76,1091,834,V188,6.739095652327052
76,1091,834,V190,6.739095652327052
76,1091,834,V191,6.739095652327052
76,1091,834,V192,6.739095652327052
76,1091,834,V193,6.739095652327052
76,1091,834,V194,6.739095652327052
76,1091,834,V195,6.739095652327052
76,1091,834,V245,6.739095652327052
76,1091,834,V251,6.739095652327052
76,672,708,V367,6.751878981086827
76,672,708,V508,6.751878981086827
76,672,708,V509,6.751878981086827
76,672,708,V510,6.751878981086827
76,1091,965,V252,4.388654712140797
76,1091,965,V253,4.388654712140797
76,1091,965,V255,4.388654712140797
76,1091,965,V258,4.388654712140797
76,1229,1276,V25,3.959637309104105
76,1229,1276,V340,3.959637309104105
76,359,535,V213,5.855067293961566
76,359,535,V214,5.855067293961566
76,1091,917,V259,4.837115435970083
80,965,834,V40,3.83986736177262
80,965,834,V73,3.83986736177262
80,965,834,V74,3.83986736177262
80,965,834,V122,3.83986736177262
80,965,834,V368,3.83986736177262
80,708,834,V39,4.389831624444016
80,1091,834,V26,6.739095652327052
80,1091,834,V34,6.739095652327052
80,1091,834,V260,6.739095652327052
80,1091,834,V261,6.739095652327052
80,1091,834,V262,6.739095652327052
80,1091,834,V269,6.739095652327052
80,1091,834,V270,6.739095652327052
80,1091,834,V283,6.739095652327052
80,1091,834,V291,6.739095652327052
80,1091,834,V292,6.739095652327052
80,1091,834,V293,6.739095652327052
80,1091,834,V294,6.739095652327052
80,1091,834,V295,6.739095652327052
80,1091,834,V296,6.739095652327052
80,1091,834,V297,6.739095652327052
80,1229,1276,V25,3.959637309104105
80,1229,1276,V66,3.959637309104105
80,1229,1276,V585,3.959637309104105
80,1229,1276,V599,3.959637309104105
80,1106,1276,V29,4.836798739645476
80,1106,1276,V69,4.836798739645476
80,885,882,V49,2.852794790784161
80,885,882,V63,2.852794790784161
80,783,659,V31,5.809594285895007
84,708,834,V39,4.389831624444016
84,708,834,V73,4.389831624444016
84,708,834,V74,4.389831624444016
84,1091,834,V502,6.739095652327052
84,1091,834,V541,6.739095652327052
84,783,834,V24,7.689481736045675
84,783,834,V25,7.689481736045675
84,783,834,V26,7.689481736045675
84,783,834,V29,7.689481736045675
84,783,834,V31,7.689481736045675
84,783,834,V32,7.689481736045675
84,783,834,V33,7.689481736045675
84,783,834,V34,7.689481736045675
84,783,834,V40,7.689481736045675
84,783,834,V42,7.689481736045675
84,783,834,V45,7.689481736045675
84,783,834,V48,7.689481736045675
84,783,834,V49,7.689481736045675
84,783,834,V61,7.689481736045675
84,783,834,V63,7.689481736045675
84,783,834,V66,7.689481736045675
84,783,834,V78,7.689481736045675
84,783,834,V79,7.689481736045675
84,783,834,V101,7.689481736045675
84,783,834,V104,7.689481736045675
84,783,834,V105,7.689481736045675
84,783,834,V114,7.689481736045675
84,783,834,V115,7.689481736045675
84,783,834,V116,7.689481736045675
84,783,834,V119,7.689481736045675
84,783,834,V121,7.689481736045675
84,783,834,V122,7.689481736045675
84,783,834,V123,7.689481736045675
84,783,834,V124,7.689481736045675
84,783,834,V125,7.689481736045675
84,783,834,V126,7.689481736045675
84,1106,1276,V30,4.836798739645476
84,1106,1276,V107,4.836798739645476
84,1106,1276,V434,4.836798739645476
84,1102,885,V69,5.875878565174106
88,917,834,V24,3.617203703030827
88,917,834,V26,3.617203703030827
88,917,834,V31,3.617203703030827
88,917,834,V32,3.617203703030827
88,917,834,V40,3.617203703030827
88,917,834,V42,3.617203703030827
88,1229,1276,V56,3.959637309104105
88,1106,1276,V62,4.836798739645476
88,1106,1276,V436,4.836798739645476
92,917,834,V49,3.617203703030827
92,917,834,V63,3.617203703030827
92,917,834,V74,3.617203703030827
92,917,834,V101,3.617203703030827
92,917,834,V104,3.617203703030827
92,708,834,V33,4.389831624444016
92,708,834,V39,4.389831624444016
92,708,834,V45,4.389831624444016
92,708,834,V47,4.389831624444016
92,708,834,V52,4.389831624444016
92,708,834,V70,4.389831624444016
92,882,965,V40,3.616965677313317
92,882,965,V42,3.616965677313317
92,882,965,V48,3.616965677313317
92,882,965,V50,3.616965677313317
96,965,834,V190,3.83986736177262
96,882,885,V21,2.852794790784161
100,708,834,V70,4.389831624444016
100,708,834,V124,4.389831624444016
104,708,834,V125,4.389831624444016
104,708,834,V130,4.389831624444016
104,708,834,V144,4.389831624444016
104,885,882,V70,2.852794790784161
104,1013,882,V30,3.839767699909249
104,1013,882,V72,3.839767699909249
108,1091,965,V68,4.388654712140797
108,1091,965,V73,4.388654712140797
108,1091,965,V76,4.388654712140797
108,1091,965,V78,4.388654712140797
108,1091,965,V79,4.388654712140797
108,1091,965,V105,4.388654712140797
108,1091,965,V114,4.388654712140797
108,1091,965,V122,4.388654712140797
108,1091,965,V141,4.388654712140797
108,1091,965,V143,4.388654712140797
108,1091,965,V159,4.388654712140797
108,1091,965,V185,4.388654712140797
108,1013,882,V30,3.839767699909249
108,931,882,V23,5.812636165404913
108,931,882,V150,5.812636165404913
108,1091,917,V191,4.837115435970083
108,1091,917,V342,4.837115435970083
108,931,885,V151,3.0617002345235647
108,931,885,V152,3.0617002345235647
108,1229,1276,V61,3.959637309104105
108,783,834,V24,7.689481736045675
108,535,708,V75,4.548441137468074
112,1102,882,V65,7.314751476768936
112,1102,882,V106,7.314751476768936
112,1102,882,V165,7.314751476768936
112,1102,882,V185,7.314751476768936
112,1102,882,V367,7.314751476768936
112,1102,882,V373,7.314751476768936
112,1102,882,V433,7.314751476768936
112,1102,882,V437,7.314751476768936
112,783,659,V21,5.809594285895007
112,783,659,V23,5.809594285895007
112,783,659,V24,5.809594285895007
112,783,659,V25,5.809594285895007
112,783,659,V27,5.809594285895007
112,849,931,V46,4.4061387562478425
112,849,931,V61,4.4061387562478425
112,849,931,V156,4.4061387562478425
112,849,931,V371,4.4061387562478425
112,849,931,V374,4.4061387562478425
112,535,708,V147,4.548441137468074
112,535,708,V148,4.548441137468074
112,535,708,V157,4.548441137468074
112,535,708,V195,4.548441137468074
112,535,708,V245,4.548441137468074
112,1182,1013,V126,5.283249325636405
112,1229,1013,V196,5.640389822593795
112,1229,1013,V327,5.640389822593795
112,1229,1013,V381,5.640389822593795
112,672,885,V51,5.876204136119103
112,672,885,V69,5.876204136119103
112,672,885,V80,5.876204136119103
112,672,885,V82,5.876204136119103
112,1091,834,V94,6.739095652327052
112,783,834,V28,7.689481736045675
112,1229,965,V436,8.77672016628073
116,885,882,V32,2.852794790784161
116,885,882,V334,2.852794790784161
116,965,882,V65,3.616965677313317
116,965,882,V142,3.616965677313317
116,672,882,V113,7.316385892068044
116,672,882,V127,7.316385892068044
116,672,882,V133,7.316385892068044
116,672,882,V134,7.316385892068044
116,1398,1229,V257,5.282433425576492
116,1398,1229,V273,5.282433425576492
116,1398,1229,V305,5.282433425576492
116,1398,1229,V306,5.282433425576492
116,1398,1229,V307,5.282433425576492
116,1398,1229,V308,5.282433425576492
116,849,931,V41,4.4061387562478425
116,849,931,V51,4.4061387562478425
116,849,931,V69,4.4061387562478425
116,849,931,V380,4.4061387562478425
116,849,931,V432,4.4061387562478425
116,849,931,V479,4.4061387562478425
116,359,535,V74,5.855067293961566
116,359,535,V81,5.855067293961566
116,359,535,V84,5.855067293961566
116,359,535,V131,5.855067293961566
116,359,535,V184,5.855067293961566
116,783,834,V23,7.689481736045675
116,783,834,V24,7.689481736045675
116,783,834,V25,7.689481736045675
116,783,834,V26,7.689481736045675
116,783,834,V28,7.689481736045675
116,1106,1276,V70,4.836798739645476
116,1106,1276,V440,4.836798739645476
116,1106,1276,V447,4.836798739645476
116,783,917,V31,5.8083597500151045
116,783,917,V40,5.8083597500151045
116,672,708,V145,6.751878981086827
116,672,708,V511,6.751878981086827
116,783,659,V45,5.809594285895007
120,882,965,V41,3.616965677313317
120,882,965,V48,3.616965677313317
120,882,965,V51,3.616965677313317
120,882,965,V54,3.616965677313317
120,882,965,V55,3.616965677313317
120,882,965,V56,3.616965677313317
120,882,965,V57,3.616965677313317
120,882,965,V113,3.616965677313317
120,659,535,V65,5.810827883107414
120,659,535,V156,5.810827883107414
120,359,535,V50,5.855067293961566
120,359,535,V215,5.855067293961566
120,359,535,V216,5.855067293961566
120,882,1013,V134,3.839767699909249
120,882,1013,V145,3.839767699909249
120,882,1013,V184,3.839767699909249
120,882,1013,V381,3.839767699909249
120,882,708,V507,4.837510953567602
120,882,708,V511,4.837510953567602
120,672,708,V514,6.751878981086827
120,672,708,V515,6.751878981086827
120,1182,1091,V33,5.24631154396119
120,1182,1091,V34,5.24631154396119
120,1182,1091,V35,5.24631154396119
120,1276,1106,V257,4.836798739645476
120,1276,1106,V447,4.836798739645476
120,1068,1106,V120,4.880745078525951
120,672,931,V516,6.73915242731767
120,783,834,V24,7.689481736045675
124,834,965,V133,3.83986736177262
124,834,965,V156,3.83986736177262
124,885,965,V134,6.123119155303686
124,885,965,V184,6.123119155303686
124,1102,965,V93,8.304116264398273
124,659,965,V45,9.121352246650094
124,783,965,V25,10.498093903671007
124,783,965,V26,10.498093903671007
124,672,931,V38,6.73915242731767
124,672,931,V74,6.73915242731767
124,672,931,V518,6.73915242731767
124,1276,1229,V31,3.959637309104105
124,1276,1229,V72,3.959637309104105
124,1398,1229,V192,5.282433425576492
124,1068,1106,V98,4.880745078525951
124,1068,1106,V149,4.880745078525951
124,359,535,V218,5.855067293961566
124,359,535,V219,5.855067293961566
124,672,882,V519,7.316385892068044
124,1398,1182,V311,5.640321895106829
124,672,1013,V520,9.341935125969725
128,834,882,V48,4.883195120135012
128,834,882,V50,4.883195120135012
128,1102,882,V24,7.314751476768936
128,1102,882,V38,7.314751476768936
128,1102,882,V42,7.314751476768936
128,1102,882,V74,7.314751476768936
128,1229,1182,V28,3.960024365898536
128,1398,1182,V64,5.640321895106829
128,1398,1182,V313,5.640321895106829
128,1398,1182,V314,5.640321895106829
128,659,708,V45,5.815596432206299
128,659,708,V54,5.815596432206299
128,672,708,V545,6.751878981086827
128,359,708,V32,10.088438580081291
128,1102,1106,V142,3.80171314717607
128,1068,1106,V39,4.880745078525951
128,1068,1106,V41,4.880745078525951
128,855,849,V100,5.706192977162224
128,855,849,V108,5.706192977162224
128,855,849,V117,5.706192977162224
128,783,965,V21,10.498093903671007
128,783,965,V25,10.498093903671007
128,783,917,V26,5.8083597500151045
128,783,917,V31,5.8083597500151045
128,1068,885,V46,11.364565785437158
128,1068,885,V78,11.364565785437158
128,1068,931,V181,8.304853837171269
128,1398,1276,V315,7.438993890374081
132,882,965,V38,3.616965677313317
132,882,965,V51,3.616965677313317
132,1102,965,V67,8.304116264398273
132,1229,965,V181,8.77672016628073
132,783,965,V26,10.498093903671007
132,783,965,V30,10.498093903671007
132,783,965,V31,10.498093903671007
132,783,965,V34,10.498093903671007
132,783,965,V35,10.498093903671007
132,1398,1182,V313,5.640321895106829
132,1398,1182,V316,5.640321895106829
132,1398,1182,V317,5.640321895106829
132,1398,1182,V318,5.640321895106829
132,1398,1182,V319,5.640321895106829
132,1398,1182,V320,5.640321895106829
132,1398,1013,V323,10.186376382121452
132,1398,1013,V340,10.186376382121452
132,1398,1013,V475,10.186376382121452
132,1398,1013,V510,10.186376382121452
132,535,708,V56,4.548441137468074
132,535,708,V58,4.548441137468074
132,535,708,V60,4.548441137468074
132,1068,931,V108,8.304853837171269
132,1068,931,V117,8.304853837171269
132,1068,931,V243,8.304853837171269
132,783,834,V42,7.689481736045675
132,783,834,V44,7.689481736045675
132,783,834,V45,7.689481736045675
132,783,917,V46,5.8083597500151045
132,783,917,V48,5.8083597500151045
132,855,849,V118,5.706192977162224
132,535,885,V69,10.569431103772471
136,855,849,V36,5.706192977162224
136,855,849,V140,5.706192977162224
136,855,849,V153,5.706192977162224
136,855,849,V161,5.706192977162224
136,855,849,V163,5.706192977162224
136,855,849,V200,5.706192977162224
136,834,708,V35,4.389831624444016
136,535,708,V41,4.548441137468074
136,535,708,V54,4.548441137468074
136,1229,1102,V73,3.8392690799482057
136,1229,1102,V316,3.8392690799482057
136,1229,1102,V317,3.8392690799482057
136,672,885,V28,5.876204136119103
136,965,885,V24,6.123119155303686
136,1068,931,V40,8.304853837171269
136,1068,931,V99,8.304853837171269
140,965,834,V34,3.83986736177262
140,965,834,V42,3.83986736177262
140,965,834,V43,3.83986736177262
140,965,834,V45,3.83986736177262
140,965,834,V49,3.83986736177262
140,965,834,V51,3.83986736177262
140,965,834,V100,3.83986736177262
140,965,834,V118,3.83986736177262
140,965,834,V142,3.83986736177262
140,965,834,V161,3.83986736177262
140,965,834,V313,3.83986736177262
140,965,834,V320,3.83986736177262
140,708,834,V41,4.389831624444016
140,1102,1013,V32,3.616251246210677
140,1102,1013,V58,3.616251246210677
140,1102,1013,V76,3.616251246210677
140,1102,1013,V200,3.616251246210677
140,1091,1013,V56,7.92275625179966
140,1091,1013,V323,7.92275625179966
140,849,1013,V40,8.811582411969269
140,849,1013,V90,8.811582411969269
140,849,1013,V533,8.811582411969269
140,783,917,V21,5.8083597500151045
140,672,882,V50,7.316385892068044
144,885,882,V30,2.852794790784161
144,885,882,V38,2.852794790784161
144,885,882,V81,2.852794790784161
144,885,882,V271,2.852794790784161
144,885,882,V317,2.852794790784161
144,1013,882,V24,3.839767699909249
144,1013,882,V50,3.839767699909249
144,708,834,V28,4.389831624444016
144,708,834,V33,4.389831624444016
144,708,834,V35,4.389831624444016
144,708,834,V52,4.389831624444016
144,708,834,V54,4.389831624444016
144,1229,1276,V31,3.959637309104105
144,1102,1276,V21,4.836798739646007
144,1102,1276,V42,4.836798739646007
144,1102,1276,V44,4.836798739646007
148,965,882,V31,3.616965677313317
148,965,882,V54,3.616965677313317
148,965,882,V200,3.616965677313317
148,1013,882,V21,3.839767699909249
148,1013,882,V99,3.839767699909249
148,1013,882,V364,3.839767699909249
148,1013,882,V425,3.839767699909249
148,708,834,V67,4.389831624444016
148,708,834,V83,4.389831624444016
148,708,834,V316,4.389831624444016
148,659,834,V93,5.284552964469467
148,1229,1398,V24,5.282433425576492
148,1182,1398,V30,5.640321895106829
148,931,885,V28,3.0617002345235647
148,931,885,V33,3.0617002345235647
152,917,834,V50,3.617203703030827
152,931,885,V49,3.0617002345235647
156,783,834,V21,7.689481736045675
156,783,834,V24,7.689481736045675
156,783,834,V25,7.689481736045675
156,783,834,V32,7.689481736045675
156,783,834,V33,7.689481736045675
156,783,834,V36,7.689481736045675
156,783,834,V37,7.689481736045675
156,783,834,V40,7.689481736045675
156,931,882,V142,5.812636165404913
156,931,882,V286,5.812636165404913
156,931,882,V313,5.812636165404913
156,931,882,V316,5.812636165404913
156,931,882,V340,5.812636165404913
156,783,659,V43,5.809594285895007
156,783,659,V44,5.809594285895007
156,783,659,V48,5.809594285895007
156,783,659,V49,5.809594285895007
156,783,659,V51,5.809594285895007
156,1182,965,V73,5.875748248781206
156,1182,965,V92,5.875748248781206
156,1182,965,V98,5.875748248781206
156,1102,965,V30,8.304116264398273
156,1102,965,V31,8.304116264398273
156,1102,1013,V52,3.616251246210677
156,1102,1013,V54,3.616251246210677
156,1102,1013,V57,3.616251246210677
156,1102,1013,V95,3.616251246210677
156,783,917,V56,5.8083597500151045
156,783,917,V58,5.8083597500151045
156,783,917,V61,5.8083597500151045
156,535,708,V70,4.548441137468074
156,535,708,V71,4.548441137468074
156,535,708,V75,4.548441137468074
156,931,885,V475,3.0617002345235647
156,931,885,V550,3.0617002345235647
156,931,885,V561,3.0617002345235647
156,1102,1106,V99,3.80171314717607
160,783,965,V21,10.498093903671007
160,783,965,V22,10.498093903671007
160,783,965,V24,10.498093903671007
160,783,965,V25,10.498093903671007
160,783,965,V26,10.498093903671007
160,783,965,V27,10.498093903671007
160,783,965,V28,10.498093903671007
160,783,965,V30,10.498093903671007
160,783,965,V32,10.498093903671007
160,783,965,V33,10.498093903671007
160,783,834,V36,7.689481736045675
160,783,834,V37,7.689481736045675
160,783,834,V38,7.689481736045675
160,783,834,V39,7.689481736045675
160,783,834,V40,7.689481736045675
160,783,834,V43,7.689481736045675
160,783,659,V44,5.809594285895007
160,783,659,V45,5.809594285895007
160,783,659,V46,5.809594285895007
160,783,659,V48,5.809594285895007
160,783,659,V49,5.809594285895007
160,783,659,V50,5.809594285895007
160,672,931,V72,6.73915242731767
160,672,931,V87,6.73915242731767
160,672,931,V88,6.73915242731767
160,672,931,V139,6.73915242731767
160,672,931,V161,6.73915242731767
160,672,882,V274,7.316385892068044
160,535,882,V42,9.342211452816104
160,535,882,V447,9.342211452816104
160,535,882,V521,9.342211452816104
160,1370,1276,V535,7.918112864657469
160,1370,1276,V536,7.918112864657469
160,1370,1276,V537,7.918112864657469
160,783,917,V51,5.8083597500151045
160,783,917,V52,5.8083597500151045
160,855,849,V41,5.706192977162224
160,855,849,V100,5.706192977162224
160,1435,1091,V29,8.895594131564904
160,1068,1106,V525,4.880745078525951
160,1435,1229,V59,10.197737357480824
164,965,882,V32,3.616965677313317
164,965,882,V33,3.616965677313317
164,1229,882,V42,9.341474227178574
164,783,882,V21,12.561839638690564
164,783,882,V22,12.561839638690564
164,783,882,V23,12.561839638690564
164,783,882,V24,12.561839638690564
164,783,882,V25,12.561839638690564
164,783,882,V26,12.561839638690564
164,783,882,V27,12.561839638690564
164,783,882,V28,12.561839638690564
164,783,882,V29,12.561839638690564
164,783,882,V30,12.561839638690564
164,783,882,V35,12.561839638690564
164,783,659,V36,5.809594285895007
164,783,659,V37,5.809594285895007
164,783,659,V38,5.809594285895007
164,783,659,V39,5.809594285895007
164,783,659,V40,5.809594285895007
164,783,917,V41,5.8083597500151045
164,783,917,V43,5.8083597500151045
164,783,917,V44,5.8083597500151045
164,783,917,V49,5.8083597500151045
164,783,834,V50,7.689481736045675
164,783,834,V51,7.689481736045675
164,783,834,V52,7.689481736045675
164,783,834,V61,7.689481736045675
164,1435,1091,V90,8.895594131564904
164,1435,1091,V226,8.895594131564904
164,1435,1091,V227,8.895594131564904
164,855,849,V247,5.706192977162224
164,855,849,V474,5.706192977162224
164,1370,1276,V538,7.918112864657469
164,1370,1276,V539,7.918112864657469
164,1068,1102,V567,8.626274418583195
164,1068,1102,V568,8.626274418583195
164,508,672,V53,8.81713559460697
164,508,672,V62,8.81713559460697
164,1068,931,V569,8.304853837171269
164,1068,931,V570,8.304853837171269
164,1068,1106,V571,4.880745078525951
164,359,535,V47,5.855067293961566
164,1068,885,V572,11.364565785437158
168,359,535,V65,5.855067293961566
168,359,535,V82,5.855067293961566
168,882,535,V26,9.342211452816104
168,882,535,V52,9.342211452816104
168,882,535,V62,9.342211452816104
168,855,849,V474,5.706192977162224
168,855,849,V481,5.706192977162224
168,1068,849,V59,6.736061142863373
168,1068,849,V64,6.736061142863373
168,882,1013,V161,3.839767699909249
168,965,1013,V24,4.881725510082577
168,965,1013,V25,4.881725510082577
168,1182,1102,V54,6.120304815079837
168,965,1102,V30,8.304116264398273
168,1068,1102,V364,8.626274418583195
168,783,659,V21,5.809594285895007
168,783,659,V27,5.809594285895007
168,508,672,V74,8.81713559460697
168,508,672,V77,8.81713559460697
168,783,834,V28,7.689481736045675
168,783,834,V29,7.689481736045675
168,1068,1276,V538,8.66943360865319
168,1435,1091,V42,8.895594131564904
168,783,917,V34,5.8083597500151045
168,1068,885,V573,11.364565785437158
172,882,708,V36,4.837510953567602
172,885,708,V572,6.511469320496247
172,965,708,V32,6.739138237495128
172,783,708,V21,10.697285568723771
172,783,708,V22,10.697285568723771
172,783,708,V26,10.697285568723771
172,783,708,V27,10.697285568723771
172,783,708,V28,10.697285568723771
172,783,708,V31,10.697285568723771
172,1398,1013,V48,10.186376382121452
172,1068,1013,V577,11.461019980924313
172,1068,1013,V578,11.461019980924313
172,1068,1013,V579,11.461019980924313
172,1435,1013,V230,13.46916483615337
172,783,834,V33,7.689481736045675
172,783,834,V35,7.689481736045675
172,783,834,V42,7.689481736045675
172,783,834,V43,7.689481736045675
172,783,834,V45,7.689481736045675
172,1435,1091,V231,8.895594131564904
172,1435,1091,V232,8.895594131564904
172,1435,1091,V233,8.895594131564904
172,1435,1091,V234,8.895594131564904
172,508,931,V29,12.961089805583503
172,508,931,V78,12.961089805583503
172,508,931,V80,12.961089805583503
172,783,659,V49,5.809594285895007
172,783,659,V50,5.809594285895007
172,1435,1276,V235,13.12435356350428
172,1435,1276,V236,13.12435356350428
172,196,535,V401,10.089384951575544
172,783,917,V51,5.8083597500151045
172,566,359,V352,9.428696666120482
172,508,855,V85,9.342303526295408
176,882,885,V26,2.852794790784161
176,931,885,V29,3.0617002345235647
176,931,885,V38,3.0617002345235647
176,931,885,V59,3.0617002345235647
176,931,885,V474,3.0617002345235647
176,1102,1013,V60,3.616251246210677
176,1102,1013,V61,3.616251246210677
176,965,1013,V33,4.881725510082577
176,659,535,V22,5.810827883107414
176,659,535,V32,5.810827883107414
176,834,917,V35,3.617203703030827
176,834,917,V52,3.617203703030827
176,508,672,V91,8.81713559460697
176,1068,849,V23,6.736061142863373
180,834,708,V25,4.389831624444016
180,659,708,V22,5.815596432206299
180,659,708,V56,5.815596432206299
180,659,708,V76,5.815596432206299
180,659,708,V78,5.815596432206299
180,917,708,V50,7.967110892206104
180,1013,708,V33,8.663428210145081
180,1013,708,V38,8.663428210145081
180,1013,708,V39,8.663428210145081
180,1013,882,V51,3.839767699909249
180,931,882,V26,5.812636165404913
180,931,882,V59,5.812636165404913
180,931,882,V69,5.812636165404913
180,1182,882,V61,7.841474878454721
180,1398,1229,V55,5.282433425576492
180,1398,1229,V58,5.282433425576492
180,1398,1229,V60,5.282433425576492
180,1091,1229,V37,9.180034524729397
180,849,885,V23,6.749102957431653
180,849,885,V77,6.749102957431653
180,1091,965,V65,4.388654712140797
184,834,708,V25,4.389831624444016
184,834,708,V51,4.389831624444016
184,834,708,V63,4.389831624444016
184,535,708,V38,4.548441137468074
184,535,708,V39,4.548441137468074
184,535,708,V42,4.548441137468074
184,882,708,V65,4.837510953567602
184,1091,965,V40,4.388654712140797
184,1091,965,V574,4.388654712140797
184,1182,965,V67,5.875748248781206
184,783,965,V22,10.498093903671007
184,783,965,V29,10.498093903671007
184,1276,1013,V23,8.190822817543284
184,1276,1013,V37,8.190822817543284
184,1276,1013,V55,8.190822817543284
184,1276,1013,V58,8.190822817543284
184,783,659,V32,5.809594285895007
184,783,659,V35,5.809594285895007
184,783,659,V48,5.809594285895007
184,1435,1229,V24,10.197737357480824
184,1435,1229,V230,10.197737357480824
184,849,931,V57,4.4061387562478425
184,849,931,V233,4.4061387562478425
184,1068,1102,V26,8.626274418583195
188,1102,1106,V58,3.80171314717607
188,1068,1106,V28,4.880745078525951
188,1068,1106,V47,4.880745078525951
188,1068,1106,V53,4.880745078525951
188,882,965,V31,3.616965677313317
188,834,965,V22,3.83986736177262
196,965,882,V29,3.616965677313317
196,965,882,V30,3.616965677313317
196,917,834,V55,3.617203703030827
