time_step,met,lp_capacity_unmet,avail_unmet,battery_unmet
0,17,0.0,0.0,0.0
1,6,0.0,0.0,0.0
2,9,0.0,0.0,1.0
3,8,0.0,0.0,1.0
4,5,0.0,0.0,1.0
5,2,0.0,0.0,1.0
6,2,0.0,0.0,1.0
7,3,0.0,0.0,1.0
8,3,0.0,0.0,1.0
9,2,0.0,0.0,1.0
10,9,0.0,0.0,3.0
11,16,0.0,0.0,5.0
12,23,0.0,0.0,9.0
13,35,0.0,0.0,14.0
14,33,0.0,0.0,16.0
15,23,0.0,0.0,18.0
16,25,0.0,0.0,19.0
17,16,0.0,0.0,23.0
18,28,0.0,0.0,25.0
19,27,0.0,0.0,27.0
20,30,0.0,0.0,29.0
21,64,0.0,0.0,30.0
22,43,0.0,0.0,33.0
23,31,0.0,0.0,37.0
24,32,0.0,0.0,42.0
25,31,0.0,0.0,44.0
26,36,0.0,0.0,46.0
27,28,0.0,0.0,49.0
28,25,0.0,0.0,52.0
29,30,0.0,0.0,58.0
30,32,0.0,0.0,58.0
31,23,0.0,0.0,61.0
32,25,0.0,0.0,65.0
33,31,0.0,0.0,76.0
34,24,0.0,0.0,81.0
35,23,0.0,0.0,79.0
36,19,0.0,0.0,83.0
37,22,0.0,0.0,86.0
38,27,0.0,0.0,91.0
39,24,0.0,0.0,95.0
40,20,0.0,0.0,103.0
41,24,0.0,0.0,108.0
42,31,0.0,0.0,116.0
43,20,0.0,0.0,125.0
44,16,8.0,0.0,139.0
45,14,0.0,0.0,160.0
46,11,0.0,0.0,167.0
47,8,0.0,0.0,169.0
48,9,0.0,0.0,177.0
49,8,0.0,0.0,184.0
50,5,0.0,0.0,190.0
51,11,0.0,0.0,193.0
52,6,2.0,0.0,186.0
53,10,3.0,0.0,182.0
54,1,1.0,0.0,184.0
55,3,0.0,0.0,183.0
56,2,0.0,0.0,182.0
57,5,0.0,0.0,183.0
58,3,0.0,0.0,188.0
59,5,3.0,0.0,199.0
60,8,13.0,0.0,212.0
61,8,30.0,0.0,228.0
62,9,40.0,0.0,243.0
63,14,42.0,0.0,249.0
64,14,54.0,0.0,259.0
65,15,62.0,0.0,261.0
66,18,71.0,0.0,267.0
67,18,82.0,0.0,272.0
68,15,78.0,0.0,290.0
69,18,72.0,0.0,302.0
70,22,82.0,0.0,295.0
71,20,81.0,0.0,306.0
72,18,87.0,0.0,309.0
73,19,91.0,0.0,310.0
74,30,94.0,0.0,317.0
75,37,101.0,0.0,314.0
76,31,105.0,0.0,320.0
77,34,109.0,0.0,310.0
78,26,99.0,0.0,323.0
79,30,102.0,0.0,315.0
80,23,90.0,0.0,337.0
81,28,105.0,0.0,333.0
82,32,112.0,0.0,332.0
83,14,97.0,0.0,355.0
84,22,101.0,0.0,354.0
85,28,105.0,0.0,357.0
86,30,95.0,0.0,355.0
87,36,81.0,0.0,360.0
88,21,74.0,0.0,370.0
89,13,74.0,0.0,380.0
90,23,80.0,0.0,376.0
91,30,78.0,0.0,369.0
92,32,73.0,0.0,362.0
93,28,57.0,0.0,370.0
94,24,59.0,0.0,367.0
95,26,51.0,0.0,358.0
96,15,49.0,0.0,360.0
97,24,53.0,0.0,347.0
98,13,48.0,0.0,345.0
99,14,44.0,0.0,339.0
100,12,36.0,0.0,342.0
101,8,35.0,0.0,338.0
102,9,35.0,0.0,334.0
103,6,34.0,0.0,332.0
104,4,30.0,0.0,335.0
105,7,30.0,0.0,332.0
106,6,38.0,0.0,331.0
107,9,50.0,0.0,334.0
108,17,69.0,0.0,329.0
109,20,82.0,0.0,326.0
110,15,90.0,0.0,335.0
111,15,98.0,0.0,332.0
112,21,101.0,0.0,332.0
113,10,98.0,0.0,349.0
114,26,108.0,0.0,337.0
115,23,118.0,0.0,336.0
116,33,134.0,0.0,324.0
117,28,136.0,0.0,320.0
118,16,129.0,0.0,338.0
119,28,158.0,0.0,323.0
120,29,171.0,0.0,315.0
121,26,174.0,0.0,325.0
122,25,180.0,0.0,333.0
123,21,199.0,0.0,331.0
124,24,208.0,0.0,333.0
125,19,213.0,0.0,344.0
126,21,217.0,0.0,351.0
127,19,227.0,0.0,354.0
128,21,239.0,0.0,355.0
129,29,248.0,0.0,347.0
130,17,254.0,0.0,360.0
131,32,269.0,0.0,349.0
132,25,277.0,0.0,351.0
133,16,275.0,0.0,354.0
134,21,280.0,0.0,354.0
135,16,285.0,0.0,353.0
136,22,295.0,0.0,354.0
137,26,303.0,0.0,354.0
138,16,308.0,0.0,356.0
139,20,313.0,0.0,352.0
140,33,312.0,0.0,342.0
141,18,318.0,0.0,355.0
142,24,319.0,0.0,355.0
143,7,315.0,0.0,366.0
144,20,322.0,0.0,363.0
145,14,317.0,0.0,371.0
146,11,318.0,0.0,378.0
147,12,318.0,0.0,382.0
148,18,313.0,0.0,380.0
149,14,307.0,0.0,373.0
150,8,298.0,0.0,378.0
151,7,293.0,0.0,382.0
152,10,289.0,0.0,377.0
153,5,284.0,0.0,381.0
154,13,295.0,0.0,374.0
155,8,304.0,0.0,379.0
156,10,330.0,0.0,389.0
157,17,351.0,0.0,383.0
158,7,357.0,0.0,395.0
159,17,372.0,0.0,391.0
160,8,368.0,0.0,399.0
161,10,381.0,0.0,400.0
162,15,390.0,0.0,397.0
163,12,404.0,0.0,396.0
164,31,405.0,0.0,390.0
165,21,386.0,0.0,405.0
166,19,393.0,0.0,412.0
167,19,401.0,0.0,409.0
168,25,409.0,0.0,405.0
169,22,411.0,0.0,407.0
170,23,418.0,0.0,406.0
171,29,422.0,0.0,402.0
172,19,431.0,0.0,404.0
173,22,442.0,0.0,402.0
174,22,437.0,0.0,405.0
175,27,442.0,0.0,405.0
176,20,444.0,0.0,410.0
177,18,442.0,0.0,416.0
178,16,444.0,0.0,426.0
179,22,455.0,0.0,418.0
180,18,449.0,0.0,424.0
181,28,451.0,0.0,411.0
182,24,446.0,0.0,416.0
183,27,443.0,0.0,411.0
184,24,447.0,0.0,414.0
185,21,444.0,0.0,409.0
186,23,437.0,0.0,413.0
187,24,435.0,0.0,411.0
188,25,425.0,0.0,410.0
189,28,420.0,0.0,413.0
190,25,419.0,0.0,410.0
191,24,409.0,0.0,412.0
192,22,403.0,0.0,410.0
193,9,390.0,0.0,418.0
194,12,390.0,0.0,411.0
195,14,385.0,0.0,409.0
196,25,374.0,0.0,399.0
197,7,355.0,0.0,412.0
198,13,348.0,0.0,409.0
199,18,338.0,0.0,402.0
200,5,326.0,0.0,411.0
201,12,328.0,0.0,401.0
202,13,327.0,0.0,397.0
203,11,325.0,0.0,395.0
204,14,336.0,0.0,392.0
205,18,345.0,0.0,386.0
206,20,345.0,0.0,380.0
207,13,352.0,0.0,383.0
208,11,359.0,0.0,382.0
209,16,362.0,0.0,378.0
210,15,374.0,0.0,383.0
211,14,375.0,0.0,385.0
212,20,379.0,0.0,379.0
213,12,378.0,0.0,383.0
214,10,385.0,0.0,388.0
215,14,394.0,0.0,389.0
216,15,403.0,0.0,386.0
217,25,408.0,0.0,374.0
218,23,407.0,0.0,375.0
219,21,409.0,0.0,375.0
220,10,407.0,0.0,390.0
221,19,419.0,0.0,382.0
222,23,421.0,0.0,376.0
223,27,426.0,0.0,370.0
224,23,433.0,0.0,363.0
225,18,433.0,0.0,370.0
226,28,438.0,0.0,357.0
227,21,426.0,0.0,359.0
228,15,427.0,0.0,365.0
229,13,432.0,0.0,365.0
230,19,435.0,0.0,359.0
231,14,436.0,0.0,365.0
232,18,454.0,0.0,361.0
233,29,455.0,0.0,350.0
234,11,457.0,0.0,361.0
235,12,457.0,0.0,368.0
236,16,464.0,0.0,366.0
237,19,459.0,0.0,362.0
238,13,456.0,0.0,364.0
239,19,447.0,0.0,363.0
240,15,443.0,0.0,367.0
241,16,438.0,0.0,365.0
242,11,432.0,0.0,367.0
243,8,424.0,0.0,373.0
244,11,424.0,0.0,366.0
245,7,415.0,0.0,369.0
246,10,418.0,0.0,359.0
247,9,411.0,0.0,358.0
248,8,403.0,0.0,359.0
249,7,401.0,0.0,355.0
250,3,402.0,0.0,359.0
251,5,409.0,0.0,357.0
252,11,416.0,0.0,354.0
253,12,414.0,0.0,355.0
254,6,416.0,0.0,360.0
255,4,421.0,0.0,367.0
256,9,434.0,0.0,363.0
257,10,434.0,0.0,365.0
258,14,448.0,0.0,360.0
259,10,461.0,0.0,367.0
260,10,492.0,0.0,369.0
261,10,531.0,0.0,370.0
262,12,538.0,0.0,371.0
263,19,556.0,0.0,366.0
264,18,564.0,0.0,367.0
265,13,578.0,0.0,373.0
266,25,601.0,0.0,363.0
267,9,607.0,0.0,370.0
268,16,619.0,0.0,367.0
269,12,640.0,0.0,371.0
270,21,652.0,0.0,364.0
271,20,653.0,0.0,370.0
272,20,662.0,0.0,369.0
273,10,660.0,0.0,379.0
274,14,676.0,0.0,384.0
275,19,683.0,0.0,378.0
276,14,687.0,0.0,384.0
277,18,693.0,0.0,380.0
278,11,689.0,0.0,387.0
279,11,694.0,0.0,387.0
280,10,710.0,0.0,392.0
281,19,715.0,0.0,388.0
282,16,720.0,0.0,387.0
283,17,725.0,0.0,388.0
284,14,729.0,0.0,388.0
285,19,728.0,0.0,381.0
286,13,733.0,0.0,382.0
287,15,730.0,0.0,382.0
288,17,729.0,0.0,378.0
289,10,733.0,0.0,379.0
290,16,727.0,0.0,374.0
291,10,720.0,0.0,377.0
292,12,714.0,0.0,376.0
293,7,710.0,0.0,375.0
294,5,701.0,0.0,379.0
295,8,700.0,0.0,372.0
296,8,699.0,0.0,366.0
297,4,698.0,0.0,368.0
298,9,698.0,0.0,366.0
299,9,718.0,0.0,370.0
300,5,738.0,0.0,380.0
301,5,767.0,0.0,381.0
302,5,795.0,0.0,380.0
303,8,809.0,0.0,379.0
304,7,840.0,0.0,383.0
305,7,868.0,0.0,385.0
306,18,895.0,0.0,376.0
307,7,905.0,0.0,388.0
308,16,920.0,0.0,387.0
309,9,940.0,0.0,396.0
310,10,956.0,0.0,396.0
311,15,977.0,0.0,396.0
312,14,998.0,0.0,394.0
313,9,1005.0,0.0,400.0
314,14,1021.0,0.0,402.0
315,13,1034.0,0.0,409.0
316,14,1053.0,0.0,408.0
317,15,1068.0,0.0,409.0
318,21,1086.0,0.0,411.0
319,15,1092.0,0.0,421.0
320,17,1110.0,0.0,423.0
321,21,1119.0,0.0,426.0
322,33,1123.0,0.0,417.0
323,19,1112.0,0.0,425.0
324,14,1109.0,0.0,434.0
325,28,1110.0,0.0,425.0
326,21,1111.0,0.0,428.0
327,26,1116.0,0.0,424.0
328,29,1110.0,0.0,421.0
329,15,1098.0,0.0,438.0
330,13,1110.0,0.0,437.0
331,30,1124.0,0.0,423.0
332,16,1124.0,0.0,428.0
333,11,1129.0,0.0,434.0
334,17,1132.0,0.0,430.0
335,17,1130.0,0.0,428.0
336,18,1123.0,0.0,428.0
337,19,1116.0,0.0,423.0
338,16,1107.0,0.0,424.0
339,21,1104.0,0.0,417.0
340,12,1091.0,0.0,423.0
341,22,1084.0,0.0,412.0
342,9,1071.0,0.0,419.0
343,10,1065.0,0.0,416.0
344,12,1057.0,0.0,414.0
345,9,1051.0,0.0,413.0
346,6,1054.0,0.0,414.0
347,7,1067.0,0.0,412.0
348,8,1086.0,0.0,414.0
349,21,1118.0,0.0,403.0
350,14,1129.0,0.0,414.0
351,12,1147.0,0.0,415.0
352,7,1160.0,0.0,422.0
353,9,1184.0,0.0,426.0
354,19,1204.0,0.0,419.0
355,9,1215.0,0.0,429.0
356,17,1231.0,0.0,425.0
357,13,1246.0,0.0,432.0
358,23,1255.0,0.0,424.0
359,31,1266.0,0.0,414.0
360,21,1260.0,0.0,428.0
361,21,1263.0,0.0,433.0
362,16,1274.0,0.0,441.0
363,15,1282.0,0.0,441.0
364,25,1298.0,0.0,431.0
365,35,1280.0,0.0,443.0
366,33,1269.0,0.0,450.0
367,29,1259.0,0.0,464.0
368,14,1228.0,0.0,505.0
369,16,1207.0,0.0,533.0
370,51,1188.0,0.0,534.0
371,25,1170.0,0.0,561.0
372,52,1172.0,0.0,532.0
373,61,1137.0,0.0,525.0
374,73,1097.0,0.0,515.0
375,58,1039.0,0.0,533.0
376,79,1022.0,0.0,512.0
377,67,963.0,0.0,531.0
378,75,918.0,0.0,521.0
379,115,873.0,0.0,482.0
380,68,805.0,0.0,512.0
381,30,748.0,0.0,562.0
382,51,733.0,0.0,539.0
383,76,694.0,0.0,517.0
384,29,635.0,0.0,565.0
385,46,616.0,0.0,549.0
386,53,589.0,0.0,535.0
387,17,576.0,0.0,534.0
388,45,542.0,0.0,526.0
389,59,510.0,0.0,502.0
390,25,475.0,0.0,512.0
391,34,454.0,0.0,499.0
392,62,426.0,0.0,465.0
393,34,360.0,0.0,501.0
394,36,328.0,0.0,502.0
395,20,321.0,0.0,506.0
396,51,334.0,0.0,475.0
397,18,310.0,0.0,505.0
398,25,298.0,0.0,523.0
399,24,295.0,0.0,530.0
400,26,290.0,0.0,529.0
401,41,285.0,0.0,518.0
402,56,288.0,0.0,499.0
403,31,284.0,0.0,500.0
404,23,284.0,0.0,504.0
405,27,261.0,0.0,528.0
406,30,255.0,0.0,535.0
407,30,254.0,0.0,541.0
408,37,243.0,0.0,547.0
409,39,247.0,0.0,543.0
410,52,252.0,0.0,519.0
411,50,248.0,0.0,515.0
412,30,239.0,0.0,519.0
413,58,253.0,0.0,488.0
414,41,201.0,0.0,524.0
415,38,195.0,0.0,523.0
416,36,210.0,0.0,517.0
417,41,197.0,0.0,527.0
418,33,176.0,0.0,540.0
419,26,167.0,0.0,541.0
420,44,167.0,0.0,524.0
421,33,146.0,0.0,534.0
422,40,152.0,0.0,532.0
423,34,143.0,0.0,540.0
424,29,141.0,0.0,534.0
425,42,135.0,0.0,524.0
426,59,127.0,0.0,493.0
427,34,122.0,0.0,492.0
428,30,118.0,0.0,498.0
429,34,104.0,0.0,503.0
430,19,101.0,0.0,515.0
431,13,106.0,0.0,513.0
432,12,109.0,0.0,513.0
433,19,108.0,0.0,503.0
434,15,104.0,0.0,505.0
435,16,95.0,0.0,506.0
436,7,89.0,0.0,508.0
437,5,97.0,0.0,498.0
438,5,101.0,0.0,490.0
439,5,91.0,0.0,496.0
440,5,90.0,0.0,492.0
441,5,85.0,0.0,495.0
442,3,97.0,0.0,488.0
443,10,116.0,0.0,472.0
444,12,130.0,0.0,482.0
445,17,139.0,0.0,486.0
446,12,149.0,0.0,489.0
447,17,148.0,0.0,495.0
448,12,143.0,0.0,507.0
449,29,148.0,0.0,511.0
450,29,140.0,0.0,516.0
451,23,128.0,0.0,529.0
452,19,131.0,0.0,536.0
453,20,135.0,0.0,535.0
454,21,140.0,0.0,536.0
455,60,174.0,0.0,498.0
456,30,179.0,0.0,501.0
457,33,184.0,0.0,505.0
458,36,192.0,0.0,504.0
459,26,195.0,0.0,508.0
460,30,194.0,0.0,523.0
461,34,214.0,0.0,518.0
462,41,224.0,0.0,503.0
463,27,211.0,0.0,521.0
464,37,220.0,0.0,514.0
465,34,228.0,0.0,508.0
466,21,232.0,0.0,509.0
467,24,236.0,0.0,503.0
468,38,237.0,0.0,491.0
469,26,239.0,0.0,491.0
470,27,238.0,0.0,500.0
471,22,238.0,0.0,501.0
472,24,242.0,0.0,501.0
473,28,248.0,0.0,503.0
474,18,246.0,0.0,515.0
475,13,245.0,0.0,524.0
476,47,252.0,0.0,494.0
477,29,245.0,0.0,499.0
478,21,244.0,0.0,498.0
479,20,233.0,0.0,508.0
480,10,232.0,0.0,516.0
481,10,224.0,0.0,529.0
482,28,230.0,0.0,517.0
483,14,221.0,0.0,523.0
484,8,221.0,0.0,520.0
485,18,223.0,0.0,508.0
486,9,219.0,0.0,506.0
487,5,220.0,0.0,501.0
488,7,222.0,0.0,496.0
489,11,239.0,0.0,472.0
490,10,240.0,0.0,470.0
491,17,229.0,0.0,482.0
492,11,218.0,0.0,501.0
493,7,217.0,0.0,520.0
494,15,233.0,0.0,522.0
495,14,250.0,0.0,537.0
496,22,256.0,0.0,536.0
497,15,249.0,0.0,543.0
498,20,256.0,0.0,546.0
499,35,273.0,0.0,530.0
500,41,262.0,0.0,529.0
501,26,252.0,0.0,542.0
502,25,252.0,0.0,544.0
503,36,237.0,0.0,553.0
504,38,237.0,0.0,545.0
505,49,239.0,0.0,529.0
506,37,245.0,0.0,536.0
507,35,239.0,0.0,544.0
508,63,245.0,0.0,516.0
509,42,227.0,0.0,526.0
510,23,221.0,0.0,546.0
511,32,218.0,0.0,544.0
512,34,215.0,0.0,545.0
513,30,209.0,0.0,549.0
514,25,226.0,0.0,561.0
515,27,241.0,0.0,553.0
516,31,243.0,0.0,547.0
517,34,242.0,0.0,545.0
518,35,237.0,0.0,536.0
519,27,221.0,0.0,541.0
520,28,215.0,0.0,544.0
521,21,228.0,0.0,544.0
522,40,240.0,0.0,525.0
523,22,233.0,0.0,536.0
524,21,233.0,0.0,534.0
525,32,241.0,0.0,515.0
526,9,236.0,0.0,535.0
527,30,233.0,0.0,528.0
528,24,227.0,0.0,526.0
529,31,219.0,0.0,518.0
530,20,207.0,0.0,523.0
531,15,197.0,0.0,529.0
532,15,194.0,0.0,527.0
533,11,183.0,0.0,533.0
534,8,172.0,0.0,539.0
535,7,168.0,0.0,541.0
536,13,166.0,0.0,538.0
537,10,162.0,0.0,536.0
538,7,163.0,0.0,536.0
539,8,159.0,0.0,542.0
540,11,167.0,0.0,539.0
541,13,171.0,0.0,537.0
542,11,171.0,0.0,540.0
543,19,182.0,0.0,526.0
544,14,178.0,0.0,546.0
545,16,187.0,0.0,547.0
546,27,201.0,0.0,541.0
547,21,209.0,0.0,544.0
548,23,205.0,0.0,542.0
549,17,197.0,0.0,556.0
550,23,208.0,0.0,555.0
551,34,221.0,0.0,542.0
552,27,218.0,0.0,548.0
553,21,227.0,0.0,552.0
554,28,241.0,0.0,547.0
555,29,258.0,0.0,542.0
556,23,259.0,0.0,549.0
557,29,276.0,0.0,546.0
558,32,287.0,0.0,534.0
559,25,283.0,0.0,543.0
560,45,287.0,0.0,523.0
561,35,284.0,0.0,530.0
562,20,268.0,0.0,554.0
563,26,268.0,0.0,558.0
564,46,273.0,0.0,538.0
565,46,245.0,0.0,540.0
566,22,233.0,0.0,551.0
567,30,228.0,0.0,555.0
568,31,227.0,0.0,546.0
569,24,227.0,0.0,548.0
570,16,228.0,0.0,550.0
571,30,233.0,0.0,541.0
572,23,240.0,0.0,534.0
573,20,246.0,0.0,533.0
574,28,248.0,0.0,522.0
575,17,241.0,0.0,520.0
576,29,237.0,0.0,515.0
577,18,230.0,0.0,514.0
578,19,211.0,0.0,527.0
579,8,189.0,0.0,543.0
580,17,179.0,0.0,543.0
581,15,168.0,0.0,545.0
582,9,156.0,0.0,550.0
583,4,152.0,0.0,551.0
584,4,144.0,0.0,557.0
585,6,142.0,0.0,557.0
586,5,138.0,0.0,563.0
587,15,143.0,0.0,565.0
588,25,162.0,0.0,560.0
589,17,175.0,0.0,565.0
590,30,182.0,0.0,561.0
591,10,172.0,0.0,581.0
592,23,190.0,0.0,567.0
593,22,188.0,0.0,573.0
594,33,199.0,0.0,562.0
595,27,208.0,0.0,567.0
596,26,212.0,0.0,563.0
597,27,212.0,0.0,567.0
598,22,210.0,0.0,570.0
599,31,225.0,0.0,561.0
600,27,230.0,0.0,566.0
601,39,235.0,0.0,554.0
602,26,259.0,0.0,567.0
603,21,274.0,0.0,573.0
604,32,286.0,0.0,559.0
605,30,298.0,0.0,558.0
606,19,295.0,0.0,570.0
607,30,299.0,0.0,558.0
608,13,281.0,0.0,576.0
609,32,307.0,0.0,551.0
610,16,304.0,0.0,568.0
611,20,326.0,0.0,559.0
612,28,324.0,0.0,552.0
613,31,323.0,0.0,546.0
614,31,318.0,0.0,545.0
615,20,330.0,0.0,557.0
616,25,348.0,0.0,553.0
617,35,343.0,0.0,543.0
618,21,341.0,0.0,549.0
619,31,349.0,0.0,542.0
620,33,350.0,0.0,532.0
621,24,343.0,0.0,535.0
622,35,341.0,0.0,536.0
623,13,322.0,0.0,550.0
624,24,304.0,0.0,549.0
625,26,289.0,0.0,549.0
626,17,277.0,0.0,547.0
627,12,255.0,0.0,564.0
628,7,249.0,0.0,570.0
629,10,251.0,0.0,562.0
630,11,243.0,0.0,560.0
631,15,248.0,0.0,542.0
632,9,252.0,0.0,531.0
633,8,240.0,0.0,537.0
634,12,249.0,0.0,522.0
635,8,247.0,0.0,530.0
636,29,253.0,0.0,533.0
637,14,257.0,0.0,548.0
638,15,258.0,0.0,556.0
639,15,266.0,0.0,562.0
640,22,270.0,0.0,561.0
641,20,280.0,0.0,561.0
642,22,286.0,0.0,560.0
643,28,295.0,0.0,555.0
644,24,320.0,0.0,561.0
645,17,311.0,0.0,574.0
646,22,324.0,0.0,572.0
647,19,330.0,0.0,570.0
648,22,335.0,0.0,571.0
649,30,347.0,0.0,563.0
650,18,347.0,0.0,574.0
651,24,361.0,0.0,570.0
652,27,375.0,0.0,567.0
653,40,381.0,0.0,553.0
654,20,370.0,0.0,569.0
655,34,402.0,0.0,557.0
656,28,401.0,0.0,553.0
657,35,395.0,0.0,555.0
658,25,385.0,0.0,562.0
659,15,387.0,0.0,569.0
660,26,388.0,0.0,566.0
661,19,387.0,0.0,567.0
662,22,400.0,0.0,551.0
663,23,411.0,0.0,550.0
664,40,413.0,0.0,539.0
665,24,432.0,0.0,529.0
666,34,420.0,0.0,535.0
667,19,411.0,0.0,549.0
668,26,418.0,0.0,547.0
669,39,420.0,0.0,531.0
670,23,402.0,0.0,545.0
671,14,381.0,0.0,564.0
672,20,383.0,0.0,565.0
673,11,373.0,0.0,568.0
674,12,375.0,0.0,567.0
675,18,369.0,0.0,566.0
676,12,361.0,0.0,568.0
677,22,351.0,0.0,561.0
678,10,330.0,0.0,572.0
679,15,317.0,0.0,571.0
680,11,310.0,0.0,567.0
681,6,322.0,0.0,576.0
682,12,330.0,0.0,574.0
683,38,351.0,0.0,552.0
684,18,359.0,0.0,559.0
685,26,369.0,0.0,558.0
686,45,403.0,0.0,541.0
687,15,419.0,0.0,541.0
688,19,438.0,0.0,540.0
689,23,450.0,0.0,535.0
690,14,449.0,0.0,545.0
691,17,460.0,0.0,547.0
692,31,469.0,0.0,543.0
693,23,461.0,0.0,552.0
694,20,463.0,0.0,559.0
695,17,468.0,0.0,563.0
696,31,469.0,0.0,560.0
697,16,480.0,0.0,573.0
698,28,492.0,0.0,559.0
699,29,493.0,0.0,560.0
700,23,506.0,0.0,559.0
701,14,526.0,0.0,569.0
702,33,535.0,0.0,553.0
703,23,539.0,0.0,569.0
704,54,550.0,0.0,536.0
705,21,529.0,0.0,561.0
706,29,535.0,0.0,554.0
707,31,532.0,0.0,555.0
708,27,520.0,0.0,564.0
709,29,517.0,0.0,557.0
710,20,509.0,0.0,568.0
711,28,513.0,0.0,558.0
712,19,515.0,0.0,567.0
713,43,532.0,0.0,541.0
714,36,524.0,0.0,549.0
715,21,519.0,0.0,558.0
716,38,518.0,0.0,546.0
717,20,497.0,0.0,563.0
718,29,509.0,0.0,552.0
719,49,512.0,0.0,525.0
720,24,492.0,0.0,541.0
721,31,470.0,0.0,542.0
722,27,456.0,0.0,552.0
723,10,435.0,0.0,570.0
724,14,428.0,0.0,571.0
725,9,421.0,0.0,575.0
726,9,416.0,0.0,574.0
727,11,408.0,0.0,571.0
728,21,401.0,0.0,561.0
729,14,383.0,0.0,567.0
730,10,380.0,0.0,569.0
731,19,393.0,0.0,565.0
732,5,393.0,0.0,585.0
733,18,416.0,0.0,575.0
734,10,429.0,0.0,582.0
735,21,459.0,0.0,572.0
736,16,457.0,0.0,575.0
737,8,467.0,0.0,585.0
738,35,489.0,0.0,559.0
739,20,526.0,0.0,569.0
740,27,540.0,0.0,569.0
741,15,541.0,0.0,581.0
742,27,553.0,0.0,569.0
743,29,558.0,0.0,567.0
744,21,572.0,0.0,574.0
745,17,574.0,0.0,577.0
746,20,591.0,0.0,572.0
747,26,598.0,0.0,566.0
748,18,607.0,0.0,575.0
749,34,607.0,0.0,561.0
750,27,613.0,0.0,564.0
751,25,611.0,0.0,566.0
752,23,622.0,0.0,567.0
753,21,631.0,0.0,571.0
754,51,649.0,0.0,541.0
755,33,626.0,0.0,558.0
756,23,610.0,0.0,569.0
757,17,611.0,0.0,574.0
758,25,622.0,0.0,566.0
759,23,627.0,0.0,569.0
760,31,636.0,0.0,560.0
761,20,625.0,0.0,570.0
762,25,629.0,0.0,564.0
763,29,638.0,0.0,559.0
764,43,644.0,0.0,539.0
765,24,645.0,0.0,542.0
766,16,640.0,0.0,556.0
767,18,634.0,0.0,559.0
768,18,633.0,0.0,561.0
769,18,623.0,0.0,569.0
770,17,620.0,0.0,568.0
771,13,608.0,0.0,573.0
772,16,611.0,0.0,567.0
773,16,597.0,0.0,569.0
774,18,579.0,0.0,570.0
775,6,562.0,0.0,582.0
776,14,562.0,0.0,575.0
777,10,558.0,0.0,573.0
778,14,552.0,0.0,579.0
779,13,558.0,0.0,579.0
780,15,569.0,0.0,580.0
781,11,588.0,0.0,580.0
782,13,601.0,0.0,580.0
783,20,613.0,0.0,574.0
784,9,615.0,0.0,587.0
785,16,629.0,0.0,581.0
786,18,657.0,0.0,579.0
787,15,667.0,0.0,582.0
788,26,687.0,0.0,571.0
789,28,700.0,0.0,565.0
790,24,718.0,0.0,565.0
791,22,739.0,0.0,571.0
792,24,756.0,0.0,567.0
793,20,769.0,0.0,572.0
794,31,781.0,0.0,560.0
795,17,777.0,0.0,570.0
796,16,790.0,0.0,575.0
797,18,810.0,0.0,572.0
798,18,827.0,0.0,571.0
799,30,843.0,0.0,562.0
800,32,859.0,0.0,555.0
801,21,860.0,0.0,564.0
802,28,854.0,0.0,563.0
803,39,859.0,0.0,553.0
804,16,855.0,0.0,572.0
805,20,855.0,0.0,571.0
806,58,877.0,0.0,534.0
807,39,841.0,0.0,553.0
808,35,832.0,0.0,557.0
809,27,837.0,0.0,556.0
810,33,845.0,0.0,552.0
811,27,837.0,0.0,559.0
812,33,843.0,0.0,556.0
813,20,841.0,0.0,570.0
814,27,851.0,0.0,559.0
815,31,857.0,0.0,556.0
816,27,846.0,0.0,557.0
817,21,832.0,0.0,560.0
818,19,821.0,0.0,567.0
819,16,812.0,0.0,567.0
820,38,801.0,0.0,547.0
821,9,774.0,0.0,571.0
822,6,784.0,0.0,580.0
823,6,784.0,0.0,579.0
824,18,779.0,0.0,568.0
825,9,766.0,0.0,576.0
826,13,767.0,0.0,571.0
827,12,762.0,0.0,579.0
828,10,765.0,0.0,579.0
829,19,771.0,0.0,570.0
830,16,776.0,0.0,571.0
831,18,776.0,0.0,570.0
832,19,786.0,0.0,568.0
833,17,812.0,0.0,569.0
834,16,818.0,0.0,569.0
835,21,822.0,0.0,569.0
836,24,832.0,0.0,564.0
837,12,835.0,0.0,571.0
838,20,842.0,0.0,570.0
839,6,845.0,0.0,582.0
840,15,868.0,0.0,576.0
841,23,879.0,0.0,570.0
842,19,891.0,0.0,574.0
843,25,919.0,0.0,568.0
844,25,935.0,0.0,565.0
845,43,937.0,0.0,547.0
846,33,926.0,0.0,547.0
847,13,922.0,0.0,570.0
848,42,945.0,0.0,549.0
849,18,933.0,0.0,566.0
850,19,935.0,0.0,569.0
851,35,940.0,0.0,555.0
852,22,934.0,0.0,566.0
853,18,929.0,0.0,574.0
854,32,935.0,0.0,557.0
855,27,934.0,0.0,559.0
856,29,940.0,0.0,559.0
857,25,935.0,0.0,565.0
858,47,959.0,0.0,543.0
859,28,937.0,0.0,560.0
860,19,935.0,0.0,570.0
861,24,933.0,0.0,565.0
862,29,929.0,0.0,558.0
863,18,916.0,0.0,568.0
864,25,911.0,0.0,560.0
865,12,895.0,0.0,574.0
866,15,887.0,0.0,569.0
867,22,878.0,0.0,562.0
868,4,858.0,0.0,579.0
869,11,852.0,0.0,575.0
870,9,843.0,0.0,575.0
871,11,834.0,0.0,574.0
872,7,828.0,0.0,575.0
873,10,821.0,0.0,573.0
874,6,819.0,0.0,579.0
875,16,844.0,0.0,573.0
876,12,857.0,0.0,577.0
877,13,872.0,0.0,578.0
878,17,887.0,0.0,576.0
879,11,896.0,0.0,581.0
880,14,912.0,0.0,580.0
881,15,925.0,0.0,578.0
882,20,943.0,0.0,574.0
883,11,952.0,0.0,583.0
884,17,959.0,0.0,577.0
885,26,965.0,0.0,568.0
886,16,964.0,0.0,579.0
887,20,979.0,0.0,571.0
888,21,991.0,0.0,572.0
889,19,1004.0,0.0,572.0
890,16,1007.0,0.0,575.0
891,31,1019.0,0.0,561.0
892,18,1018.0,0.0,575.0
893,49,1036.0,0.0,544.0
894,24,1020.0,0.0,568.0
895,21,1024.0,0.0,572.0
896,17,1033.0,0.0,575.0
897,30,1048.0,0.0,563.0
898,33,1041.0,0.0,560.0
899,26,1035.0,0.0,566.0
900,22,1038.0,0.0,569.0
901,27,1037.0,0.0,562.0
902,25,1033.0,0.0,564.0
903,25,1035.0,0.0,566.0
904,30,1038.0,0.0,561.0
905,33,1038.0,0.0,557.0
906,35,1049.0,0.0,554.0
907,42,1051.0,0.0,543.0
908,24,1031.0,0.0,563.0
909,22,1028.0,0.0,566.0
910,26,1039.0,0.0,558.0
911,31,1031.0,0.0,552.0
912,17,1010.0,0.0,570.0
913,18,1008.0,0.0,565.0
914,10,1002.0,0.0,569.0
915,21,995.0,0.0,562.0
916,11,975.0,0.0,572.0
917,10,965.0,0.0,576.0
918,13,954.0,0.0,576.0
919,13,942.0,0.0,576.0
920,9,931.0,0.0,578.0
921,8,926.0,0.0,577.0
922,13,931.0,0.0,574.0
923,10,933.0,0.0,579.0
924,11,953.0,0.0,578.0
925,15,984.0,0.0,574.0
926,6,995.0,0.0,585.0
927,8,1013.0,0.0,586.0
928,16,1027.0,0.0,578.0
929,18,1042.0,0.0,577.0
930,15,1068.0,0.0,581.0
931,18,1085.0,0.0,577.0
932,38,1097.0,0.0,558.0
933,19,1111.0,0.0,575.0
934,21,1119.0,0.0,570.0
935,37,1122.0,0.0,556.0
936,37,1108.0,0.0,557.0
937,24,1118.0,0.0,569.0
938,21,1130.0,0.0,573.0
939,24,1163.0,0.0,569.0
940,18,1158.0,0.0,575.0
941,12,1171.0,0.0,580.0
942,74,1204.0,0.0,516.0
943,42,1169.0,0.0,538.0
944,37,1150.0,0.0,552.0
945,30,1131.0,0.0,557.0
946,33,1131.0,0.0,552.0
947,36,1124.0,0.0,552.0
948,18,1113.0,0.0,569.0
949,33,1124.0,0.0,553.0
950,32,1121.0,0.0,559.0
951,29,1116.0,0.0,561.0
952,38,1127.0,0.0,552.0
953,33,1127.0,0.0,549.0
954,38,1107.0,0.0,548.0
955,24,1091.0,0.0,565.0
956,18,1088.0,0.0,568.0
957,32,1096.0,0.0,554.0
958,32,1093.0,0.0,554.0
959,12,1080.0,0.0,573.0
960,17,1083.0,0.0,573.0
961,21,1072.0,0.0,568.0
962,21,1062.0,0.0,566.0
963,13,1048.0,0.0,571.0
964,19,1038.0,0.0,569.0
965,18,1024.0,0.0,570.0
966,11,1014.0,0.0,574.0
967,8,1005.0,0.0,576.0
968,15,998.0,0.0,569.0
969,12,988.0,0.0,571.0
970,9,981.0,0.0,578.0
971,6,995.0,0.0,583.0
972,6,1011.0,0.0,586.0
973,16,1037.0,0.0,578.0
974,11,1057.0,0.0,582.0
975,15,1066.0,0.0,580.0
976,15,1080.0,0.0,578.0
977,17,1100.0,0.0,576.0
978,16,1111.0,0.0,575.0
979,17,1147.0,0.0,574.0
980,16,1164.0,0.0,577.0
981,15,1175.0,0.0,578.0
982,19,1187.0,0.0,576.0
983,25,1199.0,0.0,571.0
984,21,1201.0,0.0,575.0
985,26,1214.0,0.0,570.0
986,22,1220.0,0.0,575.0
987,25,1234.0,0.0,571.0
988,22,1245.0,0.0,574.0
989,38,1255.0,0.0,558.0
990,29,1252.0,0.0,559.0
991,32,1253.0,0.0,557.0
992,16,1245.0,0.0,572.0
993,24,1255.0,0.0,562.0
994,37,1245.0,0.0,556.0
995,40,1231.0,0.0,554.0
996,15,1214.0,0.0,579.0
997,49,1221.0,0.0,544.0
998,28,1221.0,0.0,549.0
999,27,1223.0,0.0,553.0
1000,40,1227.0,0.0,541.0
1001,43,1224.0,0.0,539.0
1002,29,1207.0,0.0,549.0
1003,29,1189.0,0.0,562.0
1004,19,1190.0,0.0,571.0
1005,30,1195.0,0.0,561.0
1006,24,1190.0,0.0,565.0
1007,11,1181.0,0.0,578.0
1008,28,1183.0,0.0,563.0
1009,21,1176.0,0.0,564.0
1010,17,1168.0,0.0,564.0
1011,25,1159.0,0.0,557.0
1012,11,1134.0,0.0,574.0
1013,10,1126.0,0.0,577.0
1014,9,1117.0,0.0,579.0
1015,16,1114.0,0.0,572.0
1016,9,1100.0,0.0,578.0
1017,6,1091.0,0.0,581.0
1018,11,1087.0,0.0,579.0
1019,9,1158.0,0.0,581.0
1020,14,1182.0,0.0,579.0
1021,14,1208.0,0.0,583.0
1022,16,1226.0,0.0,581.0
1023,19,1249.0,0.0,576.0
1024,27,1266.0,0.0,569.0
1025,17,1264.0,0.0,579.0
1026,14,1279.0,0.0,582.0
1027,16,1297.0,0.0,580.0
1028,23,1323.0,0.0,573.0
1029,20,1351.0,0.0,576.0
1030,13,1367.0,0.0,583.0
1031,40,1376.0,0.0,556.0
1032,14,1378.0,0.0,582.0
1033,34,1402.0,0.0,562.0
1034,32,1402.0,0.0,564.0
1035,32,1412.0,0.0,560.0
1036,17,1418.0,0.0,575.0
1037,36,1424.0,0.0,558.0
1038,26,1414.0,0.0,567.0
1039,25,1411.0,0.0,569.0
1040,28,1422.0,0.0,564.0
1041,34,1426.0,0.0,556.0
1042,26,1411.0,0.0,565.0
1043,42,1404.0,0.0,550.0
1044,34,1385.0,0.0,554.0
1045,26,1376.0,0.0,562.0
1046,24,1377.0,0.0,563.0
1047,17,1375.0,0.0,566.0
1048,26,1383.0,0.0,561.0
1049,29,1394.0,0.0,559.0
1050,28,1386.0,0.0,563.0
1051,28,1395.0,0.0,561.0
1052,24,1388.0,0.0,563.0
1053,25,1386.0,0.0,562.0
1054,14,1379.0,0.0,576.0
1055,28,1382.0,0.0,562.0
1056,29,1377.0,0.0,556.0
1057,13,1362.0,0.0,569.0
1058,24,1358.0,0.0,563.0
1059,19,1345.0,0.0,563.0
1060,11,1328.0,0.0,574.0
1061,9,1320.0,0.0,576.0
1062,6,1313.0,0.0,579.0
1063,11,1307.0,0.0,576.0
1064,8,1303.0,0.0,574.0
1065,4,1297.0,0.0,579.0
1066,8,1307.0,0.0,570.0
1067,17,1319.0,0.0,562.0
1068,13,1329.0,0.0,571.0
1069,27,1349.0,0.0,560.0
1070,13,1350.0,0.0,572.0
1071,10,1364.0,0.0,570.0
1072,19,1376.0,0.0,563.0
1073,13,1384.0,0.0,571.0
1074,27,1397.0,0.0,559.0
1075,28,1402.0,0.0,561.0
1076,22,1405.0,0.0,569.0
1077,25,1417.0,0.0,566.0
1078,21,1412.0,0.0,572.0
1079,23,1424.0,0.0,570.0
1080,34,1434.0,0.0,560.0
1081,36,1442.0,0.0,557.0
1082,24,1439.0,0.0,571.0
1083,40,1448.0,0.0,553.0
1084,42,1445.0,0.0,547.0
1085,21,1432.0,0.0,567.0
1086,27,1432.0,0.0,562.0
1087,28,1439.0,0.0,562.0
1088,43,1445.0,0.0,547.0
1089,26,1441.0,0.0,560.0
1090,19,1440.0,0.0,570.0
1091,17,1443.0,0.0,570.0
1092,22,1445.0,0.0,571.0
1093,27,1455.0,0.0,564.0
1094,28,1452.0,0.0,563.0
1095,40,1458.0,0.0,551.0
1096,41,1455.0,0.0,544.0
1097,17,1435.0,0.0,567.0
1098,24,1441.0,0.0,564.0
1099,23,1445.0,0.0,563.0
1100,21,1449.0,0.0,561.0
1101,20,1454.0,0.0,567.0
1102,27,1468.0,0.0,562.0
1103,28,1461.0,0.0,562.0
1104,27,1456.0,0.0,561.0
1105,38,1449.0,0.0,546.0
1106,12,1424.0,0.0,574.0
1107,15,1421.0,0.0,572.0
1108,17,1418.0,0.0,572.0
1109,16,1413.0,0.0,574.0
1110,18,1401.0,0.0,574.0
1111,10,1390.0,0.0,582.0
1112,14,1384.0,0.0,577.0
1113,11,1373.0,0.0,581.0
1114,16,1376.0,0.0,577.0
1115,18,1389.0,0.0,574.0
1116,10,1392.0,0.0,583.0
1117,14,1400.0,0.0,582.0
1118,20,1407.0,0.0,575.0
1119,16,1413.0,0.0,581.0
1120,19,1429.0,0.0,577.0
1121,17,1430.0,0.0,578.0
1122,15,1439.0,0.0,579.0
1123,15,1454.0,0.0,579.0
1124,15,1473.0,0.0,579.0
1125,27,1480.0,0.0,568.0
1126,16,1484.0,0.0,578.0
1127,23,1492.0,0.0,571.0
1128,28,1495.0,0.0,565.0
1129,25,1494.0,0.0,566.0
1130,20,1493.0,0.0,572.0
1131,26,1506.0,0.0,565.0
1132,24,1514.0,0.0,564.0
1133,21,1531.0,0.0,567.0
1134,26,1538.0,0.0,558.0
1135,27,1536.0,0.0,560.0
1136,19,1534.0,0.0,568.0
1137,32,1541.0,0.0,555.0
1138,35,1538.0,0.0,554.0
1139,29,1538.0,0.0,561.0
1140,26,1538.0,0.0,565.0
1141,29,1546.0,0.0,562.0
1142,39,1540.0,0.0,551.0
1143,26,1520.0,0.0,565.0
1144,25,1531.0,0.0,559.0
1145,17,1535.0,0.0,565.0
1146,25,1545.0,0.0,558.0
1147,35,1551.0,0.0,546.0
1148,28,1546.0,0.0,549.0
1149,37,1534.0,0.0,540.0
1150,26,1518.0,0.0,549.0
1151,28,1516.0,0.0,549.0
1152,21,1509.0,0.0,558.0
1153,22,1493.0,0.0,562.0
1154,21,1494.0,0.0,557.0
1155,12,1493.0,0.0,557.0
1156,31,1485.0,0.0,543.0
1157,8,1459.0,0.0,569.0
1158,15,1460.0,0.0,558.0
1159,22,1447.0,0.0,553.0
1160,11,1429.0,0.0,563.0
1161,9,1414.0,0.0,573.0
1162,6,1409.0,0.0,579.0
1163,9,1416.0,0.0,579.0
1164,8,1424.0,0.0,584.0
1165,9,1436.0,0.0,583.0
1166,21,1452.0,0.0,570.0
1167,21,1451.0,0.0,572.0
1168,7,1452.0,0.0,586.0
1169,20,1461.0,0.0,574.0
1170,12,1468.0,0.0,580.0
1171,16,1495.0,0.0,577.0
1172,28,1512.0,0.0,561.0
1173,32,1514.0,0.0,555.0
1174,20,1500.0,0.0,565.0
1175,36,1520.0,0.0,545.0
1176,28,1517.0,0.0,551.0
1177,23,1526.0,0.0,555.0
1178,27,1530.0,0.0,553.0
1179,27,1536.0,0.0,560.0
1180,28,1542.0,0.0,554.0
1181,17,1535.0,0.0,574.0
1182,27,1544.0,0.0,568.0
1183,25,1546.0,0.0,563.0
1184,26,1544.0,0.0,566.0
1185,21,1543.0,0.0,568.0
1186,23,1540.0,0.0,571.0
1187,33,1550.0,0.0,558.0
1188,38,1553.0,0.0,554.0
1189,18,1536.0,0.0,575.0
1190,24,1542.0,0.0,568.0
1191,32,1539.0,0.0,562.0
1192,25,1540.0,0.0,566.0
1193,33,1544.0,0.0,559.0
1194,16,1538.0,0.0,573.0
1195,24,1533.0,0.0,569.0
1196,16,1534.0,0.0,574.0
1197,39,1551.0,0.0,548.0
1198,23,1542.0,0.0,555.0
1199,15,1529.0,0.0,564.0
1200,14,1522.0,0.0,573.0
1201,26,1528.0,0.0,557.0
1202,21,1507.0,0.0,566.0
1203,9,1494.0,0.0,575.0
1204,12,1487.0,0.0,574.0
1205,12,1478.0,0.0,572.0
1206,4,1466.0,0.0,580.0
1207,5,1460.0,0.0,581.0
1208,4,1457.0,0.0,582.0
1209,15,1454.0,0.0,572.0
1210,6,1443.0,0.0,583.0
1211,10,1455.0,0.0,580.0
1212,7,1475.0,0.0,586.0
1213,15,1496.0,0.0,582.0
1214,10,1506.0,0.0,585.0
1215,14,1525.0,0.0,582.0
1216,13,1540.0,0.0,583.0
1217,14,1550.0,0.0,582.0
1218,15,1564.0,0.0,581.0
1219,27,1572.0,0.0,569.0
1220,14,1571.0,0.0,582.0
1221,12,1581.0,0.0,584.0
1222,27,1592.0,0.0,568.0
1223,25,1616.0,0.0,568.0
1224,16,1617.0,0.0,580.0
1225,30,1628.0,0.0,566.0
1226,9,1622.0,0.0,587.0
1227,27,1642.0,0.0,568.0
1228,29,1650.0,0.0,567.0
1229,19,1651.0,0.0,577.0
1230,31,1680.0,0.0,562.0
1231,25,1677.0,0.0,567.0
1232,17,1678.0,0.0,578.0
1233,20,1693.0,0.0,577.0
1234,29,1698.0,0.0,567.0
1235,12,1697.0,0.0,581.0
1236,34,1716.0,0.0,562.0
1237,26,1711.0,0.0,568.0
1238,27,1712.0,0.0,563.0
1239,47,1719.0,0.0,545.0
1240,35,1718.0,0.0,552.0
1241,47,1709.0,0.0,542.0
1242,28,1695.0,0.0,558.0
1243,34,1701.0,0.0,549.0
1244,25,1676.0,0.0,561.0
1245,33,1680.0,0.0,556.0
1246,34,1664.0,0.0,555.0
1247,15,1640.0,0.0,575.0
1248,21,1642.0,0.0,567.0
1249,12,1634.0,0.0,576.0
1250,19,1628.0,0.0,573.0
1251,12,1617.0,0.0,576.0
1252,21,1612.0,0.0,565.0
1253,7,1593.0,0.0,580.0
1254,15,1591.0,0.0,571.0
1255,9,1582.0,0.0,574.0
1256,5,1570.0,0.0,581.0
1257,5,1566.0,0.0,582.0
1258,27,1567.0,0.0,560.0
1259,12,1552.0,0.0,578.0
1260,9,1570.0,0.0,581.0
1261,14,1586.0,0.0,578.0
1262,12,1606.0,0.0,582.0
1263,14,1622.0,0.0,582.0
1264,12,1644.0,0.0,584.0
1265,22,1659.0,0.0,573.0
1266,15,1666.0,0.0,577.0
1267,23,1678.0,0.0,571.0
1268,16,1687.0,0.0,577.0
1269,16,1705.0,0.0,580.0
1270,19,1714.0,0.0,575.0
1271,21,1718.0,0.0,573.0
1272,24,1723.0,0.0,569.0
1273,17,1729.0,0.0,575.0
1274,23,1747.0,0.0,570.0
1275,35,1758.0,0.0,557.0
1276,27,1759.0,0.0,565.0
1277,27,1759.0,0.0,565.0
1278,18,1762.0,0.0,574.0
1279,36,1768.0,0.0,554.0
1280,14,1764.0,0.0,577.0
1281,25,1774.0,0.0,568.0
1282,37,1773.0,0.0,555.0
1283,33,1770.0,0.0,557.0
1284,28,1757.0,0.0,564.0
1285,26,1758.0,0.0,566.0
1286,22,1761.0,0.0,569.0
1287,35,1770.0,0.0,554.0
1288,22,1766.0,0.0,568.0
1289,27,1770.0,0.0,563.0
1290,29,1767.0,0.0,562.0
1291,23,1770.0,0.0,566.0
1292,24,1758.0,0.0,565.0
1293,24,1748.0,0.0,568.0
1294,25,1743.0,0.0,565.0
1295,16,1729.0,0.0,572.0
1296,20,1732.0,0.0,564.0
1297,15,1725.0,0.0,571.0
1298,7,1714.0,0.0,581.0
1299,9,1710.0,0.0,579.0
1300,6,1702.0,0.0,582.0
1301,7,1702.0,0.0,579.0
1302,9,1695.0,0.0,577.0
1303,9,1692.0,0.0,573.0
1304,14,1684.0,0.0,568.0
1305,10,1670.0,0.0,572.0
1306,4,1671.0,0.0,583.0
1307,7,1682.0,0.0,581.0
1308,11,1698.0,0.0,579.0
1309,16,1727.0,0.0,575.0
1310,10,1739.0,0.0,577.0
1311,14,1743.0,0.0,578.0
1312,20,1768.0,0.0,572.0
1313,12,1769.0,0.0,578.0
1314,21,1780.0,0.0,573.0
1315,13,1783.0,0.0,581.0
1316,18,1801.0,0.0,577.0
1317,11,1807.0,0.0,582.0
1318,16,1827.0,0.0,575.0
1319,28,1840.0,0.0,566.0
1320,26,1846.0,0.0,567.0
1321,34,1843.0,0.0,561.0
1322,26,1838.0,0.0,565.0
1323,21,1854.0,0.0,570.0
1324,18,1873.0,0.0,574.0
1325,28,1890.0,0.0,565.0
1326,26,1907.0,0.0,567.0
1327,25,1915.0,0.0,567.0
1328,20,1912.0,0.0,574.0
1329,28,1926.0,0.0,565.0
1330,34,1928.0,0.0,560.0
1331,27,1922.0,0.0,563.0
1332,18,1906.0,0.0,575.0
1333,28,1908.0,0.0,564.0
1334,19,1914.0,0.0,567.0
1335,41,1932.0,0.0,546.0
1336,19,1926.0,0.0,560.0
1337,29,1932.0,0.0,556.0
1338,34,1920.0,0.0,555.0
1339,37,1915.0,0.0,551.0
1340,18,1905.0,0.0,564.0
1341,27,1902.0,0.0,555.0
1342,29,1903.0,0.0,551.0
1343,28,1882.0,0.0,554.0
1344,21,1866.0,0.0,564.0
1345,14,1853.0,0.0,569.0
1346,17,1844.0,0.0,572.0
1347,11,1833.0,0.0,579.0
1348,15,1830.0,0.0,572.0
1349,8,1822.0,0.0,577.0
1350,16,1814.0,0.0,570.0
1351,11,1804.0,0.0,572.0
1352,11,1792.0,0.0,574.0
1353,9,1781.0,0.0,578.0
1354,15,1790.0,0.0,576.0
1355,7,1804.0,0.0,585.0
1356,22,1833.0,0.0,571.0
1357,14,1860.0,0.0,563.0
1358,17,1864.0,0.0,573.0
1359,27,1879.0,0.0,559.0
1360,16,1868.0,0.0,571.0
1361,25,1878.0,0.0,566.0
1362,18,1887.0,0.0,570.0
1363,14,1903.0,0.0,576.0
1364,25,1914.0,0.0,566.0
1365,17,1909.0,0.0,571.0
1366,24,1918.0,0.0,567.0
1367,18,1911.0,0.0,575.0
1368,26,1930.0,0.0,566.0
1369,27,1930.0,0.0,565.0
1370,14,1923.0,0.0,580.0
1371,33,1948.0,0.0,561.0
1372,36,1958.0,0.0,558.0
1373,35,1957.0,0.0,558.0
1374,21,1959.0,0.0,574.0
1375,22,1964.0,0.0,573.0
1376,25,1969.0,0.0,569.0
1377,17,1972.0,0.0,576.0
1378,28,1975.0,0.0,567.0
1379,17,1971.0,0.0,571.0
1380,29,1975.0,0.0,565.0
1381,19,1970.0,0.0,570.0
1382,23,1973.0,0.0,570.0
1383,23,1977.0,0.0,569.0
1384,30,1984.0,0.0,563.0
1385,35,1978.0,0.0,559.0
1386,30,1978.0,0.0,560.0
1387,27,1967.0,0.0,564.0
1388,27,1963.0,0.0,565.0
1389,17,1959.0,0.0,574.0
1390,20,1966.0,0.0,571.0
1391,27,1963.0,0.0,562.0
