time_step,met_demand,unmet_demand,new_demand,carried_in_unmet,carried_out_unmet,n_rebalance_moves,iteration_cost,cumulative_cost,n_vehicles_in_service
0,6092,367.52380952380463,6459.523809523805,0.0,367.5238095238095,353,265948.77746369457,265948.77746369457,6445
1,6445,382.04761904761654,6459.523809523805,367.5238095238095,382.047619047619,366,283626.5686402919,549575.3461039865,7730
2,4102,446.4761904761908,4166.428571428578,382.047619047619,446.47619047619094,439,219010.4975938665,768585.8436978529,5508
3,4041,571.9047619047615,4166.428571428578,446.47619047619094,571.9047619047616,563,220501.79428915263,989087.6379870055,5252
4,2422,411.1190476190568,2261.214285714292,571.9047619047616,411.11904761904714,407,175981.67943771655,1165069.317424722,3469
5,2220,452.33333333333985,2261.214285714292,411.11904761904714,452.3333333333336,447,172514.02736272654,1337583.3447874486,3151
6,1293,413.8095238095275,1254.47619047619,452.3333333333336,413.8095238095245,406,149505.0362582393,1487088.381045688,2176
7,1260,408.2857142857174,1254.47619047619,413.8095238095245,408.28571428571456,403,148994.7243313348,1636083.1053770226,2022
8,1129,416.66666666666674,1137.3809523809502,408.28571428571456,416.66666666666663,408,148270.3964925622,1784353.501869585,1898
9,1137,417.0476190476186,1137.3809523809502,416.66666666666663,417.0476190476189,410,148709.6726530587,1933063.1745226437,1791
10,2769,544.4047619047674,2896.3571428571463,417.0476190476189,544.4047619047622,539,200562.0191056556,2133625.193628299,3551
11,2986,454.76190476191323,2896.3571428571463,544.4047619047622,454.76190476190567,447,208259.9928632051,2341885.1864915043,3576
12,5597,973.4523809523835,6115.690476190475,454.76190476190567,973.4523809523824,1168,295992.6609679071,2637877.8474594112,6914
13,6313,776.1428571428623,6115.690476190475,973.4523809523824,776.142857142858,1482,341450.6321995618,2979328.479658973,8219
14,7711,1029.142857142846,7963.999999999989,776.142857142858,1029.1428571428576,1754,378630.7471127447,3357959.226771718,9880
15,7769,1224.1428571428478,7963.999999999989,1029.1428571428576,1224.1428571428562,1406,361566.7819951725,3719526.0087668905,12051
16,9027,1216.309523809512,9019.166666666664,1224.1428571428562,1216.3095238095252,1516,389766.57433835353,4109292.583105244,13356
17,8869,1366.4761904761817,9019.166666666664,1216.3095238095252,1366.4761904761908,1373,385520.89982844976,4494813.482933694,14363
18,10207,2007.2619047618991,10847.785714285717,1366.4761904761908,2007.2619047619069,2001,421722.09579734254,4916535.578731036,16229
19,11814,1041.047619047613,10847.785714285717,2007.2619047619069,1041.0476190476197,1113,449811.3217201522,5366346.900451188,16035
20,11411,609.1190476190441,10979.071428571422,1041.0476190476197,609.1190476190474,901,415062.37052866415,5781409.270979852,15447
21,11087,501.19047619046796,10979.071428571422,609.1190476190474,501.1904761904764,705,402371.61123161414,6183780.882211466,14584
22,10666,459.66666666665697,10624.476190476189,501.1904761904764,459.666666666667,640,382970.8341563297,6566751.716367796,13925
23,10579,505.1428571428496,10624.476190476189,459.666666666667,505.14285714285757,641,377986.1238917571,6944737.840259553,13203
24,10724,556.0476190476202,10774.904761904767,505.14285714285757,556.047619047619,667,388884.70290402346,7333622.543163576,13354
25,10712,618.9523809523835,10774.904761904767,556.047619047619,618.9523809523808,735,389729.8953017613,7723352.438465337,13362
26,11454,957.0952380952349,11792.142857142855,618.9523809523808,957.0952380952373,951,408324.7988402138,8131677.237305551,14378
27,11707,1042.2380952380936,11792.142857142855,957.0952380952373,1042.2380952380965,1036,416144.0394524846,8547821.276758036,15617
28,11830,753.5476190476165,11541.30952380952,1042.2380952380965,753.5476190476192,746,415985.08089533704,8963806.357653372,15498
29,11274,1020.8571428571358,11541.30952380952,753.5476190476192,1020.8571428571448,1017,402333.15036849794,9366139.50802187,15809
30,11580,646.73809523811,11205.880952380967,1020.8571428571448,646.7380952380962,637,408197.50890631415,9774337.016928185,15562
31,11079,773.6190476190586,11205.880952380967,646.7380952380962,773.619047619048,767,397560.00104491,10171897.017973095,15687
32,10709,609.809523809532,10545.190476190486,773.619047619048,609.8095238095253,607,389014.3425931242,10560911.36056622,14871
33,10320,835.0000000000091,10545.190476190486,609.8095238095253,835.0000000000007,829,384387.05398655747,10945298.414552776,14981
34,9846,631.7142857142917,9642.714285714286,835.0000000000007,631.7142857142866,625,370293.713106739,11315592.127659515,14283
35,9142,1132.428571428576,9642.714285714286,631.7142857142866,1132.4285714285718,1124,363327.6500849351,11678919.77774445,14547
36,9489,1198.1904761904661,9554.761904761903,1132.4285714285718,1198.1904761904764,1194,373855.18424855114,12052774.961993001,14794
37,9089,1663.952380952369,9554.761904761903,1198.1904761904764,1663.9523809523835,1649,377097.77389532793,12429872.735888328,14894
38,9504,2900.4761904762145,10740.523809523826,1663.9523809523835,2900.47619047619,2889,471345.3899965999,12901218.125884928,16390
39,10389,3252.0000000000127,10740.523809523826,2900.47619047619,3252.0000000000005,3225,532712.6569145124,13433930.78279944,16414
40,9925,4640.761904761906,11313.761904761905,3252.0000000000005,4640.761904761908,2489,437947.4024669536,13871878.185266392,15246
41,9309,6645.523809523813,11313.761904761905,4640.761904761908,6645.523809523821,2140,373347.0775139986,14245225.26278039,13642
42,8930,8860.214285714315,11144.690476190484,6645.523809523821,8860.214285714288,1748,347681.7308986504,14592906.993679041,12659
43,8491,11513.904761904745,11144.690476190484,8860.214285714288,11513.904761904761,938,323853.2289806246,14916760.222659666,11345
44,8174,13546.904761904734,10207.000000000002,11513.904761904761,13546.904761904769,658,322556.97107745707,15239317.193737123,10503
45,8193,15560.90476190477,10207.000000000002,13546.904761904769,15560.904761904774,694,325756.78429287416,15565073.978029998,10110
46,8021,16187.85714285713,8647.95238095239,15560.904761904774,16187.857142857167,991,313167.00024357624,15878240.978273574,10224
47,7353,17482.809523809505,8647.95238095239,16187.857142857167,17482.809523809552,1688,309506.0585755288,16187747.036849104,9799
48,6162,17780.333333333314,6459.523809523805,17482.809523809552,17780.333333333358,2006,282268.97377244505,16470016.01062155,9136
49,6023,18216.85714285712,6459.523809523805,17780.333333333358,18216.857142857127,1434,274997.42922217085,16745013.43984372,8349
50,4965,17418.28571428564,4166.428571428578,18216.857142857127,17418.285714285696,2062,259586.4563983492,17004599.896242067,7688
51,4418,17166.71428571421,4166.428571428578,17418.285714285696,17166.714285714283,2080,243358.69124558193,17247958.58748765,7309
52,4643,14784.928571428372,2261.214285714292,17166.714285714283,14784.928571428552,4199,301956.2356991993,17549914.82318685,9394
53,3424,13622.142857142757,2261.214285714292,14784.928571428552,13622.142857142864,4567,267760.17333436524,17817674.996521212,8456
54,2411,12465.619047619039,1254.47619047619,13622.142857142864,12465.619047619055,5890,276612.52474383457,18094287.52126505,8902
55,2308,11412.09523809523,1254.47619047619,12465.619047619055,11412.09523809525,6575,287887.4378849056,18382174.959149953,9383
56,1213,11336.476190476169,1137.3809523809502,11412.09523809525,11336.4761904762,6256,243115.55346738792,18625290.512617342,7914
57,1369,11104.85714285712,1137.3809523809502,11336.4761904762,11104.857142857167,6600,254804.63502771582,18880095.147645056,8153
58,2024,11977.214285714283,2896.3571428571463,11104.857142857167,11977.214285714274,5965,259240.52044843452,19139335.66809349,8199
59,2403,12470.57142857139,2896.3571428571463,11977.214285714274,12470.571428571413,5846,262507.10513601574,19401842.773229506,8438
60,3248,15338.26190476192,6115.690476190475,12470.571428571413,15338.26190476192,4185,238924.9612796518,19640767.73450916,7702
61,3465,17988.952380952353,6115.690476190475,15338.26190476192,17988.9523809524,3989,237016.55218914262,19877784.2866983,7684
62,5426,20526.952380952436,7963.999999999989,17988.9523809524,20526.952380952393,2831,249843.07482629843,20127627.3615246,8483
63,5063,23427.95238095243,7963.999999999989,20526.952380952393,23427.952380952403,2566,250822.8882028951,20378450.249727495,9355
64,5531,26916.119047619064,9019.166666666664,23427.952380952403,26916.1190476191,2179,247201.69096608728,20625651.940693583,9692
65,5614,30321.28571428568,9019.166666666664,26916.1190476191,30321.285714285696,1883,245593.71302345986,20871245.653717045,9478
66,5853,35316.071428571304,10847.785714285717,30321.285714285696,35316.07142857144,1283,231759.873461954,21103005.527179,9241
67,6168,39995.85714285703,10847.785714285717,35316.07142857144,39995.8571428572,1257,238483.36152542345,21341488.888704423,8496
68,7126,43848.92857142859,10979.071428571422,39995.8571428572,43848.92857142857,210,240689.19370320768,21582178.08240763,8467
69,7284,47543.999999999956,10979.071428571422,43848.92857142857,47543.99999999998,368,245001.85704989985,21827179.939457532,8076
70,6833,51335.47619047611,10624.476190476189,47543.99999999998,51335.476190476125,131,249121.5055334247,22076301.444990955,7847
71,8853,53106.95238095226,10624.476190476189,51335.476190476125,53106.95238095242,9,269385.96476464963,22345687.409755606,9921
72,5697,58184.85714285709,10774.904761904767,53106.95238095242,58184.85714285714,9,216869.32311982958,22562556.732875437,6690
73,8179,60780.76190476197,10774.904761904767,58184.85714285714,60780.76190476193,9,260299.66283523134,22822856.39571067,8823
74,7623,64949.904761904894,11792.142857142855,60780.76190476193,64949.90476190467,9,281287.18105225795,23104143.576762926,8774
75,6991,69751.04761904757,11792.142857142855,64949.90476190467,69751.04761904772,9,248836.4791627583,23352980.055925686,9110
76,7268,74024.35714285742,11541.30952380952,69751.04761904772,74024.35714285709,9,250335.66522382543,23603315.72114951,9540
77,8201,77364.66666666679,11541.30952380952,74024.35714285709,77364.6666666667,9,253430.92690845314,23856746.648057964,10418
78,7660,80910.5476190479,11205.880952380967,77364.6666666667,80910.54761904766,9,249790.38265685557,24106537.03071482,9751
79,6233,85883.42857142886,11205.880952380967,80910.54761904766,85883.42857142867,9,246820.23919068882,24353357.26990551,7421
80,8091,88337.61904761932,10545.190476190486,85883.42857142867,88337.61904761914,3,268497.82550187653,24621855.09540739,9927
81,7506,91376.80952380979,10545.190476190486,88337.61904761914,91376.80952380956,3,245911.4860127905,24867766.58142018,9437
82,7340,93679.5238095238,9642.714285714286,91376.80952380956,93679.52380952379,0,246910.78841108,25114677.36983126,9627
83,5759,97563.23809523803,9642.714285714286,93679.52380952379,97563.2380952381,0,231614.56282378742,25346291.932655048,7837
84,6974,100143.99999999994,9554.761904761903,97563.2380952381,100144.0,3,240305.86870522113,25586597.80136027,9497
85,6144,103554.76190476184,9554.761904761903,100144.0,103554.76190476195,0,250001.59243956546,25836599.393799834,7241
86,7636,106659.285714286,10740.523809523826,103554.76190476195,106659.28571428562,0,272691.69764313556,26109291.09144297,10368
87,6101,111298.80952380967,10740.523809523826,106659.28571428562,111298.80952380942,0,246521.70128022623,26355812.792723194,7658
88,5480,117132.57142857123,11313.761904761905,111298.80952380942,117132.57142857139,6,229565.38746499107,26585378.180188186,7923
89,6508,121938.3333333332,11313.761904761905,117132.57142857139,121938.33333333333,3,236661.0703223948,26822039.25051058,7420
90,7066,126017.02380952396,11144.690476190484,121938.33333333333,126017.02380952386,0,254824.18392561117,27076863.43443619,7919
91,6658,130503.71428571446,11144.690476190484,126017.02380952386,130503.71428571436,3,248674.61780417006,27325538.05224036,7035
92,9888,130822.71428571467,10207.000000000002,130503.71428571436,130822.71428571433,6,326501.59093052655,27652039.643170886,10704
93,5382,135647.71428571473,10207.000000000002,130822.71428571433,135647.71428571423,6,232382.1337460662,27884421.77691695,7636
94,5444,138851.66666666712,8647.95238095239,135647.71428571423,138851.66666666648,9,230104.73879794517,28114526.515714895,6374
95,7088,140411.61904761937,8647.95238095239,138851.66666666648,140411.61904761902,6,254130.04023814504,28368656.55595304,7327
96,7639,139232.14285714272,6459.523809523805,140411.61904761902,139232.14285714267,9,274524.1886470774,28643180.744600117,8037
97,7450,138241.66666666637,6459.523809523805,139232.14285714267,138241.66666666686,9,270897.34056086844,28914078.085160986,7942
98,6078,136330.09523809596,4166.428571428578,138241.66666666686,136330.09523809518,60,259018.6548345069,29173096.73999549,7282
99,6363,134133.52380952428,4166.428571428578,136330.09523809518,134133.52380952358,224,268781.52917128406,29441878.269166775,7141
100,5034,131360.73809523936,2261.214285714292,134133.52380952358,131360.73809523805,6,237099.01929121852,29678977.288457993,6331
101,5871,127750.95238095382,2261.214285714292,131360.73809523805,127750.95238095235,9,244083.27103804925,29923060.55949604,6336
102,7816,121189.42857142951,1254.47619047619,127750.95238095235,121189.42857142861,161,296178.97782154824,30219239.53731759,8145
103,6007,116436.90476190577,1254.47619047619,121189.42857142861,116436.90476190479,11,273217.04927385855,30492456.58659145,6784
104,5962,111612.28571428667,1137.3809523809502,116436.90476190479,111612.28571428575,810,282965.1947804344,30775421.781371884,7309
105,7460,105289.66666666763,1137.3809523809502,111612.28571428575,105289.6666666666,9,313527.6525161028,31088949.43388799,8354
106,3470,104716.02380952435,2896.3571428571463,105289.6666666666,104716.02380952383,64,213427.09408012676,31302376.527968116,3717
107,6061,101551.38095238159,2896.3571428571463,104716.02380952383,101551.38095238079,6,268920.72979412496,31571297.257762242,6289
108,6171,101496.07142857138,6115.690476190475,101551.38095238079,101496.07142857143,633,309552.77365339734,31880850.03141564,6961
109,5496,102115.76190476202,6115.690476190475,101496.07142857143,102115.76190476184,40,267564.7596096162,32148414.79102526,6503
110,6266,103813.76190476185,7963.999999999989,102115.76190476184,103813.76190476192,51,288916.2616169591,32437331.05264222,6741
111,5986,105791.76190476194,7963.999999999989,103813.76190476192,105791.7619047621,6,257423.9429615662,32694754.995603785,9319
112,6269,108541.92857142891,9019.166666666664,105791.7619047621,108541.92857142862,6,254301.3362749427,32949056.33187873,8534
113,6947,110614.09523809544,9019.166666666664,108541.92857142862,110614.09523809518,8,275332.51872131496,33224388.850600045,9665
114,5420,116041.8809523811,10847.785714285717,110614.09523809518,116041.8809523809,6,233850.01285833708,33458238.863458384,8967
115,7385,119504.66666666683,10847.785714285717,116041.8809523809,119504.66666666653,9,263717.15775385924,33721956.02121224,9519
116,5721,124762.73809523798,10979.071428571422,119504.66666666653,124762.73809523808,9,224952.25575900608,33946908.27697125,7996
117,6769,128972.80952380967,10979.071428571422,124762.73809523808,128972.80952380961,9,266719.27337346366,34213627.55034471,8116
118,5805,133792.28571428583,10624.476190476189,128972.80952380961,133792.28571428562,6,242870.48437744688,34456498.03472216,8333
119,8520,135896.7619047616,10624.476190476189,133792.28571428562,135896.76190476184,9,297404.34355669643,34753902.37827885,9999
120,5475,141196.66666666663,10774.904761904767,135896.76190476184,141196.66666666657,9,220650.12398264694,34974552.5022615,6682
121,7180,144791.57142857136,10774.904761904767,141196.66666666657,144791.57142857127,9,258953.1213454859,35233505.62360698,7846
122,7839,148744.71428571412,11792.142857142855,144791.57142857127,148744.71428571382,9,301218.34044265444,35534723.96404964,9426
123,6784,153752.85714285666,11792.142857142855,148744.71428571382,153752.8571428571,9,262767.8350829745,35797491.799132615,8359
124,5705,159589.1666666668,11541.30952380952,153752.8571428571,159589.16666666663,9,253850.3179609385,36051342.117093556,7033
125,6546,164584.47619047633,11541.30952380952,159589.16666666663,164584.4761904763,9,244643.0642878389,36295985.1813814,8150
126,6619,169171.35714285745,11205.880952380967,164584.4761904763,169171.35714285722,9,223684.98898384755,36519670.170365244,7942
127,7442,172935.23809523837,11205.880952380967,169171.35714285722,172935.2380952381,9,258924.87936605295,36778595.0497313,9534
128,7161,176319.42857142808,10545.190476190486,172935.2380952381,176319.4285714288,6,266603.6953007329,37045198.745032035,8929
129,7460,179404.6190476188,10545.190476190486,176319.4285714288,179404.61904761894,9,262964.19964060327,37308162.94467264,9887
130,6849,182198.33333333358,9642.714285714286,179404.61904761894,182198.333333333,3,283529.1070706565,37591692.05174329,8779
131,6900,184941.04761904763,9642.714285714286,182198.333333333,184941.04761904752,6,255907.16103775016,37847599.21278104,9542
132,4417,190078.80952380985,9554.761904761903,184941.04761904752,190078.80952380938,6,205956.2139109319,38053555.42669197,6809
133,6592,193041.5714285717,9554.761904761903,190078.80952380938,193041.57142857145,6,248746.50243406836,38302301.92912604,8508
134,8912,194870.095238095,10740.523809523826,193041.57142857145,194870.09523809492,9,274286.6047425242,38576588.533868566,11544
135,6250,199360.61904761847,10740.523809523826,194870.09523809492,199360.61904761885,9,277057.7971401677,38853646.33100873,7540
136,7193,203481.38095238095,11313.761904761905,199360.61904761885,203481.38095238054,9,242216.82860587985,39095863.159614615,9364
137,5951,208844.14285714264,11313.761904761905,203481.38095238054,208844.14285714307,174,225864.3458070727,39321727.50542169,7181
138,5357,214631.83333333366,11144.690476190484,208844.14285714307,214631.83333333358,9,245786.97097398277,39567514.476395674,5567
139,7865,217911.52380952417,11144.690476190484,214631.83333333358,217911.5238095235,9,262956.6983320662,39830471.17472774,7930
140,6159,221959.52380952387,10207.000000000002,217911.5238095235,221959.52380952393,75,246179.46997669496,40076650.64470443,6679
141,8593,223573.5238095243,10207.000000000002,221959.52380952393,223573.52380952373,6,326377.2723653934,40403027.91706982,8931
142,4748,227473.47619047662,8647.95238095239,223573.52380952373,227473.47619047592,3,257789.01292704928,40660816.92999687,5489
143,6949,229172.4285714288,8647.95238095239,227473.47619047592,229172.4285714281,6,282059.89249926654,40942876.82249614,8016
144,6989,229821.9285714281,7638.5,229172.4285714281,229821.92857142832,9,262612.0086305273,41205488.83112667,7750
145,6624,230836.42857142832,7638.5,229821.92857142832,230836.4285714285,146,284856.0423762774,41490344.87350295,8110
146,5918,230125.9285714285,5207.5,230836.4285714285,230125.9285714285,111,269695.8779624875,41760040.75146543,6656
147,4708,230625.4285714285,5207.5,230125.9285714285,230625.42857142846,57,251213.25554020787,42011254.00700564,6149
148,5629,228177.05357142846,3180.625,230625.42857142846,228177.05357142846,9,250337.41158149464,42261591.41858713,6736
149,6344,225013.67857142846,3180.625,228177.05357142846,225013.6785714285,9,273982.0213389497,42535573.43992608,6849
150,5476,221346.9910714285,1809.3125,225013.6785714285,221346.99107142858,108,256458.7713475959,42792032.21127368,6658
151,5987,217169.30357142858,1809.3125,221346.99107142858,217169.30357142855,9,274969.09361427336,43067001.30488795,6829
152,5680,212956.36607142855,1467.0625,217169.30357142855,212956.36607142873,278,259036.46596294994,43326037.7708509,6830
153,7204,207219.42857142873,1467.0625,212956.36607142873,207219.42857142852,94,270141.5034106026,43596179.2742615,8117
154,5881,204363.30357142852,3024.875,207219.42857142852,204363.30357142846,473,257262.13944654184,43853441.41370804,7721
155,5284,202104.17857142846,3024.875,204363.30357142846,202104.17857142852,214,250004.09624765604,44103445.5099557,5644
156,6762,199955.61607142852,4613.4375,202104.17857142852,199955.61607142852,9,274222.6787465563,44377668.188702255,6984
157,5285,199284.05357142852,4613.4375,199955.61607142852,199284.05357142852,482,286775.7422288636,44664443.93093112,6868
158,7146,198469.61607142852,6331.5625,199284.05357142852,198469.61607142846,93,304827.71667987114,44969271.64761099,7499
159,6895,197906.17857142846,6331.5625,198469.61607142846,197906.17857142846,9,262427.46988479525,45231699.11749579,8635
160,6166,200453.17857142846,8713.0,197906.17857142846,200453.17857142846,29,246961.93789281347,45478661.05538861,7309
161,5083,204083.17857142846,8713.0,200453.17857142846,204083.17857142852,49,251540.6824326226,45730201.73782123,6454
162,8187,205487.05357142852,9590.875,204083.17857142852,205487.0535714285,48,278384.5166017361,46008586.25442296,9178
163,8240,206837.9285714285,9590.875,205487.0535714285,206837.92857142864,6,313328.33561905083,46321914.59004201,9245
164,4611,212166.30357142864,9939.375,206837.92857142864,212166.3035714286,6,230250.50895018643,46552165.0989922,6550
165,7935,214170.6785714286,9939.375,212166.3035714286,214170.67857142858,9,310162.4488920473,46862327.54788425,9378
166,7093,217287.30357142858,10209.625,214170.67857142858,217287.30357142843,6,267826.6696798619,47130154.21756411,9200
167,5871,221625.92857142843,10209.625,217287.30357142843,221625.92857142855,9,241073.9825582884,47371228.2001224,8126
168,6205,226105.17857142855,10684.25,221625.92857142855,226105.1785714285,25,245017.18471774593,47616245.384840146,6848
169,6409,230380.4285714285,10684.25,226105.1785714285,230380.42857142858,6,253482.32689318372,47869727.71173333,7215
170,5334,236250.24107142858,11203.8125,230380.42857142858,236250.24107142852,9,247629.47670581512,48117357.18843914,5936
171,7712,239742.05357142852,11203.8125,236250.24107142852,239742.05357142852,9,279640.16527880915,48396997.353717946,9106
172,7314,243467.24107142852,11039.1875,239742.05357142852,243467.24107142855,9,268808.3383103909,48665805.692028336,9435
173,6531,247975.42857142855,11039.1875,243467.24107142855,247975.42857142846,9,269195.5457773762,48935001.23780571,8154
174,5626,253113.05357142846,10763.625,247975.42857142846,253113.05357142846,58,224701.181724913,49159702.41953062,8057
175,6580,257296.67857142846,10763.625,253113.05357142846,257296.67857142855,9,247691.68729207004,49407394.10682269,8791
176,7587,260347.30357142852,10637.625,257296.67857142855,260347.30357142855,6,276099.2999116088,49683493.4067343,9778
177,5739,265245.9285714285,10637.625,260347.30357142855,265245.9285714286,9,225509.3179702005,49909002.724704504,6655
178,6519,269677.6160714286,10950.6875,265245.9285714286,269677.6160714285,9,236142.12624749538,50145144.850952,7200
179,9006,271622.3035714285,10950.6875,269677.6160714285,271622.30357142864,7,264330.73474249465,50409475.58569449,10797
180,6146,275796.42857142864,10320.125,271622.30357142864,275796.4285714285,9,253801.48797418602,50663277.07366868,7348
181,6584,279532.5535714285,10320.125,275796.4285714285,279532.5535714286,9,283978.82952933403,50947255.90319802,8145
182,7165,282922.4910714286,10554.9375,279532.5535714286,282922.4910714284,9,288342.9638002353,51235598.866998255,8621
183,6311,287166.4285714284,10554.9375,282922.4910714284,287166.42857142887,6,271302.0169223001,51506900.88392056,6766
184,5871,292130.55357142887,10835.125,287166.42857142887,292130.5535714288,35,264569.2793216608,51771470.16324222,7350
185,6041,296924.6785714288,10835.125,292130.5535714288,296924.6785714286,9,260605.45153688634,52032075.61477911,7161
186,7778,299508.8035714286,10362.125,296924.6785714286,299508.8035714289,9,301106.19212359225,52333181.8069027,8854
187,6516,303354.9285714289,10362.125,299508.8035714289,303354.9285714293,9,270339.22477686,52603521.031679556,8427
188,5486,307246.5535714293,9377.625,303354.9285714293,307246.55357142916,3,232740.74422829575,52836261.77590785,6425
189,5913,310711.17857142916,9377.625,307246.55357142916,310711.178571429,3,254628.22926085535,53090890.005168706,6786
190,8096,310406.553571429,7791.375,310711.178571429,310406.5535714288,10,293548.0672600218,53384438.072428726,9104
191,5906,312291.9285714288,7791.375,310406.5535714288,312291.9285714287,6,249583.51195511312,53634021.58438384,7126
192,4765,315165.4285714287,7638.5,312291.9285714287,315165.42857142806,10,209543.29232158914,53843564.87670543,6011
193,7374,315429.92857142806,7638.5,315165.42857142806,315429.92857142806,9,310019.1835676258,54153584.06027306,8251
194,6273,314364.42857142806,5207.5,315429.92857142806,314364.42857142794,6,281616.8856008492,54435200.94587391,7662
195,5161,314410.92857142794,5207.5,314364.42857142794,314410.9285714282,9,243067.1565052645,54678268.10237917,6413
196,6654,310937.5535714282,3180.625,314410.9285714282,310937.553571428,6,242796.85548775268,54921064.95786692,6958
197,7300,306818.178571428,3180.625,310937.553571428,306818.17857142806,9,299413.2611930792,55220478.219060004,7929
198,4756,303871.49107142806,1809.3125,306818.17857142806,303871.4910714284,21,254159.37049335262,55474637.589553356,5285
199,5747,299933.8035714284,1809.3125,303871.4910714284,299933.8035714279,9,264185.42041331134,55738823.009966664,7340
200,5901,295499.8660714279,1467.0625,299933.8035714279,295499.8660714283,9,266228.1317256561,56005051.14169232,7690
201,7841,289125.9285714283,1467.0625,295499.8660714283,289125.9285714282,128,287509.0864082497,56292560.22810057,8260
202,7114,285036.8035714282,3024.875,289125.9285714282,285036.8035714284,6,207943.85994600737,56500504.08804657,8689
203,6913,281148.6785714284,3024.875,285036.8035714284,281148.6785714282,53,293452.76076375355,56793956.84881033,7207
204,5421,280341.1160714282,4613.4375,281148.6785714282,280341.1160714285,277,264776.80730529234,57058733.65611562,5764
205,4344,280610.5535714285,4613.4375,280341.1160714285,280610.5535714287,9,251362.75698630852,57310096.41310193,4724
206,6488,280454.1160714287,6331.5625,280610.5535714287,280454.1160714287,9,269875.66317597975,57579972.076277904,6914
207,6424,280361.6785714287,6331.5625,280454.1160714287,280361.67857142887,9,286489.41376345075,57866461.49004135,7754
208,5050,284024.67857142887,8713.0,280361.67857142887,284024.67857142835,6,254909.1645997968,58121370.65464115,5767
209,7981,284756.67857142835,8713.0,284024.67857142835,284756.6785714284,9,331423.5985093135,58452794.25315046,8888
210,5087,289260.5535714284,9590.875,284756.6785714284,289260.5535714286,92,263768.88527965435,58716563.13843012,6495
211,7323,291528.4285714286,9590.875,289260.5535714286,291528.42857142835,6,285926.62368752994,59002489.76211765,8618
212,5709,295758.80357142835,9939.375,291528.42857142835,295758.80357142864,42,235568.0249169781,59238057.78703462,7360
213,6641,299057.17857142864,9939.375,295758.80357142864,299057.1785714288,187,286398.3498219822,59524456.13685661,7824
214,4655,304611.8035714288,10209.625,299057.1785714288,304611.80357142846,53,245473.28011928295,59769929.41697589,6841
215,5435,309386.42857142846,10209.625,304611.80357142846,309386.42857142823,9,236260.59060323675,60006190.00757913,7017
216,9246,310824.67857142823,10684.25,309386.42857142823,310824.6785714284,213,304396.66256379685,60310586.67014293,10096
217,8803,312705.9285714284,10684.25,310824.6785714284,312705.9285714281,6,279201.9103324022,60589788.58047533,10129
218,5750,318159.7410714281,11203.8125,312705.9285714281,318159.7410714278,41,246342.8234364215,60836131.403911754,6943
219,6457,322906.5535714278,11203.8125,318159.7410714278,322906.55357142806,43,259014.73322249652,61095146.137134254,7887
220,5727,328218.74107142806,11039.1875,322906.55357142806,328218.7410714281,11,250234.32923290055,61345380.466367155,7199
221,6973,332284.9285714281,11039.1875,328218.7410714281,332284.92857142823,9,302221.509643511,61647601.976010665,8345
222,5583,337465.55357142823,10763.625,332284.92857142823,337465.55357142835,9,227655.36200452602,61875257.33801519,8297
223,6234,341995.17857142835,10763.625,337465.55357142835,341995.1785714281,9,261528.66115593966,62136785.99917113,7155
224,7024,345608.8035714281,10637.625,341995.1785714281,345608.80357142806,9,272047.8310117541,62408833.83018289,8460
225,6581,349665.42857142806,10637.625,345608.80357142806,349665.4285714284,9,278611.0844679806,62687444.914650865,7631
226,7001,353615.1160714284,10950.6875,349665.4285714284,353615.116071428,9,274881.3856485229,62962326.30029939,8661
227,6190,358375.803571428,10950.6875,353615.116071428,358375.8035714284,9,248258.77310443035,63210585.07340382,8164
228,6431,362264.9285714284,10320.125,358375.8035714284,362264.9285714284,9,266954.3826553647,63477539.45605919,7637
229,6994,365591.0535714284,10320.125,362264.9285714284,365591.05357142846,6,274678.31149750564,63752217.76755669,9282
230,6036,370109.99107142846,10554.9375,365591.05357142846,370109.99107142835,9,240716.09842386076,63992933.86598055,7069
231,5816,374848.92857142835,10554.9375,370109.99107142835,374848.92857142823,9,256689.34769799092,64249623.21367854,6320
232,6136,379548.05357142823,10835.125,374848.92857142823,379548.05357142823,9,258609.72342450076,64508232.93710304,7268
233,6407,383976.17857142823,10835.125,379548.05357142823,383976.17857142835,9,258705.5872579392,64766938.52436098,7475
234,6467,387871.30357142835,10362.125,383976.17857142835,387871.3035714281,9,263274.4937878989,65030213.01814888,7613
235,7502,390731.4285714281,10362.125,387871.3035714281,390731.4285714281,9,274524.2943547281,65304737.312503606,7873
236,7093,393016.0535714281,9377.625,390731.4285714281,393016.05357142794,9,252504.00961629668,65557241.3221199,8269
237,8774,393619.67857142794,9377.625,393016.05357142794,393619.6785714281,9,333594.8227646919,65890836.144884594,9416
238,7280,394131.0535714281,7791.375,393619.6785714281,394131.05357142794,6,267414.34938969905,66158250.494274296,8932
239,7679,394243.42857142794,7791.375,394131.05357142794,394243.4285714282,9,246705.22154723486,66404955.715821534,8077
240,5163,396718.9285714282,7638.5,394243.4285714282,396718.9285714281,9,196203.51287745626,66601159.22869899,5699
241,7328,397029.4285714281,7638.5,396718.9285714281,397029.428571428,9,291467.62832452956,66892626.85702352,7751
242,7312,394924.928571428,5207.5,397029.428571428,394924.92857142823,9,265894.37698035676,67158521.23400387,8455
243,6424,393708.42857142823,5207.5,394924.92857142823,393708.42857142823,9,244268.94618164172,67402790.18018551,7172
244,5655,391234.05357142823,3180.625,393708.42857142823,391234.05357142794,0,247835.6078045315,67650625.78799005,6229
245,4969,389445.67857142794,3180.625,391234.05357142794,389445.6785714281,9,229656.385956409,67880282.17394646,5345
246,5820,385434.9910714281,1809.3125,389445.6785714281,385434.99107142823,389,294398.8160672494,68174680.9900137,6808
247,6560,380684.30357142823,1809.3125,385434.99107142823,380684.3035714282,574,329158.0418184156,68503839.03183211,7944
248,5113,377038.3660714282,1467.0625,380684.3035714282,377038.366071428,177,244997.77966136675,68748836.81149349,6947
249,4591,373914.428571428,1467.0625,377038.366071428,373914.4285714283,64,238719.58586758916,68987556.39736107,5409
250,3931,373008.3035714283,3024.875,373914.4285714283,373008.30357142823,657,249537.75307052815,69237094.1504316,5057
251,9550,366483.17857142823,3024.875,373008.30357142823,366483.1785714283,453,324759.09115156543,69561853.24158317,10326
252,4257,366839.6160714283,4613.4375,366483.1785714283,366839.61607142835,24,235328.43080533616,69797181.67238851,5018
253,8412,363041.05357142835,4613.4375,366839.61607142835,363041.0535714281,9,307000.8719743127,70104182.54436283,8602
254,4487,364885.6160714281,6331.5625,363041.0535714281,364885.61607142823,660,267324.8084677615,70371507.35283059,5248
255,5554,365663.17857142823,6331.5625,364885.61607142823,365663.17857142823,9,245073.36404146973,70616580.71687205,6106
256,7179,367197.17857142823,8713.0,365663.17857142823,367197.1785714282,103,338101.7825491185,70954682.49942116,7810
257,7043,368867.1785714282,8713.0,367197.1785714282,368867.1785714282,9,296810.39968379645,71251492.89910497,10613
258,4131,374327.0535714282,9590.875,368867.1785714282,374327.0535714284,155,235599.31748665305,71487092.21659163,5897
259,6850,377067.9285714284,9590.875,374327.0535714284,377067.92857142835,9,281126.3731189533,71768218.58971058,7984
260,5158,381849.30357142835,9939.375,377067.92857142835,381849.30357142823,317,248493.65839880117,72016712.24810939,6907
261,6050,385738.67857142823,9939.375,381849.30357142823,385738.67857142776,9,263635.3711711246,72280347.61928052,8065
262,4623,391325.30357142776,10209.625,385738.67857142776,391325.3035714278,9,220345.1505300072,72500692.76981053,6092
263,6029,395505.9285714278,10209.625,391325.3035714278,395505.9285714279,9,273456.7821671162,72774149.55197765,7650
264,7550,398640.1785714279,10684.25,395505.9285714279,398640.1785714282,9,309448.19645522605,73083597.74843287,9687
265,7384,401940.4285714282,10684.25,398640.1785714282,401940.42857142806,9,285262.95392469,73368860.70235756,9126
266,5459,407685.24107142806,11203.8125,401940.42857142806,407685.241071428,9,239730.384112603,73608591.08647016,6652
267,7359,411530.053571428,11203.8125,407685.241071428,411530.0535714282,9,302708.26165271114,73911299.34812286,8497
268,5761,416808.2410714282,11039.1875,411530.0535714282,416808.24107142806,9,263765.29070017557,74175064.63882305,8126
269,6703,421144.42857142806,11039.1875,416808.24107142806,421144.428571428,6,265277.4612374916,74440342.10006054,8566
270,5756,426152.053571428,10763.625,421144.428571428,426152.0535714278,6,284875.683911471,74725217.78397201,7431
271,6167,430748.6785714278,10763.625,426152.0535714278,430748.67857142823,6,242401.5958320509,74967619.37980406,7897
272,5270,436116.30357142823,10637.625,430748.67857142823,436116.303571428,6,238840.2965006146,75206459.67630467,6892
273,6578,440175.928571428,10637.625,436116.303571428,440175.928571428,6,285206.6602629451,75491666.33656761,7701
274,6679,444447.616071428,10950.6875,440175.928571428,444447.6160714278,9,263969.9934567377,75755636.33002435,7950
275,5506,449892.3035714278,10950.6875,444447.6160714278,449892.3035714281,9,266575.93220574316,76022212.26223008,6727
276,6161,454051.4285714281,10320.125,449892.3035714281,454051.4285714281,9,255668.71442901363,76277880.9766591,8971
277,5094,459277.5535714281,10320.125,454051.4285714281,459277.5535714278,6,241448.08970062435,76519329.06635973,6761
278,5615,464217.4910714278,10554.9375,459277.5535714278,464217.49107142806,6,271833.2680266093,76791162.33438633,6424
279,6943,467829.42857142806,10554.9375,464217.49107142806,467829.42857142794,9,259195.7767196507,77050358.11110598,7482
280,4868,473796.55357142794,10835.125,467829.42857142794,473796.55357142806,13,240244.86122270575,77290602.97232868,6297
281,8722,475909.67857142806,10835.125,473796.55357142806,475909.678571428,9,327841.0175194062,77618443.98984808,9977
282,6048,480223.803571428,10362.125,475909.678571428,480223.8035714279,6,255845.54195117124,77874289.53179924,7365
283,6713,483872.9285714279,10362.125,480223.8035714279,483872.9285714279,9,247570.35165724627,78121859.88345648,7355
284,5645,487605.5535714279,9377.625,483872.9285714279,487605.553571428,9,266397.64859025326,78388257.53204674,6666
285,5998,490985.178571428,9377.625,487605.553571428,490985.1785714281,9,269512.5211797992,78657770.05322653,8156
286,4858,493918.5535714281,7791.375,490985.1785714281,493918.5535714281,50,255053.8299839908,78912823.88321052,5740
287,4042,497667.9285714281,7791.375,493918.5535714281,497667.928571428,25,203332.73084213847,79116156.61405267,4712
288,9608,494519.45238095144,6459.523809523805,497667.928571428,494519.4523809518,11,386970.15218431083,79503126.76623698,10111
289,6548,494430.9761904752,6459.523809523805,494519.4523809518,494430.9761904758,6,251324.51346357368,79754451.27970055,7190
290,8419,490178.40476190456,4166.428571428578,494430.9761904758,490178.4047619048,9,297797.2818437215,80052248.56154427,9420
291,6778,487566.83333333355,4166.428571428578,490178.4047619048,487566.8333333338,9,273889.53794193687,80326138.0994862,8333
292,5376,484452.04761904804,2261.214285714292,487566.8333333338,484452.0476190481,42,240449.13934000093,80566587.2388262,6506
293,5588,481125.26190476236,2261.214285714292,484452.0476190481,481125.26190476195,28,265933.1468929027,80832520.3857191,6834
294,4680,477699.73809523776,1254.47619047619,481125.26190476195,477699.73809523863,9,241105.49270296132,81073625.87842207,5985
295,6566,472388.21428571444,1254.47619047619,477699.73809523863,472388.2142857143,6,271737.26820998726,81345363.14663206,7442
296,4668,468857.5952380951,1137.3809523809502,472388.2142857143,468857.59523809503,9,252864.33108457856,81598227.47771664,6037
297,3771,466223.9761904758,1137.3809523809502,468857.59523809503,466223.97619047604,307,245497.24135668954,81843724.71907333,4722
298,6511,462609.3333333329,2896.3571428571463,466223.97619047604,462609.3333333334,33,258838.6142021085,82102563.33327544,6609
299,8233,457272.69047619024,2896.3571428571463,462609.3333333334,457272.6904761909,161,360716.5279297943,82463279.86120524,8649
300,6362,457026.3809523813,6115.690476190475,457272.6904761909,457026.3809523802,64,253130.04369203973,82716409.90489727,6454
301,5054,458088.0714285706,6115.690476190475,457026.3809523802,458088.07142857154,11,238132.9335077889,82954542.83840506,5214
302,6868,459184.0714285712,7963.999999999989,458088.07142857154,459184.071428571,9,269836.8331937036,83224379.67159876,7550
303,7102,460046.07142857066,7963.999999999989,459184.071428571,460046.0714285713,9,275040.850727312,83499420.52232607,9424
304,5634,463431.2380952382,9019.166666666664,460046.0714285713,463431.2380952389,9,271967.01917577256,83771387.54150183,8364
305,5645,466805.40476190584,9019.166666666664,463431.2380952389,466805.40476190444,9,277864.8287063918,84049252.37020823,7797
306,8380,469273.1904761909,10847.785714285717,466805.40476190444,469273.19047619036,9,282067.9383140236,84331320.30852225,10483
307,7906,472214.9761904768,10847.785714285717,469273.19047619036,472214.9761904771,9,281453.07456927584,84612773.38309152,9608
308,6401,476793.04761904874,10979.071428571422,472214.9761904771,476793.0476190477,969,289440.0720506566,84902213.45514219,9271
309,3852,483920.11904761934,10979.071428571422,476793.0476190477,483920.11904761905,285,218422.41946674304,85120635.87460893,5595
310,5456,489088.5952380956,10624.476190476189,483920.11904761905,489088.59523809544,6,227117.98203229572,85347753.85664123,6415
311,4491,495222.071428572,10624.476190476189,489088.59523809544,495222.0714285714,9,227548.09875944533,85575301.95540068,6086
312,7587,498409.9761904757,10774.904761904767,495222.0714285714,498409.9761904766,9,272842.20565313485,85848144.1610538,8494
313,6886,502298.8809523809,10774.904761904767,498409.9761904766,502298.88095238135,9,269044.181733958,86117188.34278776,8110
314,6447,507644.0238095245,11792.142857142855,502298.88095238135,507644.02380952373,9,282442.5472907366,86399630.8900785,7513
315,6415,513021.16666666686,11792.142857142855,507644.02380952373,513021.16666666634,145,276860.39649439184,86676491.28657289,8237
316,6686,517876.4761904768,11541.30952380952,513021.16666666634,517876.4761904759,9,283050.71138224413,86959541.99795513,8065
317,6402,523015.785714285,11541.30952380952,517876.4761904759,523015.7857142856,9,257276.82124095206,87216818.81919608,8091
318,6355,527866.6666666662,11205.880952380967,523015.7857142856,527866.6666666669,88,277071.5106083524,87493890.32980442,8445
319,7723,531349.5476190478,11205.880952380967,527866.6666666669,531349.5476190475,74,270004.88226396975,87763895.2120684,9711
320,5282,536612.7380952392,10545.190476190486,531349.5476190475,536612.7380952382,49,227162.60699918005,87991057.81906757,7243
321,6843,540314.9285714299,10545.190476190486,536612.7380952382,540314.9285714278,9,268630.29411384556,88259688.11318141,8435
322,7047,542910.6428571403,9642.714285714286,540314.9285714278,542910.6428571437,9,278604.1468107706,88538292.25999218,9148
323,4789,547764.3571428561,9642.714285714286,542910.6428571437,547764.3571428563,6,238847.07882246468,88777139.33881465,7607
324,5173,552146.1190476189,9554.761904761903,547764.3571428563,552146.1190476192,9,248172.48489331553,89025311.82370797,6674
325,6402,555298.8809523818,9554.761904761903,552146.1190476192,555298.8809523802,9,255962.71701562876,89281274.54072359,9096
326,5996,560043.4047619047,10740.523809523826,555298.8809523802,560043.4047619033,9,264056.5583060423,89545331.09902963,9780
327,5813,564970.9285714278,10740.523809523826,560043.4047619033,564970.928571429,16,264924.91284521867,89810256.01187485,6556
328,7639,568645.6904761905,11313.761904761905,564970.928571429,568645.6904761909,9,320906.16817419836,90131162.18004905,8963
329,5252,574707.4523809524,11313.761904761905,568645.6904761909,574707.452380952,9,234114.26942948374,90365276.44947854,6695
330,7378,578474.1428571433,11144.690476190484,574707.452380952,578474.1428571431,9,254541.54977968967,90619817.99925822,9000
331,6149,583469.8333333344,11144.690476190484,578474.1428571431,583469.833333333,9,271662.9495912112,90891480.94884942,7054
332,7337,586339.8333333321,10207.000000000002,583469.833333333,586339.8333333319,6,288589.97597930284,91180070.92482872,8804
333,5789,590757.8333333309,10207.000000000002,586339.8333333319,590757.8333333337,9,232863.48081856495,91412934.4056473,7734
334,5257,594148.7857142845,8647.95238095239,590757.8333333337,594148.7857142865,9,237230.6979864949,91650165.10363379,7025
335,6901,595895.7380952373,8647.95238095239,594148.7857142865,595895.7380952367,6,254519.93496267372,91904685.03859647,7830
336,7380,594975.2619047619,6459.523809523805,595895.7380952367,594975.2619047622,6,278368.96750037593,92183054.00609684,8166
337,5137,596297.7857142874,6459.523809523805,594975.2619047622,596297.7857142854,9,249211.0720944976,92432265.07819134,5805
338,7145,593319.2142857139,4166.428571428578,596297.7857142854,593319.2142857141,9,289688.0128272462,92721953.09101859,7680
339,5492,591993.6428571425,4166.428571428578,593319.2142857141,591993.6428571424,9,245573.33985289474,92967526.43087149,6598
340,7661,586593.8571428555,2261.214285714292,591993.6428571424,586593.8571428587,9,296302.40972614323,93263828.84059763,8488
341,6540,582315.0714285718,2261.214285714292,586593.8571428587,582315.0714285705,6,260346.99140028612,93524175.83199792,6701
342,4554,579015.5476190457,1254.47619047619,582315.0714285705,579015.5476190472,6,211544.85223269498,93735720.68423061,6490
343,8359,571911.0238095224,1254.47619047619,579015.5476190472,571911.0238095237,9,295663.4614701376,94031384.14570075,8986
344,5730,567318.4047619025,1137.3809523809502,571911.0238095237,567318.4047619054,6,237012.69639731644,94268396.84209807,5823
345,6567,561888.7857142843,1137.3809523809502,567318.4047619054,561888.7857142854,10,275693.4085937906,94544090.25069186,6668
346,6587,558198.1428571409,2896.3571428571463,561888.7857142854,558198.1428571416,9,293075.76954955724,94837166.02024142,7246
347,5273,555821.499999997,2896.3571428571463,558198.1428571416,555821.499999999,44,239381.35123416613,95076547.37147559,5362
348,7087,554850.1904761913,6115.690476190475,555821.499999999,554850.19047619,9,311654.2225133302,95388201.59398893,7108
349,7168,553797.8809523823,6115.690476190475,554850.19047619,553797.8809523807,9,339508.92764326895,95727710.5216322,8170
350,4936,556825.8809523812,7963.999999999989,553797.8809523807,556825.880952381,9,214522.01162628422,95942232.53325848,5935
351,7063,557726.8809523814,7963.999999999989,556825.880952381,557726.8809523815,9,269888.25071566715,96212120.78397416,8103
352,4381,562365.047619047,9019.166666666664,557726.8809523815,562365.0476190475,9,239664.63426559579,96451785.41823976,7027
353,7228,564156.2142857129,9019.166666666664,562365.0476190475,564156.2142857121,9,295060.66192023194,96746846.08015999,9150
354,5113,569890.9999999985,10847.785714285717,564156.2142857121,569891.0000000005,6,247994.89453719754,96994840.97469719,8161
355,5107,575631.7857142868,10847.785714285717,569891.0000000005,575631.7857142844,6,240516.3139389861,97235357.28863618,5943
356,6395,580215.8571428548,10979.071428571422,575631.7857142844,580215.8571428575,9,276649.3197014563,97512006.60833764,7715
357,4848,586346.9285714279,10979.071428571422,580215.8571428575,586346.9285714286,9,256321.82414619246,97768328.43248384,6911
358,6024,590947.4047619053,10624.476190476189,586346.9285714286,590947.4047619061,13,286444.46461165417,98054772.89709549,7332
359,6126,595445.8809523828,10624.476190476189,590947.4047619061,595445.8809523804,9,274512.5350582067,98329285.43215369,8106
360,6586,599634.785714286,10774.904761904767,595445.8809523804,599634.7857142847,9,261603.4546832858,98590888.88683698,8365
361,6377,604032.6904761904,10774.904761904767,599634.7857142847,604032.6904761909,9,260236.4719794474,98851125.35881643,7953
362,5797,610027.8333333344,11792.142857142855,604032.6904761909,610027.8333333326,9,258768.77228931087,99109894.13110574,6733
363,6519,615300.9761904761,11792.142857142855,610027.8333333326,615300.9761904749,9,266360.72660872,99376254.85771446,8792
364,5567,621275.2857142846,11541.30952380952,615300.9761904749,621275.2857142856,9,270334.2761239031,99646589.13383836,7312
365,6064,626752.5952380953,11541.30952380952,621275.2857142856,626752.5952380942,9,257473.73338795622,99904062.86722632,8319
366,5248,632710.4761904752,11205.880952380967,626752.5952380942,632710.4761904755,9,289076.90712551173,100193139.77435184,7259
367,5927,637989.3571428565,11205.880952380967,632710.4761904755,637989.3571428563,9,269124.89615163964,100462264.67050348,7925
368,6252,642282.547619048,10545.190476190486,637989.3571428563,642282.5476190464,9,259957.9401665907,100722222.61067007,8580
369,6559,646268.7380952381,10545.190476190486,642282.5476190464,646268.7380952386,9,254890.7673802175,100977113.3780503,9428
370,6168,649743.452380951,9642.714285714286,646268.7380952386,649743.4523809524,6,217583.68658390368,101194697.0646342,7536
371,6771,652615.1666666649,9642.714285714286,649743.4523809524,652615.1666666674,9,260127.46210639767,101454824.5267406,8330
372,4978,657191.92857143,9554.761904761903,652615.1666666674,657191.9285714288,9,239947.40137402288,101694771.92811462,6951
373,3768,662978.6904761913,9554.761904761903,657191.9285714288,662978.6904761894,9,212703.780882466,101907475.70899709,5807
374,7717,666002.2142857139,10740.523809523826,662978.6904761894,666002.2142857127,9,326639.7402681629,102234115.44926524,8337
375,5131,671611.7380952372,10740.523809523826,666002.2142857127,671611.7380952379,6,242536.7345346917,102476652.18379994,7681
376,5988,676937.4999999994,11313.761904761905,671611.7380952379,676937.5000000007,9,298614.1751773528,102775266.35897729,7552
377,8435,679816.2619047622,11313.761904761905,676937.5000000007,679816.2619047635,9,352417.3250160647,103127683.68399335,9501
378,5752,685208.9523809549,11144.690476190484,679816.2619047635,685208.9523809516,9,256691.0695339006,103384374.75352725,7538
379,6595,689758.642857143,11144.690476190484,685208.9523809516,689758.6428571428,9,265900.3857960332,103650275.1393233,7525
380,4538,695427.6428571419,10207.000000000002,689758.6428571428,695427.6428571434,9,229573.09233270696,103879848.231656,6134
381,6614,699020.6428571425,10207.000000000002,695427.6428571434,699020.6428571428,9,282449.8596285265,104162298.09128453,7009
382,5648,702020.5952380936,8647.95238095239,699020.6428571428,702020.5952380963,6,280364.7148367764,104442662.8061213,7966
383,6878,703790.5476190471,8647.95238095239,702020.5952380963,703790.5476190482,9,269477.76403458073,104712140.57015589,7387
384,5445,704805.0714285733,6459.523809523805,703790.5476190482,704805.0714285722,9,222898.44706331362,104935039.0172192,6504
385,4846,706418.5952380974,6459.523809523805,704805.0714285722,706418.5952380968,9,242282.64014180397,105177321.657361,5326
386,8210,702375.0238095252,4166.428571428578,706418.5952380968,702375.0238095236,9,291053.72554741544,105468375.38290842,8867
387,5864,700677.452380952,4166.428571428578,702375.0238095236,700677.452380951,9,273275.34522048174,105741650.7281289,7087
388,6624,696314.6666666642,2261.214285714292,700677.452380951,696314.666666667,9,297393.3900635875,106039044.11819248,7423
389,5685,692890.8809523801,2261.214285714292,696314.666666667,692890.8809523813,3,260189.79572763597,106299233.91392012,6216
390,6812,687333.3571428565,1254.47619047619,692890.8809523813,687333.3571428574,9,269308.49136457406,106568542.40528469,7233
391,6868,681719.8333333326,1254.47619047619,687333.3571428574,681719.8333333328,9,316301.5932011283,106884843.99848582,7146
392,4562,678295.2142857116,1137.3809523809502,681719.8333333328,678295.2142857133,9,227943.3652877196,107112787.36377354,6337
393,4320,675112.5952380921,1137.3809523809502,678295.2142857133,675112.5952380968,9,262666.77696491755,107375454.14073846,4608
394,6747,671261.9523809522,2896.3571428571463,675112.5952380968,671261.9523809522,6,269069.7139257484,107644523.8546642,7414
395,5351,668807.3095238076,2896.3571428571463,671261.9523809522,668807.3095238088,305,265363.0201062932,107909886.87477049,5716
396,6149,668774.0000000012,6115.690476190475,668807.3095238088,668774.0000000019,28,286019.9873785436,108195906.86214903,6512
397,6376,668513.6904761943,6115.690476190475,668774.0000000019,668513.6904761908,75,274131.748028773,108470038.6101778,7130
398,6313,670164.6904761912,7963.999999999989,668513.6904761908,670164.6904761908,186,280205.0861518139,108750243.69632961,7166
399,6278,671850.6904761912,7963.999999999989,670164.6904761908,671850.690476192,9,282090.35906678456,109032334.0553964,9081
400,4727,676142.8571428575,9019.166666666664,671850.690476192,676142.8571428593,9,241254.9002691115,109273588.9556655,9184
401,5965,679197.0238095247,9019.166666666664,676142.8571428593,679197.0238095239,1212,305944.86030346947,109579533.81596898,8813
402,5467,684577.8095238103,10847.785714285717,679197.0238095239,684577.8095238109,462,245240.9125811689,109824774.72855015,9332
403,4374,691051.5952380972,10847.785714285717,684577.8095238109,691051.5952380955,435,263589.0425603521,110088363.7711105,6832
404,5535,696495.6666666659,10979.071428571422,691051.5952380955,696495.6666666657,224,268369.5104923875,110356733.28160289,7488
405,5860,701614.7380952361,10979.071428571422,696495.6666666657,701614.738095238,15,270511.85324365454,110627245.13484654,6599
406,5578,706661.2142857147,10624.476190476189,701614.738095238,706661.2142857127,40,288010.5497202501,110915255.6845668,6875
407,6055,711230.6904761894,10624.476190476189,706661.2142857127,711230.6904761897,9,231710.08462937846,111146965.76919617,8324
408,8116,713889.5952380954,10774.904761904767,711230.6904761897,713889.5952380956,6,283117.94226353755,111430083.71145971,8803
409,6412,718252.5000000013,10774.904761904767,713889.5952380956,718252.4999999995,6,258852.7921375737,111688936.50359729,8497
410,5617,724427.6428571431,11792.142857142855,718252.4999999995,724427.6428571423,6,260253.93442824372,111949190.43802553,6362
411,7374,728845.7857142858,11792.142857142855,724427.6428571423,728845.7857142858,38,319431.7934359207,112268622.23146145,8986
412,5771,734616.0952380955,11541.30952380952,728845.7857142858,734616.0952380951,6,253630.50096388833,112522252.73242533,9137
413,3631,742526.4047619049,11541.30952380952,734616.0952380951,742526.4047619035,6,202051.87355483888,112724304.60598017,5429
414,5757,747975.2857142844,11205.880952380967,742526.4047619035,747975.2857142881,37,256637.5419352757,112980942.14791545,6869
415,6979,752202.1666666691,11205.880952380967,747975.2857142881,752202.1666666666,9,270997.55954281613,113251939.70745827,9982
416,6557,756190.3571428583,10545.190476190486,752202.1666666666,756190.3571428584,9,263452.3882150313,113515392.09567331,9157
417,6543,760192.5476190501,10545.190476190486,756190.3571428584,760192.5476190472,9,297580.51591470424,113812972.61158802,8049
418,5630,764205.2619047597,9642.714285714286,760192.5476190472,764205.2619047627,6,237323.8136334839,114050296.4252215,8358
419,7080,766767.9761904752,9642.714285714286,764205.2619047627,766767.9761904748,3,276100.02340531803,114326396.44862682,9789
420,6188,770134.7380952374,9554.761904761903,766767.9761904748,770134.7380952392,9,249951.97371409595,114576348.42234091,8762
421,6735,772954.5000000017,9554.761904761903,770134.7380952392,772954.5000000021,8,244996.17280828912,114821344.5951492,9556
422,6392,777303.0238095266,10740.523809523826,772954.5000000021,777303.0238095243,9,272764.78479045845,115094109.37993966,7591
423,6342,781701.5476190487,10740.523809523826,777303.0238095243,781701.5476190489,9,256421.3712510419,115350530.7511907,7912
424,5668,787347.3095238104,11313.761904761905,781701.5476190489,787347.3095238088,6,246548.44481091754,115597079.19600162,6709
425,6174,792487.0714285703,11313.761904761905,787347.3095238088,792487.0714285732,6,258710.00893306232,115855789.20493469,6777
426,5413,798218.7619047646,11144.690476190484,792487.0714285732,798218.761904763,6,248948.0462946795,116104737.25122936,6374
427,5025,804338.4523809544,11144.690476190484,798218.761904763,804338.4523809525,16,264280.48277365754,116369017.73400302,6249
428,8486,806059.4523809516,10207.000000000002,804338.4523809525,806059.4523809516,16,310430.34238762665,116679448.07639065,9916
429,6344,809922.4523809507,10207.000000000002,806059.4523809516,809922.4523809527,66,272305.1746055038,116951753.25099616,7095
430,6555,812015.4047619035,8647.95238095239,809922.4523809527,812015.4047619036,10,289298.21149862534,117241051.46249478,7067
431,6880,813783.3571428544,8647.95238095239,812015.4047619036,813783.3571428565,6,256735.54497595178,117497787.00747073,8154
432,7351,812891.8809523816,6459.523809523805,813783.3571428565,812891.8809523801,3,277041.413736859,117774828.42120759,8066
433,3880,815471.4047619053,6459.523809523805,812891.8809523801,815471.4047619031,13,210928.46538439524,117985756.88659199,4314
434,7487,812150.8333333315,4166.428571428578,815471.4047619031,812150.833333333,9,306965.503726386,118292722.39031838,8047
435,4251,812066.2619047614,4166.428571428578,812150.833333333,812066.2619047603,9,229816.57654655253,118522538.96686493,5194
436,6287,808040.4761904734,2261.214285714292,812066.2619047603,808040.4761904746,255,269329.05732159177,118791868.02418652,6925
437,7927,802374.6904761877,2261.214285714292,808040.4761904746,802374.6904761909,6,297886.1061963941,119089754.13038291,8312
438,4121,799508.166666666,1254.47619047619,802374.6904761909,799508.1666666659,17,235850.48220499224,119325604.6125879,4953
439,6076,794686.6428571411,1254.47619047619,799508.1666666659,794686.6428571427,9,252310.7850918735,119577915.39767978,6339
440,9221,786603.0238095216,1137.3809523809502,794686.6428571427,786603.0238095232,9,288493.84865656594,119866409.24633634,9858
441,7863,779877.404761902,1137.3809523809502,786603.0238095232,779877.4047619037,9,297213.0044192411,120163622.25075558,8167
442,6414,776359.7619047591,2896.3571428571463,779877.4047619037,776359.7619047629,14,211247.82501357715,120374870.07576916,6461
443,7215,772041.1190476184,2896.3571428571463,776359.7619047629,772041.1190476193,10,314796.2029096015,120689666.27867876,7225
444,4491,773665.8095238117,6115.690476190475,772041.1190476193,773665.8095238098,9,214587.27509854533,120904253.5537773,4619
445,8660,771121.5000000022,6115.690476190475,773665.8095238098,771121.5000000013,9,358037.3772233932,121262290.9310007,9009
446,4859,774226.5000000017,7963.999999999989,771121.5000000013,774226.4999999992,9,221597.36126005626,121483888.29226075,5849
447,7506,774684.4999999997,7963.999999999989,774226.4999999992,774684.4999999995,6,324569.817605785,121808458.10986653,10169
448,6423,777280.666666665,9019.166666666664,774684.4999999995,777280.6666666681,6,289555.2821584209,122098013.39202495,9843
449,4180,782119.8333333336,9019.166666666664,777280.6666666681,782119.8333333338,332,233641.0078247477,122331654.3998497,8307
450,7010,785957.6190476202,10847.785714285717,782119.8333333338,785957.6190476194,3,278099.3357105523,122609753.73556025,9251
451,6514,790291.4047619058,10847.785714285717,785957.6190476194,790291.404761905,6,257900.0734680606,122867653.80902831,9004
452,4723,796547.4761904754,10979.071428571422,790291.404761905,796547.476190476,9,236029.875809317,123103683.68483762,6580
453,4866,802660.5476190464,10979.071428571422,796547.476190476,802660.5476190476,6,238656.51697960385,123342340.20181723,6193
454,6076,807209.0238095243,10624.476190476189,802660.5476190476,807209.0238095237,9,249601.28659531006,123591941.48841254,7638
455,4299,813534.5000000003,10624.476190476189,807209.0238095237,813534.5000000019,9,243533.00940785336,123835474.49782039,6070
456,6866,817443.4047619075,10774.904761904767,813534.5000000019,817443.4047619053,9,285599.61071049847,124121074.1085309,8538
457,5893,822325.309523811,10774.904761904767,817443.4047619053,822325.3095238099,9,289074.3197600313,124410148.42829092,7270
458,7137,826980.4523809535,11792.142857142855,822325.3095238099,826980.4523809511,9,305206.94755770476,124715355.37584862,8499
459,7854,830918.5952380947,11792.142857142855,826980.4523809511,830918.5952380953,6,293271.3102644534,125008626.68611307,10443
460,4906,837553.904761905,11541.30952380952,830918.5952380953,837553.904761905,64,241418.02837657364,125250044.71448965,6331
461,4836,844259.2142857147,11541.30952380952,837553.904761905,844259.2142857141,9,237197.0746769417,125487241.7891666,6348
462,4124,851341.095238095,11205.880952380967,844259.2142857141,851341.0952380956,9,219647.4846442421,125706889.27381085,5966
463,6354,856192.9761904766,11205.880952380967,851341.0952380956,856192.9761904767,9,285385.22042633686,125992274.49423718,7635
464,5592,861146.1666666684,10545.190476190486,856192.9761904767,861146.1666666655,9,238902.77687629193,126231177.27111347,6789
465,6968,864723.3571428572,10545.190476190486,861146.1666666655,864723.3571428561,9,303023.9595696306,126534201.2306831,8557
466,7601,866765.0714285686,9642.714285714286,864723.3571428561,866765.0714285704,9,300838.69827815914,126835039.92896126,10932
467,3930,872477.7857142829,9642.714285714286,866765.0714285704,872477.7857142866,9,227437.60349575023,127062477.53245701,7757
468,6061,875971.5476190492,9554.761904761903,872477.7857142866,875971.5476190471,9,271378.1730390908,127333855.7054961,8002
469,5816,879710.3095238097,9554.761904761903,875971.5476190471,879710.3095238083,6,257015.8766303529,127590871.58212645,8274
470,7064,883386.8333333328,10740.523809523826,879710.3095238083,883386.8333333329,9,280067.92380299664,127870939.50592946,9201
471,3400,890727.3571428574,10740.523809523826,883386.8333333329,890727.3571428575,9,188620.03216212953,128059559.53809159,5514
472,7748,894293.119047619,11313.761904761905,890727.3571428575,894293.1190476198,6,292597.8066771139,128352157.3447687,8687
473,5970,899636.8809523813,11313.761904761905,894293.1190476198,899636.8809523821,9,264174.58388768754,128616331.92865638,8133
474,5247,905534.5714285735,11144.690476190484,899636.8809523821,905534.5714285726,9,264486.5875310317,128880818.51618741,6022
475,7484,909195.261904764,11144.690476190484,905534.5714285726,909195.2619047618,10,267348.10663675505,129148166.62282416,8746
476,8324,911078.2619047608,10207.000000000002,909195.2619047618,911078.2619047615,9,296869.7381746697,129445036.36099884,9206
477,6033,915252.2619047606,10207.000000000002,911078.2619047615,915252.2619047628,9,262322.3185743029,129707358.67957315,7107
478,6416,917484.2142857136,8647.95238095239,915252.2619047628,917484.2142857135,9,277095.26612401893,129984453.94569717,7655
479,5004,921128.1666666643,8647.95238095239,917484.2142857135,921128.1666666676,9,217417.57065383182,130201871.516351,6356
480,6901,921865.6666666676,7638.5,921128.1666666676,921865.6666666674,9,282280.207207076,130484151.72355807,7637
481,4864,924640.1666666674,7638.5,921865.6666666674,924640.1666666671,9,240956.59865849643,130725108.32221657,5557
482,7103,922744.6666666671,5207.5,924640.1666666671,922744.6666666674,9,301974.428886862,131027082.75110343,7518
483,5559,922393.1666666674,5207.5,922744.6666666674,922393.1666666669,10,254757.14950444992,131281839.90060788,6639
484,6728,918845.7916666669,3180.625,922393.1666666669,918845.7916666672,9,253466.37974865074,131535306.28035654,7831
485,7389,914637.4166666672,3180.625,918845.7916666672,914637.4166666679,9,283525.8011525511,131818832.0815091,7675
486,5593,910853.7291666679,1809.3125,914637.4166666679,910853.7291666676,11,280845.444395008,132099677.5259041,6535
487,5567,907096.0416666676,1809.3125,910853.7291666676,907096.0416666676,9,242948.12186110415,132342625.6477652,6373
488,4387,904176.1041666676,1467.0625,907096.0416666676,904176.1041666676,9,254010.34278557787,132596635.99055079,5749
489,5878,899765.1666666676,1467.0625,904176.1041666676,899765.1666666679,9,263764.33437711035,132860400.3249279,6281
490,5780,897010.0416666679,3024.875,899765.1666666679,897010.0416666676,9,275042.5531098214,133135442.87803772,6139
491,4512,895522.9166666676,3024.875,897010.0416666676,895522.9166666676,13,265361.59983840573,133400804.47787613,4674
492,6978,893158.3541666676,4613.4375,895522.9166666676,893158.3541666678,9,363832.25952137384,133764636.7373975,7395
493,6879,890892.7916666678,4613.4375,893158.3541666678,890892.7916666673,9,283464.2575585928,134048100.9949561,8031
494,5680,891544.3541666673,6331.5625,890892.7916666673,891544.3541666672,9,254613.17113461744,134302714.16609073,6057
495,4131,893744.9166666672,6331.5625,891544.3541666672,893744.9166666674,26,246336.82845993337,134549050.99455065,4537
496,6678,895779.9166666674,8713.0,893744.9166666674,895779.9166666667,9,309207.9919344479,134858258.9864851,6864
497,6586,897906.9166666667,8713.0,895779.9166666667,897906.9166666679,9,262061.86644007504,135120320.85292518,7951
498,6364,901133.7916666679,9590.875,897906.9166666679,901133.7916666677,6,282606.81040262035,135402927.6633278,8720
499,5670,905054.6666666677,9590.875,901133.7916666677,905054.6666666678,9,265000.5321582714,135667928.1954861,6610
