time_step,172,925,1232,873,856,973,1140,794,464,834,402,1478,928,702,1004,1399,1058,525,850,1213,200,1105,579,1011,783,714,1412,967,1067,1187
0,700,601,632,662,688,618,648,590,695,608,691,635,543,638,657,587,672,694,673,700,692,667,648,639,555,667,699,633,693,655
1,702,545,607,645,685,575,652,538,699,567,727,610,442,622,664,553,679,713,677,714,690,672,659,612,423,698,742,608,725,653
2,709,549,621,652,695,581,699,538,719,574,788,606,407,636,695,586,711,754,717,749,697,702,711,624,393,774,796,607,778,662
3,718,526,598,646,693,557,726,501,733,545,826,591,355,631,697,577,722,773,738,780,706,708,728,603,352,807,851,590,807,645
4,725,533,596,644,693,559,764,500,750,546,865,596,337,652,700,589,744,795,762,807,707,724,756,598,361,849,906,589,842,636
5,732,527,570,638,693,540,779,493,760,529,888,594,301,648,684,583,749,810,764,831,709,723,761,585,361,873,956,572,867,627
6,737,543,553,634,696,530,804,490,770,524,913,585,303,664,683,573,767,821,770,853,708,725,773,576,374,894,1006,563,892,619
7,741,550,531,623,699,510,821,483,775,508,927,558,290,673,667,555,777,827,768,867,707,724,773,557,390,911,1054,558,912,594
8,745,569,493,608,702,490,833,468,778,494,938,548,296,680,654,536,786,838,767,880,703,723,773,539,407,923,1102,550,926,565
9,749,583,461,594,703,481,844,459,783,469,948,539,305,682,632,510,796,846,764,893,698,724,776,527,458,931,1142,539,939,533
10,753,586,410,577,702,470,827,416,773,446,916,547,286,674,587,445,792,850,748,893,687,707,740,495,500,915,1177,509,926,491
11,758,600,360,564,705,464,811,384,766,423,892,553,298,674,549,366,794,852,740,902,681,701,709,480,878,906,1211,480,916,451
12,761,573,265,516,681,433,726,289,732,337,804,532,263,617,452,215,772,836,702,892,670,663,616,449,1237,851,1236,414,881,387
13,765,625,199,493,673,456,675,254,704,294,728,510,291,573,370,89,772,828,692,877,653,644,565,461,1400,815,1274,365,867,343
14,774,622,232,412,655,440,548,240,654,222,669,500,287,480,276,175,746,795,653,867,651,600,500,438,1400,748,1308,286,846,256
15,777,673,260,364,647,525,471,281,602,293,599,477,338,389,253,159,752,765,652,855,638,574,442,425,1400,691,1312,276,814,271
16,791,710,242,319,648,587,411,274,579,284,573,468,344,323,249,154,750,748,649,856,637,539,394,418,1400,658,1356,281,810,250
17,809,776,241,287,654,672,386,275,552,329,537,471,362,278,252,130,760,722,661,860,635,505,348,403,1400,612,1400,275,813,235
18,823,824,217,285,675,736,355,231,538,327,506,469,377,247,232,124,747,711,675,875,646,475,292,382,1400,590,1400,250,807,216
19,847,939,199,266,708,822,363,275,529,310,499,464,456,263,239,120,738,703,715,893,653,451,265,380,1400,600,1400,249,828,189
20,871,1043,220,254,740,889,385,276,532,322,495,480,522,285,214,196,753,712,754,912,660,424,242,370,1400,598,1400,221,827,211
21,893,1103,215,231,759,914,382,254,549,311,502,496,563,281,203,200,763,725,760,928,665,401,225,358,1400,588,1400,229,833,220
22,912,1182,219,222,770,942,409,242,554,310,502,511,614,289,203,208,775,727,771,940,672,392,231,342,1400,590,1398,236,851,228
23,929,1231,189,214,784,957,408,230,564,303,512,526,649,300,186,215,775,723,767,958,676,375,233,340,1400,594,1397,226,869,218
24,946,1282,172,196,784,975,393,209,563,284,508,534,655,283,181,175,784,724,763,971,680,350,210,347,1400,594,1383,203,882,180
25,962,1327,167,174,786,971,383,188,559,266,509,550,662,283,171,140,794,732,771,979,684,344,186,344,1400,601,1371,185,899,162
26,984,1344,143,149,778,949,360,146,556,222,516,555,645,266,154,145,791,733,749,991,693,322,162,339,1400,600,1354,155,914,134
27,1004,1380,108,124,772,949,358,143,554,193,529,557,644,251,148,125,800,731,730,998,699,314,146,346,1400,605,1335,149,926,129
28,1027,1388,81,111,772,937,364,122,563,176,545,574,625,247,138,103,808,738,726,1021,703,299,125,342,1400,622,1332,145,944,109
29,1048,1395,58,82,769,922,362,92,567,161,563,592,605,255,122,76,807,740,715,1038,713,284,124,344,1400,636,1320,131,976,85
30,1064,1400,22,57,771,907,380,73,577,152,601,627,587,276,122,85,813,749,691,1060,713,276,139,354,1400,669,1300,124,1005,59
31,1084,1393,15,41,764,890,405,40,592,126,647,649,539,295,114,93,811,766,676,1088,720,284,158,368,1400,713,1280,103,1037,43
32,1103,1391,14,16,756,865,426,17,598,97,698,675,496,293,110,109,817,778,645,1104,729,306,165,362,1390,743,1268,95,1052,34
33,1123,1365,16,17,745,821,440,0,613,53,729,698,459,264,107,141,801,784,610,1118,734,317,176,341,1348,771,1251,85,1064,25
34,1144,1372,15,18,731,807,481,18,627,15,774,726,439,245,99,172,808,799,600,1146,742,336,198,334,1305,800,1245,90,1096,25
35,1168,1345,16,5,712,784,506,16,629,6,804,747,412,215,87,181,796,811,572,1169,751,347,211,286,1189,829,1251,82,1144,16
36,1195,1334,16,13,695,755,530,16,646,10,861,771,380,208,72,215,798,825,572,1199,758,377,245,266,1108,891,1261,64,1196,14
37,1214,1311,17,13,684,721,556,4,676,2,927,796,335,199,64,254,796,839,566,1229,773,397,278,242,987,951,1268,32,1231,15
38,1236,1258,17,17,659,683,593,0,694,3,975,815,276,163,87,284,798,857,558,1256,780,425,320,203,844,1019,1257,15,1263,19
39,1258,1204,17,16,636,615,641,6,716,1,1041,841,227,133,113,353,806,896,577,1284,787,454,369,172,697,1113,1249,14,1322,24
40,1275,1077,15,15,613,510,691,4,736,1,1098,865,131,71,138,390,790,919,559,1320,800,485,414,117,533,1195,1236,14,1361,36
41,1292,919,16,17,594,396,733,3,773,0,1173,909,25,19,175,463,800,941,549,1362,812,527,484,74,337,1288,1229,13,1400,66
42,1311,746,15,17,571,208,805,5,804,0,1230,944,1,2,173,510,797,968,528,1400,835,563,515,28,166,1356,1222,15,1400,92
43,1334,552,16,16,550,32,855,0,850,0,1290,993,4,0,181,576,770,948,517,1400,855,601,558,16,0,1400,1221,14,1400,94
44,1358,312,40,17,538,4,915,3,893,4,1352,1040,5,16,188,644,706,892,518,1400,885,662,649,14,0,1400,1252,14,1400,131
45,1380,45,25,17,521,6,954,4,943,1,1400,1103,1,4,140,697,625,808,530,1400,925,693,682,16,9,1400,1303,14,1400,151
46,1400,4,71,15,533,9,1031,21,993,23,1400,1147,9,17,202,745,605,844,575,1400,959,736,760,14,7,1400,1353,16,1400,210
47,1400,8,72,14,532,16,1085,16,1026,14,1400,1172,9,18,231,810,557,885,587,1400,995,760,826,20,6,1400,1400,15,1400,216
48,1400,11,64,15,545,14,1103,17,1046,50,1400,1150,7,17,266,793,555,899,607,1400,1006,783,849,47,4,1400,1400,16,1400,245
49,1400,11,38,14,554,13,1128,15,1056,18,1400,1166,9,32,276,778,531,924,634,1400,1028,810,863,21,2,1400,1400,12,1400,251
50,1400,70,23,58,563,46,1180,32,1074,53,1400,1151,23,52,317,806,571,953,671,1400,1045,839,916,38,15,1400,1400,48,1400,256
51,1400,56,64,56,568,53,1214,53,1085,47,1400,1160,18,62,321,790,577,970,691,1400,1060,849,929,70,38,1400,1400,51,1400,248
52,1400,86,59,73,573,63,1253,77,1095,72,1400,1164,61,91,324,803,596,989,708,1400,1067,866,958,67,86,1400,1400,74,1400,247
53,1400,98,69,84,575,66,1274,80,1099,74,1400,1161,58,82,311,798,612,997,714,1400,1079,870,965,75,98,1400,1400,71,1400,229
54,1400,115,76,86,573,82,1297,85,1101,86,1400,1151,86,104,305,783,632,1007,725,1400,1085,878,974,86,110,1400,1400,88,1400,216
55,1400,130,78,91,569,84,1310,91,1100,93,1400,1128,90,109,290,770,643,1014,733,1400,1090,878,974,86,124,1400,1400,94,1400,189
56,1400,156,74,96,567,88,1322,92,1097,88,1400,1120,109,109,278,745,651,1017,735,1400,1093,875,973,85,140,1400,1400,94,1400,158
57,1400,176,71,93,565,94,1337,94,1094,89,1400,1114,113,103,254,709,661,1023,736,1400,1097,871,970,96,194,1400,1400,97,1400,127
58,1400,184,57,92,561,91,1320,66,1079,76,1370,1121,102,97,200,644,662,1016,721,1400,1091,849,927,72,239,1383,1400,74,1386,82
59,1400,200,41,79,561,81,1303,46,1072,62,1344,1123,108,98,165,565,661,1012,716,1400,1084,839,893,64,620,1369,1400,55,1374,43
60,1400,144,11,15,546,49,1203,8,1040,12,1238,1102,73,29,68,415,612,986,671,1387,1070,787,799,18,978,1312,1400,15,1328,19
61,1400,151,5,16,536,66,1127,14,1013,8,1127,1068,91,8,14,287,571,956,663,1374,1053,747,735,14,1400,1273,1400,5,1296,11
62,1400,15,9,6,513,41,981,6,972,12,1036,1041,15,6,4,129,470,905,629,1362,1047,664,678,14,1400,1207,1400,5,1257,10
63,1400,85,15,17,499,126,897,14,916,17,942,1004,67,6,9,0,455,862,627,1334,1038,619,600,37,1400,1136,1400,17,1210,15
64,1400,136,15,16,502,218,739,17,886,15,892,984,65,13,16,0,431,824,635,1318,1038,569,574,51,1400,1101,1400,22,1200,15
65,1400,200,14,22,513,306,654,34,853,105,865,982,92,18,18,1,397,804,648,1317,1044,536,527,48,1400,1061,1400,43,1188,19
66,1400,275,15,43,535,378,564,22,848,98,830,987,88,27,21,0,347,790,665,1311,1046,487,470,30,1400,1028,1400,31,1161,16
67,1400,403,17,32,566,467,503,70,842,89,827,977,190,64,29,1,298,778,702,1308,1051,450,442,73,1400,1042,1400,48,1166,16
68,1400,509,52,83,596,538,525,66,848,98,823,998,250,86,33,14,301,782,741,1330,1056,422,422,68,1400,1048,1400,39,1169,30
69,1400,572,37,70,613,570,523,46,865,82,825,1018,290,90,25,18,359,782,750,1349,1059,400,409,52,1400,1039,1400,58,1176,47
70,1400,654,39,59,628,609,536,66,872,76,823,1032,334,95,25,36,360,785,754,1368,1067,392,404,60,1400,1045,1400,56,1194,63
71,1400,702,31,45,640,632,535,49,878,67,830,1047,360,103,26,41,362,784,753,1381,1071,377,399,60,1400,1046,1395,57,1207,43
72,1400,750,14,33,636,641,522,40,878,57,825,1053,378,84,17,17,365,782,753,1375,1080,359,384,67,1400,1053,1383,31,1217,19
73,1400,803,16,14,642,641,505,22,871,28,825,1068,387,78,18,4,360,784,756,1369,1085,332,361,63,1400,1054,1372,21,1239,15
74,1400,790,15,14,642,617,472,14,876,16,815,1068,368,45,17,15,341,781,728,1364,1085,304,337,39,1400,1058,1358,15,1238,18
75,1400,809,18,19,638,608,477,15,874,14,823,1061,363,15,15,5,332,782,713,1360,1089,288,320,45,1400,1067,1343,13,1235,14
76,1400,810,8,18,640,593,481,16,879,15,821,1067,344,14,18,0,311,786,700,1362,1096,266,301,42,1400,1080,1339,17,1239,14
77,1400,780,5,16,637,578,474,14,886,16,827,1088,329,16,17,4,277,781,689,1367,1108,236,302,45,1379,1091,1329,14,1250,16
78,1400,782,10,15,631,564,489,16,894,16,850,1120,309,26,14,18,255,789,672,1393,1113,226,325,30,1395,1125,1307,16,1267,16
79,1400,764,18,17,623,539,503,15,906,18,876,1136,265,20,15,32,233,802,656,1400,1116,220,345,17,1400,1170,1284,16,1285,15
80,1400,745,17,15,613,520,519,17,915,16,913,1162,226,14,16,50,218,802,629,1400,1130,234,355,17,1375,1199,1272,14,1309,16
81,1400,687,15,17,601,475,530,3,924,16,936,1184,182,13,17,80,209,801,596,1400,1137,238,366,16,1309,1227,1249,18,1323,15
82,1400,662,15,18,584,457,572,16,940,15,983,1208,165,16,14,108,211,821,588,1400,1143,259,387,16,1263,1264,1255,16,1352,17
83,1400,616,13,13,568,432,592,15,951,14,1015,1219,135,18,13,118,203,822,560,1400,1145,260,400,7,1138,1289,1258,14,1400,14
84,1400,577,18,19,553,414,618,17,964,17,1059,1221,108,18,15,152,209,842,559,1400,1158,292,433,16,1060,1353,1265,14,1400,14
85,1400,539,17,16,544,380,651,12,992,14,1124,1248,60,13,19,195,206,860,551,1400,1172,316,471,16,949,1400,1278,13,1400,19
86,1400,489,17,14,521,339,685,18,1006,17,1175,1266,14,15,50,219,211,881,540,1400,1181,337,510,13,806,1400,1266,17,1400,18
87,1400,429,23,16,503,274,737,15,1028,16,1263,1298,16,19,68,289,214,921,554,1400,1186,364,543,15,675,1400,1260,42,1400,30
88,1400,330,28,15,482,143,782,1,1045,17,1321,1319,0,18,93,325,210,944,532,1400,1205,398,573,16,513,1400,1244,39,1400,49
89,1400,190,33,17,464,15,849,4,1080,13,1400,1364,2,14,132,391,208,978,521,1400,1215,441,614,13,330,1400,1231,48,1400,67
90,1400,15,33,14,441,4,887,7,1110,3,1400,1400,0,17,159,434,137,999,501,1400,1237,470,675,13,173,1400,1223,17,1400,57
91,1400,0,39,16,420,5,897,11,1150,1,1400,1400,2,14,195,489,16,1031,482,1400,1268,521,704,15,1,1400,1222,16,1400,61
92,1400,4,15,16,402,11,904,1,1190,4,1400,1400,6,17,218,569,14,969,506,1400,1290,496,729,16,1,1400,1250,17,1400,83
93,1400,4,59,15,382,0,830,8,1235,3,1400,1400,6,4,205,654,18,882,507,1400,1325,433,662,14,5,1400,1304,15,1400,87
94,1400,6,89,17,383,13,900,14,1289,41,1400,1400,16,17,229,727,38,901,532,1400,1353,480,758,45,10,1400,1355,16,1400,117
95,1400,9,85,16,389,17,940,15,1335,16,1400,1400,5,19,271,758,37,961,558,1400,1388,522,845,36,7,1400,1400,25,1400,146
96,1400,11,74,15,406,15,1002,42,1355,20,1400,1399,13,49,286,752,44,990,600,1400,1400,529,891,27,5,1400,1400,27,1400,154
97,1400,13,68,13,407,12,1018,17,1365,19,1400,1387,10,25,326,730,73,1005,623,1400,1400,561,897,44,7,1400,1400,30,1400,163
98,1400,55,81,45,419,34,1050,29,1390,53,1400,1387,25,68,360,764,111,1029,655,1400,1400,591,945,57,25,1400,1400,37,1400,172
99,1400,56,52,77,423,65,1099,63,1400,62,1400,1380,30,67,365,748,120,1054,679,1400,1400,601,961,64,54,1400,1400,64,1400,165
100,1400,91,71,77,426,72,1135,81,1400,83,1400,1386,66,94,380,758,144,1067,701,1400,1400,617,987,82,94,1400,1400,76,1400,164
101,1400,104,82,89,429,80,1156,87,1400,83,1400,1383,59,97,373,752,155,1070,702,1400,1400,620,992,86,105,1400,1400,81,1400,145
102,1400,123,82,91,433,81,1183,88,1400,102,1400,1375,105,112,373,738,177,1073,714,1400,1400,626,1007,93,123,1400,1400,93,1400,133
103,1400,138,86,102,435,90,1193,96,1397,108,1400,1348,93,111,363,715,189,1075,713,1400,1400,624,1005,101,136,1400,1400,99,1400,111
104,1400,163,88,104,440,99,1212,104,1394,99,1400,1337,119,118,350,690,199,1078,708,1400,1400,619,1002,93,150,1400,1400,108,1400,85
105,1400,187,82,103,442,102,1221,104,1392,96,1400,1332,126,122,326,657,209,1078,706,1400,1400,619,1001,105,203,1400,1400,98,1400,83
106,1400,197,56,93,442,88,1202,69,1379,88,1369,1343,123,111,279,587,206,1072,692,1400,1392,601,957,77,249,1378,1400,77,1387,66
107,1400,216,24,84,439,80,1193,47,1367,71,1339,1346,130,110,242,513,201,1067,680,1400,1388,591,925,68,628,1364,1400,48,1379,42
108,1400,149,10,14,421,47,1089,9,1333,13,1241,1323,95,43,150,363,157,1048,639,1384,1376,541,828,16,990,1306,1400,14,1332,10
109,1400,176,7,15,415,53,1021,16,1308,9,1135,1311,98,15,44,230,111,1019,628,1371,1360,493,772,15,1400,1270,1400,7,1303,7
110,1400,49,7,10,394,33,886,11,1257,6,1048,1289,47,4,3,60,25,962,591,1357,1354,420,699,15,1400,1206,1400,6,1265,13
111,1400,117,16,12,380,148,746,20,1205,17,951,1255,80,6,20,0,29,925,594,1330,1347,375,629,26,1400,1137,1400,14,1218,15
112,1400,130,7,16,377,237,577,15,1180,19,899,1237,80,2,16,0,20,896,601,1316,1345,334,607,61,1400,1096,1400,32,1196,15
113,1400,205,15,19,393,324,478,44,1152,71,855,1235,104,18,15,0,30,881,609,1306,1349,283,559,46,1400,1054,1400,37,1194,16
114,1400,254,17,41,413,398,347,18,1141,71,824,1239,101,23,16,5,29,865,617,1308,1353,247,507,31,1400,1027,1400,26,1169,16
115,1400,369,15,69,447,488,254,69,1130,51,822,1232,201,60,17,3,16,854,665,1313,1363,211,481,51,1400,1041,1400,42,1179,12
116,1400,468,50,62,477,556,296,69,1136,69,822,1241,263,83,16,15,68,856,701,1317,1371,190,453,50,1400,1038,1400,38,1173,20
117,1400,532,74,40,496,602,297,48,1145,59,826,1263,308,84,48,17,75,866,706,1330,1386,173,437,55,1400,1029,1400,37,1179,41
118,1400,616,48,50,513,636,319,62,1152,63,822,1279,346,86,32,34,86,868,711,1349,1389,166,424,53,1400,1031,1400,55,1198,51
119,1400,660,22,44,518,659,317,46,1157,55,836,1289,381,100,19,36,82,867,715,1363,1391,148,420,55,1400,1036,1400,54,1216,45
120,1400,706,15,28,512,678,305,27,1157,33,830,1294,389,81,16,16,78,869,720,1362,1400,127,397,57,1400,1038,1390,37,1233,17
121,1400,756,15,18,514,679,289,18,1149,15,827,1313,394,71,15,5,73,876,724,1353,1400,103,374,47,1400,1042,1378,26,1234,17
122,1400,744,16,15,510,658,249,19,1154,15,822,1319,373,35,15,13,41,870,699,1351,1399,68,349,26,1400,1045,1365,15,1245,16
123,1400,766,17,14,503,654,259,15,1155,16,812,1324,370,17,15,1,27,871,689,1347,1400,49,332,19,1400,1049,1350,15,1247,16
124,1400,758,13,16,500,639,249,15,1159,16,813,1337,337,13,15,2,17,876,677,1350,1400,20,320,19,1400,1063,1343,15,1255,15
125,1400,720,11,16,502,612,212,12,1165,16,818,1342,321,17,15,10,16,873,649,1354,1400,18,321,15,1400,1073,1333,15,1265,17
126,1400,737,15,15,501,581,209,18,1181,17,851,1374,295,20,18,26,18,889,629,1373,1400,17,347,17,1400,1107,1316,17,1273,19
127,1400,692,14,17,494,540,221,18,1187,16,875,1400,248,17,19,38,16,907,613,1400,1400,17,368,27,1400,1150,1297,17,1288,18
128,1400,669,16,15,483,517,230,14,1198,17,915,1400,211,14,15,59,13,905,586,1400,1400,24,385,12,1376,1187,1285,15,1301,15
129,1400,597,15,17,474,467,252,2,1208,11,941,1400,172,16,13,90,16,909,555,1400,1400,24,392,14,1329,1214,1266,15,1333,16
130,1400,584,17,14,456,454,290,19,1220,17,998,1400,156,14,18,116,21,927,548,1400,1400,44,412,16,1286,1246,1269,16,1368,21
131,1400,541,18,15,442,433,307,18,1227,16,1033,1400,127,18,16,124,25,928,515,1400,1400,60,425,9,1158,1274,1272,17,1395,17
132,1400,515,14,16,426,404,330,15,1248,15,1090,1400,103,32,16,164,38,944,515,1400,1400,82,457,15,1088,1332,1277,15,1400,18
133,1400,473,16,17,407,370,359,17,1275,16,1160,1400,59,34,24,202,42,956,508,1400,1400,106,496,13,982,1392,1285,16,1400,27
134,1400,424,24,15,391,324,399,17,1296,18,1220,1400,15,17,55,227,49,967,498,1400,1400,131,532,17,843,1400,1272,15,1400,23
135,1400,371,31,16,374,257,450,18,1311,14,1296,1400,17,17,82,297,53,1006,511,1400,1400,160,585,14,712,1400,1269,43,1400,49
136,1400,290,24,16,352,136,499,9,1336,14,1352,1400,2,29,109,336,46,1032,489,1400,1400,192,617,14,553,1400,1257,50,1400,54
137,1400,159,43,14,332,14,560,8,1373,16,1400,1400,3,38,140,407,46,1063,481,1400,1400,234,671,14,380,1400,1248,43,1400,71
138,1400,15,41,14,309,2,607,7,1400,16,1400,1400,7,15,177,458,15,1101,463,1400,1400,253,719,17,211,1400,1241,14,1400,84
139,1400,2,57,17,283,9,616,3,1400,3,1400,1400,5,22,221,528,16,1134,453,1400,1400,229,746,15,17,1400,1229,19,1400,87
140,1400,9,51,18,270,3,615,3,1400,18,1400,1400,5,17,242,586,14,1113,448,1400,1400,257,763,14,1,1400,1261,17,1400,101
141,1400,2,23,18,249,3,627,1,1400,16,1400,1400,4,16,236,650,15,1075,467,1400,1400,245,804,12,6,1400,1315,16,1400,102
142,1400,8,94,16,261,16,688,11,1400,17,1400,1400,12,18,278,726,62,1116,499,1400,1400,296,891,49,15,1400,1372,43,1400,142
143,1400,10,102,15,268,14,754,16,1400,40,1400,1400,2,51,289,762,69,1156,510,1400,1400,315,939,27,3,1400,1400,28,1400,156
144,1400,10,79,18,281,16,806,39,1400,28,1400,1399,11,60,291,716,20,1191,539,1400,1400,342,967,53,10,1400,1400,19,1400,149
145,1400,10,59,17,296,14,809,19,1400,16,1400,1380,4,43,312,660,39,1223,552,1400,1400,374,1025,27,14,1400,1400,15,1400,153
146,1400,37,72,58,305,47,860,29,1400,39,1400,1378,14,57,353,667,72,1265,595,1400,1400,396,1094,53,47,1400,1400,52,1400,190
147,1400,49,64,84,313,73,875,37,1400,65,1400,1375,15,107,382,621,82,1283,622,1400,1400,421,1117,65,77,1400,1400,48,1400,193
148,1400,89,80,93,320,83,922,77,1400,84,1400,1380,58,133,410,604,109,1302,644,1400,1400,443,1151,81,97,1400,1400,70,1400,188
149,1400,96,82,97,326,87,948,80,1400,84,1400,1393,62,131,417,570,125,1313,654,1400,1400,456,1162,93,106,1400,1400,82,1400,169
150,1400,126,90,98,325,101,985,99,1400,103,1400,1400,80,146,431,527,146,1324,666,1400,1400,471,1183,92,131,1400,1400,91,1400,157
151,1400,130,88,105,325,123,1005,103,1400,113,1400,1390,76,156,431,483,153,1330,670,1400,1400,478,1193,102,155,1400,1400,102,1400,124
152,1400,149,93,107,324,124,1024,98,1400,117,1400,1400,90,171,429,449,167,1335,673,1400,1399,479,1190,99,177,1400,1400,110,1400,92
153,1400,163,83,103,323,125,1038,86,1398,107,1400,1400,81,175,436,402,181,1335,682,1400,1400,477,1194,98,229,1400,1400,101,1400,81
154,1400,169,42,89,319,126,1017,63,1389,75,1385,1400,60,164,416,352,176,1330,681,1400,1397,471,1163,65,283,1393,1400,72,1400,63
155,1400,173,33,72,322,115,1003,30,1382,53,1364,1400,71,150,401,303,175,1330,680,1400,1396,465,1146,70,566,1393,1400,46,1400,27
156,1400,172,17,36,318,86,976,17,1373,15,1322,1400,53,126,376,214,139,1324,662,1398,1392,446,1103,56,842,1379,1400,15,1393,14
157,1400,167,17,16,313,89,947,18,1362,15,1281,1400,46,94,337,154,109,1313,661,1400,1395,418,1072,55,1186,1375,1400,16,1375,14
158,1400,138,11,17,308,71,900,10,1348,9,1230,1400,22,18,279,60,76,1297,639,1400,1388,368,1034,16,1400,1347,1400,7,1359,10
159,1400,146,17,17,305,63,881,23,1336,13,1184,1400,27,13,228,1,77,1277,624,1398,1388,331,1009,17,1400,1321,1400,14,1359,16
160,1400,155,17,15,298,57,810,16,1323,15,1131,1400,38,13,146,2,38,1267,605,1392,1381,285,969,17,1400,1281,1400,15,1332,16
161,1400,220,16,13,302,87,783,54,1314,17,1113,1400,74,19,87,0,42,1254,618,1385,1376,254,953,27,1400,1262,1400,14,1317,17
162,1400,244,27,15,309,99,747,51,1309,16,1102,1400,69,17,29,3,46,1244,611,1382,1377,208,926,16,1400,1238,1400,14,1313,12
163,1400,302,16,16,307,117,728,47,1299,29,1095,1400,117,20,16,3,15,1230,611,1377,1378,185,893,41,1400,1230,1400,17,1300,16
164,1400,320,15,19,302,128,716,40,1298,17,1096,1400,120,36,14,4,17,1227,604,1380,1381,151,895,16,1400,1223,1400,11,1281,15
165,1400,335,17,16,306,167,716,23,1297,16,1089,1400,128,41,12,1,39,1222,619,1383,1381,128,884,14,1400,1229,1400,12,1278,13
166,1400,377,15,16,300,190,710,17,1292,18,1082,1400,152,25,16,7,35,1222,615,1382,1388,114,883,16,1400,1231,1400,16,1287,18
167,1400,447,15,13,292,204,690,27,1298,20,1081,1400,193,16,9,7,15,1215,604,1386,1388,95,878,20,1400,1240,1400,12,1295,16
168,1400,462,15,14,291,203,643,19,1292,15,1055,1400,225,17,6,8,19,1192,602,1390,1396,89,872,15,1400,1243,1400,17,1288,9
169,1400,478,15,17,285,203,613,15,1300,16,1030,1400,234,17,18,5,16,1191,602,1398,1396,84,885,12,1400,1247,1400,17,1276,15
170,1400,466,7,16,284,186,559,12,1299,18,1022,1400,211,15,24,4,15,1178,587,1400,1400,68,848,15,1400,1244,1385,16,1271,13
171,1400,459,14,13,284,159,556,14,1301,17,1014,1400,207,14,11,5,18,1171,592,1400,1400,51,825,14,1400,1254,1378,17,1272,16
172,1400,479,7,16,288,159,568,18,1306,16,1027,1399,176,16,16,14,21,1178,589,1400,1400,38,822,17,1394,1264,1383,12,1277,13
173,1400,480,5,17,294,165,548,15,1307,17,1049,1400,153,17,17,7,14,1175,588,1400,1400,19,814,13,1391,1286,1393,15,1283,14
174,1400,490,12,15,292,166,539,19,1313,22,1075,1400,133,16,18,34,16,1174,594,1400,1400,16,819,13,1392,1319,1400,17,1298,15
175,1400,454,5,18,291,142,565,13,1311,14,1094,1400,77,17,25,49,16,1176,605,1400,1400,31,829,15,1362,1331,1400,19,1318,16
176,1400,427,15,16,295,126,589,18,1314,13,1127,1400,36,22,31,59,12,1186,610,1400,1400,35,827,13,1304,1362,1400,13,1327,16
177,1400,412,16,17,301,90,620,16,1325,15,1154,1400,17,17,30,75,17,1205,600,1400,1400,56,808,15,1211,1386,1400,12,1355,15
178,1400,398,14,17,281,72,643,18,1332,16,1169,1400,15,15,37,84,15,1211,597,1400,1400,73,804,16,1138,1400,1400,19,1386,20
179,1400,388,15,17,266,61,668,15,1343,31,1193,1400,15,23,37,95,27,1223,587,1400,1400,74,798,16,1042,1400,1400,22,1400,16
180,1400,396,31,13,278,61,712,45,1360,51,1236,1400,17,53,63,111,49,1241,596,1400,1400,89,805,11,944,1400,1400,31,1400,16
181,1400,384,16,27,286,53,746,19,1375,29,1270,1400,15,57,68,129,49,1256,602,1400,1400,91,810,16,828,1400,1400,47,1400,42
182,1400,372,14,29,285,34,769,16,1389,31,1312,1400,17,64,76,138,61,1271,621,1400,1400,102,825,16,718,1400,1400,37,1400,32
183,1400,349,16,16,295,19,806,16,1400,26,1353,1400,7,65,87,152,66,1288,639,1400,1400,119,851,14,585,1400,1400,37,1400,50
184,1400,259,16,17,298,14,822,16,1400,15,1390,1400,10,59,103,146,63,1308,649,1400,1400,131,861,16,438,1400,1400,19,1400,49
185,1400,187,16,25,299,10,854,16,1400,16,1400,1393,7,58,124,161,67,1334,662,1400,1400,158,900,13,262,1400,1400,29,1400,23
186,1400,114,13,45,296,14,886,16,1400,27,1400,1367,7,61,135,172,60,1363,671,1400,1400,189,944,15,127,1400,1400,40,1400,56
187,1400,61,22,17,302,14,919,17,1400,22,1400,1337,10,62,161,180,53,1390,678,1400,1400,224,974,31,1,1400,1400,62,1400,64
188,1400,15,32,15,307,15,972,14,1400,23,1400,1315,16,25,204,228,62,1400,711,1400,1400,252,1013,16,4,1400,1400,66,1400,80
189,1400,11,28,16,316,14,1002,15,1400,19,1400,1288,7,15,223,260,61,1388,728,1400,1400,276,1024,15,5,1400,1400,32,1400,76
190,1400,16,60,17,325,29,1086,18,1400,17,1400,1254,16,16,265,306,89,1400,771,1400,1400,326,1103,14,12,1400,1400,49,1400,122
191,1400,14,63,16,332,17,1104,33,1400,40,1400,1212,12,14,299,343,84,1400,804,1400,1400,343,1133,16,12,1400,1400,56,1400,97
192,1400,13,27,14,332,15,1117,6,1400,16,1400,1202,17,16,277,262,31,1399,811,1400,1400,357,1156,20,25,1400,1400,14,1400,81
193,1400,11,18,14,345,12,1089,15,1400,15,1400,1182,9,17,293,212,16,1400,822,1400,1400,351,1154,15,9,1400,1400,16,1400,67
194,1400,23,34,35,360,32,1137,18,1400,17,1400,1189,18,56,331,209,78,1400,875,1400,1400,401,1227,33,38,1400,1400,41,1400,98
195,1400,32,53,84,373,35,1163,23,1400,61,1400,1184,12,90,351,163,79,1400,890,1400,1400,419,1248,49,64,1400,1400,36,1400,103
196,1400,84,69,84,379,67,1204,70,1400,83,1400,1191,55,110,383,151,111,1400,911,1400,1400,437,1290,76,94,1400,1400,65,1400,93
197,1400,86,84,86,380,73,1230,66,1400,82,1400,1200,63,112,380,123,129,1400,924,1400,1400,448,1300,88,108,1400,1400,72,1400,77
198,1400,109,84,88,382,86,1267,95,1400,96,1400,1204,77,127,393,89,153,1400,934,1400,1400,463,1321,86,140,1400,1400,90,1400,76
199,1400,113,80,101,384,109,1287,90,1400,99,1400,1198,66,142,390,56,164,1400,933,1400,1400,469,1332,90,169,1400,1400,88,1400,72
200,1400,119,75,86,387,115,1306,70,1400,95,1400,1211,65,159,386,64,172,1400,940,1400,1400,462,1339,76,192,1400,1400,93,1400,62
201,1400,126,58,77,387,111,1317,68,1396,83,1400,1223,65,161,392,46,185,1400,945,1400,1400,460,1340,72,253,1400,1400,79,1400,54
202,1400,125,22,59,385,108,1297,36,1394,47,1386,1252,33,149,376,31,182,1394,942,1400,1396,451,1312,38,307,1393,1400,48,1400,31
203,1400,132,17,30,388,87,1281,16,1387,27,1356,1276,43,140,369,16,157,1394,943,1393,1393,425,1298,26,595,1391,1400,19,1398,16
204,1400,76,13,16,383,60,1189,6,1371,10,1306,1291,18,112,329,3,113,1383,922,1380,1394,387,1264,16,862,1374,1400,8,1377,12
205,1400,39,8,17,384,57,1124,11,1361,10,1259,1312,15,63,282,8,62,1373,912,1370,1398,347,1230,12,1206,1367,1400,7,1358,9
206,1400,16,3,14,377,16,982,9,1345,7,1193,1341,17,15,196,4,17,1350,896,1359,1392,284,1162,16,1400,1343,1400,4,1324,9
207,1400,16,17,16,371,15,922,17,1328,15,1149,1382,14,8,142,3,20,1327,885,1344,1392,258,1138,14,1400,1309,1400,9,1313,15
208,1400,15,16,16,365,28,813,16,1313,18,1096,1400,16,10,52,1,16,1303,866,1338,1393,217,1098,16,1400,1271,1400,10,1279,10
209,1400,94,17,16,362,65,771,41,1306,17,1074,1400,73,19,16,0,15,1288,874,1337,1391,186,1086,23,1400,1254,1400,16,1266,15
210,1400,113,15,14,368,84,742,34,1302,18,1052,1400,71,15,16,1,26,1262,871,1331,1392,145,1061,17,1400,1229,1400,17,1262,14
211,1400,157,14,15,373,100,709,47,1292,13,1035,1400,98,16,15,1,13,1244,868,1324,1388,111,1031,13,1400,1228,1400,13,1249,18
212,1400,160,15,19,370,105,677,45,1288,15,1035,1400,99,22,17,1,17,1251,860,1325,1388,91,1014,16,1400,1226,1400,11,1240,15
213,1400,191,17,15,377,133,674,32,1291,15,1033,1400,101,44,11,3,32,1250,857,1327,1389,67,999,15,1400,1224,1400,11,1231,15
214,1400,226,16,17,369,151,654,13,1288,15,1033,1400,149,15,13,8,33,1251,869,1328,1393,53,1012,17,1400,1227,1400,17,1229,16
215,1400,300,14,15,358,174,639,24,1289,13,1035,1400,182,13,14,3,18,1243,863,1334,1399,37,1012,16,1400,1238,1400,15,1242,13
216,1400,313,16,15,353,172,601,16,1286,16,999,1400,197,18,6,7,16,1229,866,1340,1400,26,1003,16,1400,1241,1400,10,1230,12
217,1400,298,17,18,352,154,586,16,1286,14,989,1400,202,17,15,4,16,1214,862,1346,1400,18,1015,14,1400,1249,1400,16,1222,17
218,1400,288,5,14,353,145,526,10,1283,14,977,1400,181,18,14,3,14,1220,832,1346,1400,17,981,16,1400,1246,1389,14,1217,12
219,1400,276,14,15,347,125,517,15,1287,14,977,1391,179,17,14,1,14,1216,832,1345,1400,17,954,15,1400,1255,1381,15,1214,18
220,1400,300,5,16,348,118,529,17,1295,13,993,1391,147,16,15,14,17,1215,828,1350,1400,19,949,17,1400,1267,1387,17,1222,13
221,1400,314,8,14,357,107,508,16,1299,14,1010,1400,109,13,11,5,19,1227,814,1357,1398,16,941,17,1395,1292,1393,17,1234,16
222,1400,316,9,15,357,92,518,23,1307,14,1030,1400,84,26,15,13,16,1228,820,1376,1400,15,949,14,1388,1327,1400,16,1250,11
223,1400,287,6,15,359,81,522,16,1315,15,1054,1400,17,14,21,42,15,1229,826,1395,1400,25,957,14,1354,1349,1400,15,1264,17
224,1400,272,14,15,362,50,539,17,1325,17,1054,1400,10,15,33,50,18,1239,833,1400,1400,17,956,14,1278,1374,1400,14,1274,17
225,1400,263,17,14,362,29,552,17,1330,17,1070,1400,7,17,46,60,17,1247,828,1400,1400,41,933,6,1183,1400,1400,19,1290,15
226,1400,245,15,16,347,14,577,15,1338,17,1089,1400,9,16,59,71,17,1254,819,1400,1400,51,919,14,1115,1400,1400,18,1320,15
227,1400,234,17,13,337,13,593,14,1353,26,1102,1400,16,24,65,82,21,1268,807,1400,1400,59,917,10,1023,1400,1400,17,1339,16
228,1400,243,14,20,348,33,637,42,1374,48,1142,1400,16,45,90,100,34,1285,814,1400,1400,78,923,11,927,1400,1400,30,1358,22
229,1400,229,15,14,359,32,663,22,1384,27,1179,1400,15,47,105,121,31,1301,820,1400,1400,89,933,15,812,1400,1400,35,1360,27
230,1400,219,17,16,367,18,696,14,1399,28,1215,1400,12,49,108,118,37,1318,836,1400,1400,100,949,14,702,1400,1400,32,1393,16
231,1400,183,18,20,377,15,741,18,1400,18,1257,1400,10,50,116,134,41,1333,852,1400,1400,119,955,14,562,1400,1400,31,1400,18
232,1400,84,14,17,378,13,758,8,1400,15,1288,1400,6,43,127,122,28,1352,859,1400,1400,131,967,15,406,1400,1400,15,1400,23
233,1400,20,16,30,379,8,789,15,1400,17,1325,1390,2,35,155,137,30,1372,869,1400,1400,158,1003,16,232,1400,1400,20,1400,18
234,1400,8,14,23,373,9,795,15,1400,22,1367,1360,5,43,171,161,16,1392,886,1400,1400,184,1037,13,98,1400,1400,31,1400,19
235,1400,8,16,17,378,5,819,11,1400,15,1400,1332,6,16,191,171,16,1400,893,1400,1400,184,1069,12,1,1400,1400,20,1400,46
236,1400,9,17,17,388,7,854,10,1400,15,1400,1318,7,15,217,204,16,1350,912,1400,1400,218,1088,18,11,1400,1400,21,1400,40
237,1400,10,17,14,395,13,852,3,1400,16,1400,1287,6,16,234,232,16,1284,944,1400,1400,237,1115,9,12,1400,1400,16,1400,17
238,1400,13,61,16,400,15,914,51,1400,17,1400,1257,16,16,272,241,68,1273,976,1400,1400,281,1173,14,3,1400,1400,67,1400,81
239,1400,15,56,16,404,18,967,14,1400,21,1400,1216,9,15,283,306,70,1310,1014,1400,1400,304,1196,15,8,1400,1400,55,1400,98
240,1400,9,18,14,408,13,976,14,1400,16,1400,1210,12,18,260,233,17,1325,1024,1400,1400,319,1208,35,5,1400,1400,15,1400,81
241,1400,12,19,15,417,11,875,14,1400,9,1400,1192,9,14,287,171,14,1314,1045,1400,1400,326,1214,19,14,1400,1400,14,1400,75
242,1400,32,53,40,429,33,928,13,1400,29,1400,1193,16,51,306,174,55,1344,1092,1400,1400,352,1285,39,31,1400,1400,29,1400,95
243,1400,30,55,73,440,36,954,23,1400,92,1400,1190,13,90,337,126,77,1367,1109,1400,1400,382,1309,49,71,1400,1400,41,1400,109
244,1400,80,78,81,444,69,994,63,1400,91,1400,1196,50,110,365,113,102,1382,1134,1400,1400,400,1343,77,89,1400,1400,61,1400,101
245,1400,83,75,88,452,80,1018,70,1400,81,1400,1209,56,105,365,84,115,1395,1140,1400,1400,411,1357,80,106,1400,1400,76,1400,72
246,1400,104,87,88,459,89,1056,92,1400,93,1400,1215,72,114,378,57,141,1400,1148,1400,1400,429,1381,89,135,1400,1400,82,1400,78
247,1400,107,85,92,463,106,1070,80,1400,100,1400,1209,57,128,377,54,150,1398,1145,1400,1400,434,1399,92,165,1400,1400,79,1400,58
248,1400,114,69,85,462,110,1086,73,1400,96,1400,1225,71,146,374,54,159,1400,1150,1400,1399,433,1400,80,192,1400,1400,78,1400,55
249,1400,117,51,79,459,108,1099,57,1400,83,1400,1246,56,151,379,35,169,1396,1159,1400,1398,431,1400,68,245,1400,1400,77,1400,49
250,1400,121,15,61,455,105,1075,18,1395,52,1380,1276,26,141,363,16,165,1386,1160,1400,1392,424,1376,33,302,1386,1400,43,1396,25
251,1400,121,15,32,459,94,1037,13,1387,29,1345,1303,25,133,347,12,132,1380,1158,1391,1391,404,1362,23,590,1389,1400,17,1390,15
252,1400,71,12,18,453,63,940,9,1375,15,1290,1321,15,96,310,6,80,1365,1143,1378,1387,369,1322,17,859,1369,1400,9,1371,9
253,1400,31,12,17,453,39,876,7,1363,9,1243,1341,16,50,262,7,23,1356,1137,1365,1386,330,1295,13,1210,1364,1400,9,1353,9
254,1400,17,9,12,445,16,713,11,1349,8,1178,1375,18,13,162,5,12,1328,1116,1358,1381,244,1218,16,1400,1341,1400,3,1333,10
255,1400,35,18,14,447,14,636,13,1337,14,1128,1400,17,5,105,9,12,1299,1100,1347,1381,208,1205,15,1400,1313,1400,10,1323,12
256,1400,23,13,14,440,27,553,14,1318,17,1079,1400,25,14,22,6,14,1269,1076,1339,1382,165,1169,16,1400,1278,1400,11,1298,12
257,1400,69,14,17,437,59,522,45,1309,17,1046,1400,58,16,15,3,37,1253,1092,1340,1378,136,1146,16,1400,1260,1400,14,1284,16
258,1400,100,20,18,443,65,487,42,1304,16,1024,1400,68,17,19,4,32,1227,1088,1337,1380,92,1116,23,1400,1247,1400,14,1274,15
259,1400,152,15,15,446,88,448,44,1295,17,1015,1400,94,16,15,2,19,1208,1080,1331,1383,69,1083,18,1400,1243,1400,18,1254,14
260,1400,152,18,16,446,96,425,35,1294,17,1020,1400,89,17,12,3,13,1212,1078,1331,1379,36,1086,18,1400,1234,1400,11,1235,14
261,1400,173,18,17,449,111,436,20,1296,20,1018,1400,108,53,14,2,16,1210,1093,1327,1381,14,1071,16,1400,1238,1400,14,1237,15
262,1400,216,15,19,440,138,427,14,1295,15,1016,1400,141,20,12,8,19,1213,1088,1331,1383,17,1069,15,1400,1238,1400,14,1251,9
263,1400,271,15,13,431,154,394,20,1298,17,1013,1400,178,18,5,4,13,1205,1082,1334,1380,17,1066,17,1400,1250,1400,15,1263,8
264,1400,278,17,15,429,144,347,13,1298,14,971,1399,202,16,5,5,18,1192,1074,1342,1390,16,1058,12,1400,1253,1400,17,1256,9
265,1400,288,14,13,431,140,291,17,1296,15,950,1400,218,18,16,7,13,1177,1072,1346,1397,17,1073,16,1400,1258,1400,17,1245,15
266,1400,263,17,18,426,117,249,13,1294,16,950,1400,188,15,17,8,16,1168,1049,1347,1400,18,1038,16,1400,1256,1393,14,1243,15
267,1400,287,15,14,420,106,232,14,1296,17,952,1395,178,16,17,2,14,1151,1046,1350,1400,17,1008,17,1400,1265,1381,16,1241,16
268,1400,284,8,18,422,94,255,18,1305,13,965,1393,151,15,16,10,16,1168,1033,1362,1400,15,999,17,1400,1279,1383,16,1244,17
269,1400,288,8,12,424,82,233,15,1304,19,972,1400,126,17,16,8,15,1162,1019,1373,1400,18,991,14,1391,1294,1396,17,1255,18
270,1400,307,9,14,424,82,241,16,1308,21,1000,1400,92,15,19,26,14,1164,1022,1390,1400,14,995,12,1392,1333,1400,17,1269,17
271,1400,266,6,16,423,67,249,15,1313,16,1018,1400,52,19,28,44,15,1165,1032,1400,1400,25,1002,11,1364,1352,1400,13,1291,14
272,1400,239,15,16,424,40,270,16,1317,13,1041,1400,17,17,24,55,14,1175,1038,1400,1400,28,1006,12,1310,1379,1400,14,1304,13
273,1400,237,17,17,433,15,280,19,1329,15,1056,1400,9,17,19,59,13,1195,1027,1400,1400,49,990,16,1220,1400,1400,14,1328,12
274,1400,215,14,16,415,15,304,13,1339,18,1078,1400,7,16,32,71,16,1205,1019,1400,1400,44,974,15,1162,1400,1400,24,1364,15
275,1400,202,17,15,409,17,316,16,1352,36,1090,1400,15,31,37,81,15,1219,1005,1400,1400,45,960,11,1060,1400,1400,25,1390,10
276,1400,209,21,17,418,29,360,51,1371,51,1132,1400,14,51,58,105,38,1235,1017,1400,1400,61,966,11,967,1400,1400,31,1400,20
277,1400,194,15,23,426,29,390,29,1384,26,1162,1400,17,59,73,126,34,1251,1023,1400,1400,68,974,14,846,1400,1400,40,1400,18
278,1400,188,17,26,432,24,416,14,1397,33,1204,1400,12,64,78,130,46,1274,1038,1400,1400,85,972,15,738,1400,1400,31,1400,22
279,1400,164,15,25,442,14,452,17,1400,17,1245,1400,6,71,88,147,50,1291,1054,1400,1400,103,988,15,600,1400,1400,33,1400,40
280,1400,66,13,16,442,14,473,18,1400,18,1283,1400,9,65,104,143,40,1313,1064,1400,1400,118,997,16,453,1400,1400,16,1400,30
281,1400,15,16,27,447,8,485,16,1400,18,1323,1392,3,63,125,154,33,1336,1077,1400,1400,151,1023,14,275,1400,1400,17,1400,17
282,1400,11,12,18,445,8,483,18,1400,36,1367,1374,3,60,137,167,17,1359,1087,1400,1400,175,1070,13,139,1400,1400,32,1400,26
283,1400,4,16,17,448,4,507,10,1400,19,1400,1344,8,61,160,176,17,1381,1095,1400,1400,184,1099,18,0,1400,1400,23,1400,50
284,1400,6,20,14,454,9,552,17,1400,18,1400,1326,11,15,190,211,25,1371,1114,1400,1400,213,1131,12,6,1400,1400,34,1400,50
285,1400,6,16,15,462,9,552,1,1400,17,1400,1301,8,16,194,239,15,1330,1141,1400,1400,232,1149,12,2,1400,1400,18,1400,39
286,1400,15,60,18,470,32,628,46,1400,15,1400,1264,16,17,222,273,67,1314,1184,1400,1400,278,1207,16,3,1400,1400,37,1400,76
287,1400,17,51,16,480,14,635,16,1400,37,1400,1227,10,35,271,324,69,1341,1211,1400,1400,305,1227,16,9,1400,1400,60,1400,83
288,1400,17,41,17,484,15,668,28,1400,17,1400,1208,29,18,279,283,74,1343,1224,1400,1400,318,1255,20,12,1400,1400,14,1400,68
289,1400,12,19,19,490,16,675,14,1400,16,1400,1198,11,16,277,256,57,1353,1257,1400,1400,336,1271,39,9,1400,1400,15,1400,65
290,1400,41,45,35,497,38,737,58,1400,33,1400,1185,17,57,301,277,88,1387,1303,1400,1400,371,1320,50,15,1400,1400,31,1400,76
291,1400,51,43,64,496,45,767,34,1400,58,1400,1186,26,77,308,283,96,1400,1317,1400,1400,385,1339,51,48,1400,1400,66,1400,69
292,1400,84,65,74,503,62,809,70,1400,79,1400,1186,61,90,314,293,119,1400,1339,1400,1400,402,1367,65,90,1400,1400,75,1400,70
293,1400,94,72,84,501,74,823,84,1400,72,1400,1186,58,90,300,288,134,1400,1346,1400,1400,406,1376,86,107,1400,1400,75,1400,75
294,1400,109,73,83,502,80,847,92,1400,92,1400,1177,87,103,296,277,154,1400,1354,1400,1400,414,1390,84,127,1400,1400,88,1400,82
295,1400,120,71,93,500,74,862,84,1400,96,1400,1154,88,104,282,259,166,1400,1360,1400,1400,417,1391,90,144,1400,1400,91,1400,84
296,1400,138,72,86,498,78,872,84,1400,92,1400,1137,110,108,267,237,179,1399,1363,1400,1400,419,1393,87,171,1400,1400,92,1400,70
297,1400,154,70,85,494,93,881,84,1400,87,1400,1129,114,110,241,205,190,1400,1364,1400,1397,412,1392,91,233,1400,1400,81,1400,63
298,1400,158,40,74,490,76,864,48,1389,67,1366,1140,107,101,192,136,187,1397,1350,1400,1388,396,1358,66,283,1380,1400,60,1394,53
299,1400,166,14,65,489,64,848,23,1380,53,1338,1144,121,98,154,57,183,1400,1343,1400,1380,384,1336,62,669,1370,1400,35,1383,24
300,1400,79,7,15,467,31,668,2,1343,12,1231,1121,69,26,57,7,109,1377,1307,1376,1373,314,1239,15,1023,1308,1400,10,1336,8
301,1400,32,4,11,457,38,482,14,1313,9,1124,1082,73,6,5,4,45,1344,1295,1348,1363,254,1176,14,1400,1272,1400,4,1303,3
302,1400,15,6,4,434,14,127,14,1270,4,1043,1065,15,7,6,11,14,1295,1257,1323,1352,122,995,15,1400,1195,1400,6,1267,9
303,1400,54,12,18,421,144,16,5,1219,15,938,947,71,6,0,0,43,1245,1256,1294,1344,90,931,16,1400,1127,1400,14,1212,15
304,1400,108,17,16,420,207,0,45,1188,17,890,831,101,1,2,2,15,1209,1264,1282,1337,27,903,21,1400,1095,1400,15,1201,14
305,1400,174,17,30,432,304,8,22,1165,40,858,729,116,17,13,2,43,1189,1267,1270,1342,17,862,44,1400,1056,1400,29,1188,15
306,1400,217,13,34,453,355,17,18,1155,68,811,649,124,16,15,8,17,1176,1296,1267,1346,15,798,17,1400,1038,1400,21,1160,5
307,1400,329,17,21,492,396,15,58,1147,52,809,588,176,44,41,13,16,1169,1326,1279,1353,17,771,56,1400,1052,1400,33,1173,15
308,1400,444,27,39,522,478,66,54,1154,62,805,616,241,61,16,7,57,1177,1360,1286,1363,15,749,41,1400,1055,1400,29,1168,14
309,1400,507,17,29,541,505,61,35,1167,33,808,643,305,71,18,14,70,1185,1366,1286,1367,26,732,39,1400,1044,1400,31,1179,24
310,1400,584,16,26,559,539,80,40,1173,43,809,663,350,69,17,19,77,1192,1370,1297,1371,42,721,37,1400,1052,1400,34,1193,30
311,1400,634,14,24,575,558,77,30,1182,20,817,678,382,82,17,17,64,1193,1366,1313,1379,31,722,46,1400,1050,1399,28,1205,21
312,1400,678,15,15,569,573,65,15,1182,15,814,697,389,65,16,6,30,1191,1366,1307,1378,17,700,52,1400,1052,1390,16,1208,18
313,1400,706,18,19,573,577,16,13,1178,18,804,710,386,48,16,0,13,1197,1359,1293,1379,17,675,44,1400,1061,1385,16,1207,13
314,1400,684,16,15,565,525,9,10,1180,7,778,708,348,16,19,2,15,1190,1322,1290,1387,19,652,15,1400,1060,1364,15,1205,14
315,1400,698,16,16,563,504,16,15,1181,18,767,695,351,9,16,2,12,1182,1302,1288,1394,13,634,16,1400,1062,1353,13,1206,15
316,1400,678,9,14,564,462,18,19,1186,18,753,701,338,14,16,3,15,1169,1284,1295,1398,17,622,14,1400,1081,1347,13,1212,13
317,1400,659,14,13,558,408,11,14,1192,17,749,699,312,17,15,9,15,1165,1253,1299,1400,12,624,18,1400,1093,1338,15,1231,13
318,1400,662,15,16,555,353,15,14,1202,17,781,730,296,14,17,23,18,1177,1228,1322,1400,16,647,25,1400,1127,1325,16,1238,17
319,1400,631,15,16,550,317,28,16,1217,17,810,751,247,17,15,29,18,1191,1208,1348,1400,27,663,15,1400,1170,1297,18,1258,17
320,1400,603,16,17,539,287,37,17,1225,16,844,775,212,16,13,48,17,1201,1181,1358,1400,33,682,15,1377,1202,1284,15,1281,16
321,1400,535,14,15,526,245,52,4,1235,9,863,798,164,16,17,74,14,1198,1149,1378,1400,33,693,17,1310,1236,1265,16,1296,15
322,1400,519,13,17,511,224,90,16,1251,14,919,820,143,16,16,100,15,1205,1140,1400,1400,55,715,15,1270,1268,1277,13,1323,23
323,1400,470,16,10,496,200,102,15,1254,9,921,846,110,17,15,109,16,1219,1116,1400,1400,65,731,8,1136,1293,1274,16,1365,15
324,1400,439,14,11,478,171,124,16,1272,15,974,868,71,18,17,142,26,1231,1114,1400,1400,80,765,17,1059,1354,1284,12,1400,12
325,1400,401,16,18,460,130,155,15,1298,13,1051,896,30,17,19,183,25,1251,1113,1400,1400,105,798,12,939,1400,1297,15,1400,17
326,1400,338,15,20,441,92,191,16,1312,13,1106,911,2,18,30,209,32,1259,1099,1400,1400,129,823,16,810,1400,1277,16,1400,20
327,1400,269,24,14,419,22,242,16,1333,16,1192,939,14,28,66,279,35,1304,1114,1400,1400,164,861,15,676,1400,1275,30,1400,38
328,1400,138,21,15,398,4,287,3,1354,15,1251,963,1,16,95,319,17,1326,1098,1400,1400,174,887,19,513,1400,1261,33,1400,26
329,1400,15,15,18,370,2,289,6,1390,1,1317,1008,1,15,137,387,15,1356,1091,1400,1400,180,941,17,328,1400,1248,18,1400,25
330,1400,2,49,15,347,3,243,2,1400,0,1373,1045,9,9,168,435,12,1377,1063,1400,1400,129,951,12,159,1395,1243,15,1400,27
331,1400,4,49,15,340,1,201,1,1400,2,1400,1094,3,0,147,476,15,1351,1042,1400,1400,54,925,16,1,1400,1241,15,1400,17
332,1400,9,22,14,312,6,198,7,1400,16,1400,1125,9,15,182,576,13,1300,1052,1400,1400,52,933,17,2,1400,1262,13,1400,69
333,1400,5,50,14,302,0,214,4,1400,3,1400,1194,3,3,177,618,12,1228,1069,1400,1400,17,928,15,4,1400,1324,13,1400,83
334,1400,5,60,18,303,13,278,17,1400,17,1400,1237,10,14,218,715,18,1262,1106,1400,1400,81,1016,43,1,1400,1377,17,1400,112
335,1400,8,92,18,309,7,322,17,1400,43,1400,1262,6,19,219,757,47,1309,1127,1400,1400,114,1086,26,6,1400,1400,15,1400,121
336,1400,28,90,15,324,21,337,21,1400,25,1400,1258,9,59,236,739,58,1341,1156,1400,1400,133,1138,50,11,1400,1400,27,1400,155
337,1400,17,64,18,329,16,392,18,1400,16,1400,1249,11,47,308,729,71,1365,1171,1400,1400,155,1162,54,10,1400,1400,49,1400,154
338,1400,69,57,64,344,67,444,58,1400,62,1400,1234,32,63,330,764,102,1400,1209,1400,1400,188,1206,66,33,1400,1400,51,1400,162
339,1400,67,75,77,350,63,472,53,1400,68,1400,1236,38,84,337,752,122,1400,1226,1400,1400,200,1230,73,61,1400,1400,69,1400,150
340,1400,100,81,87,352,76,512,91,1400,87,1400,1240,70,104,345,770,144,1400,1248,1400,1400,219,1253,88,109,1400,1400,81,1400,148
341,1400,114,89,92,358,90,531,97,1400,94,1400,1243,77,107,335,759,158,1400,1251,1400,1400,227,1257,96,126,1400,1400,91,1400,128
342,1400,124,92,104,364,96,557,113,1400,105,1400,1236,113,120,336,742,176,1400,1253,1400,1400,234,1265,109,149,1400,1400,97,1400,116
343,1400,137,102,106,369,101,574,111,1399,113,1400,1213,111,126,326,722,189,1400,1251,1400,1400,236,1264,114,173,1400,1400,109,1400,98
344,1400,163,94,108,377,104,586,111,1396,113,1400,1196,132,130,314,697,198,1400,1243,1400,1400,240,1259,102,186,1400,1400,117,1400,90
345,1400,187,92,106,380,100,600,113,1394,96,1400,1196,144,136,297,663,210,1400,1240,1400,1399,240,1260,104,241,1400,1400,104,1400,82
346,1400,199,51,89,377,91,586,71,1386,84,1364,1205,132,122,252,593,211,1395,1224,1400,1392,224,1218,80,286,1387,1400,74,1385,72
347,1400,218,35,75,377,78,570,51,1376,63,1339,1209,143,124,219,520,217,1391,1215,1400,1387,213,1189,66,663,1375,1400,52,1380,45
348,1400,157,15,16,360,42,476,8,1342,14,1232,1188,109,55,120,364,173,1368,1176,1387,1376,162,1093,20,1015,1314,1400,14,1333,11
349,1400,177,10,16,352,54,408,17,1308,11,1120,1167,122,15,26,229,135,1340,1161,1372,1369,123,1037,15,1400,1273,1400,9,1297,8
350,1400,54,11,9,333,20,277,13,1262,8,1031,1146,74,9,1,73,56,1293,1118,1356,1357,47,971,12,1400,1207,1400,9,1262,9
351,1400,96,13,18,327,170,154,17,1209,14,949,1110,78,6,18,0,42,1254,1117,1328,1353,24,907,45,1400,1137,1400,16,1214,16
352,1400,111,16,15,325,228,15,15,1182,15,906,1059,103,6,15,0,14,1231,1117,1315,1351,18,873,30,1400,1096,1400,19,1200,14
353,1400,167,15,18,337,315,16,31,1162,84,857,940,124,14,17,0,37,1209,1124,1306,1350,15,832,26,1400,1052,1400,31,1188,15
354,1400,198,15,53,355,366,8,21,1146,63,809,853,128,15,13,2,15,1193,1125,1300,1357,12,778,38,1400,1033,1400,22,1164,12
355,1400,290,17,42,388,452,14,62,1145,49,803,797,224,51,24,3,21,1186,1157,1310,1356,12,751,47,1400,1045,1400,38,1167,7
356,1400,424,32,42,422,515,64,61,1147,35,798,812,287,67,18,9,64,1193,1182,1313,1367,19,732,43,1400,1040,1400,25,1165,15
357,1400,508,17,28,443,550,62,39,1160,63,803,833,335,67,19,12,72,1207,1180,1316,1381,28,716,36,1400,1035,1400,30,1177,25
358,1400,586,19,30,459,581,81,41,1162,42,804,851,379,71,15,13,81,1208,1205,1327,1381,41,705,30,1400,1036,1399,41,1197,37
359,1400,634,16,25,473,598,82,31,1174,25,811,862,411,80,15,20,74,1209,1196,1347,1387,21,703,43,1400,1039,1395,28,1209,20
360,1400,678,18,18,478,611,66,16,1174,17,810,858,428,60,16,5,54,1209,1182,1336,1389,12,684,43,1400,1046,1382,19,1208,17
361,1400,718,17,16,478,611,38,16,1179,15,805,858,433,48,16,2,29,1214,1175,1333,1389,18,662,30,1400,1050,1372,14,1216,17
362,1400,686,14,15,472,560,9,14,1176,6,801,838,415,14,15,12,16,1201,1138,1325,1394,14,637,17,1400,1048,1351,11,1217,13
363,1400,699,15,15,462,537,15,17,1175,15,794,840,408,10,19,1,18,1192,1122,1322,1391,16,622,24,1400,1056,1336,13,1222,13
364,1400,689,6,16,468,495,15,16,1185,15,797,834,386,14,17,8,16,1188,1095,1325,1400,14,602,15,1400,1070,1333,19,1222,14
365,1400,670,12,13,465,441,13,10,1188,16,792,846,355,12,14,10,17,1180,1065,1331,1400,5,602,17,1398,1082,1320,16,1238,17
366,1400,669,9,15,464,410,17,17,1197,12,823,880,333,16,17,18,16,1189,1048,1356,1400,19,621,27,1400,1121,1302,15,1246,18
367,1400,634,17,17,452,376,29,16,1210,18,859,903,281,20,15,28,16,1202,1030,1380,1400,14,636,34,1400,1167,1284,11,1261,18
368,1400,617,16,19,446,357,32,15,1222,16,889,921,233,15,15,50,15,1199,1002,1394,1400,35,651,16,1378,1196,1270,14,1281,15
369,1400,541,19,17,436,320,31,0,1234,14,919,941,187,16,16,70,14,1205,966,1400,1400,49,660,14,1326,1228,1250,15,1296,14
370,1400,518,16,17,415,306,72,19,1245,13,978,962,155,16,19,100,22,1207,963,1400,1400,70,677,14,1286,1256,1251,16,1333,16
371,1400,468,18,15,394,280,90,17,1247,12,1013,968,125,18,16,112,17,1213,939,1400,1400,86,691,10,1160,1281,1251,13,1370,17
372,1400,443,14,18,379,250,112,15,1263,14,1068,983,85,15,14,145,24,1226,939,1400,1400,109,722,13,1097,1347,1259,15,1400,17
373,1400,406,15,16,361,217,145,13,1294,16,1136,1003,40,16,18,180,25,1242,933,1400,1400,135,760,15,980,1400,1271,15,1400,16
374,1400,346,16,16,342,169,179,15,1310,13,1185,1023,18,16,38,211,21,1248,922,1400,1400,156,785,16,841,1400,1257,14,1400,16
375,1400,289,34,15,325,104,226,16,1328,12,1261,1056,11,22,70,277,38,1289,933,1400,1400,188,834,15,708,1400,1254,41,1400,40
376,1400,161,22,13,304,16,279,4,1353,17,1316,1081,0,28,94,310,41,1318,916,1400,1400,222,862,15,544,1400,1244,44,1400,39
377,1400,16,35,17,283,5,327,5,1379,8,1387,1124,8,17,132,378,18,1353,904,1400,1400,238,923,12,367,1400,1229,23,1400,35
378,1400,2,19,16,250,3,291,1,1400,0,1400,1152,2,12,159,421,16,1375,895,1400,1400,194,922,14,196,1400,1217,14,1400,25
379,1400,4,29,16,221,1,294,6,1400,1,1400,1204,9,16,152,506,13,1393,873,1400,1400,159,924,16,7,1400,1221,15,1400,26
380,1400,4,54,15,205,6,303,2,1400,15,1400,1230,0,1,187,550,14,1326,882,1400,1400,109,974,15,1,1400,1251,15,1400,47
381,1400,2,23,17,198,2,260,3,1400,5,1400,1303,9,14,176,636,14,1266,890,1400,1400,73,914,14,15,1400,1305,13,1400,27
382,1400,4,59,12,207,15,319,29,1400,13,1400,1360,7,15,227,679,67,1289,924,1400,1400,97,1045,44,12,1400,1358,13,1400,100
383,1400,8,89,15,204,16,383,15,1400,39,1400,1368,9,50,267,760,39,1354,949,1400,1400,160,1087,31,16,1400,1400,42,1400,128
384,1400,7,94,16,215,19,423,19,1400,30,1400,1375,11,65,290,731,69,1385,992,1400,1400,177,1109,58,11,1400,1400,45,1400,156
385,1400,27,64,15,226,16,431,39,1400,17,1400,1369,12,37,309,725,74,1400,1011,1400,1400,198,1133,42,22,1400,1400,52,1400,151
386,1400,65,76,73,237,49,501,67,1400,45,1400,1366,27,75,339,764,107,1400,1038,1400,1400,226,1200,62,37,1400,1400,64,1400,164
387,1400,72,71,86,242,79,528,51,1400,84,1400,1355,57,83,338,749,119,1400,1062,1400,1400,238,1219,78,67,1400,1400,69,1400,149
388,1400,108,95,90,251,91,565,100,1400,104,1400,1361,82,111,346,753,136,1400,1084,1400,1400,257,1242,91,116,1400,1400,100,1400,148
389,1400,121,101,112,248,96,579,109,1400,103,1400,1365,93,120,341,739,151,1400,1091,1400,1400,263,1253,113,129,1400,1400,103,1400,133
390,1400,134,114,116,246,114,603,112,1400,125,1400,1358,117,137,337,719,170,1400,1099,1400,1400,265,1262,116,151,1400,1400,121,1400,117
391,1400,146,118,125,247,115,622,122,1400,127,1400,1335,121,139,323,694,183,1400,1100,1400,1400,262,1258,119,173,1400,1400,124,1400,110
392,1400,168,110,116,248,110,632,127,1400,120,1400,1320,137,144,315,677,194,1400,1102,1400,1399,266,1260,123,192,1400,1400,121,1400,106
393,1400,190,102,113,248,115,642,117,1400,115,1400,1313,148,144,300,646,207,1399,1102,1400,1398,265,1255,118,245,1400,1400,118,1400,100
394,1400,205,74,108,243,108,625,80,1388,96,1371,1323,133,134,254,579,205,1390,1088,1400,1391,246,1216,94,287,1384,1400,91,1385,77
395,1400,221,47,94,243,91,612,59,1378,80,1345,1327,146,129,216,494,206,1382,1079,1400,1386,234,1185,88,670,1370,1400,61,1380,55
396,1400,188,16,23,232,59,522,11,1346,15,1241,1307,106,76,112,348,165,1359,1037,1388,1372,182,1090,39,1031,1313,1400,14,1334,16
397,1400,226,9,17,226,72,458,16,1315,10,1137,1286,137,15,32,220,124,1340,1022,1375,1359,136,1032,13,1400,1278,1400,9,1312,13
398,1400,120,10,9,210,43,318,12,1268,8,1050,1263,78,6,6,59,45,1288,983,1360,1353,64,965,16,1400,1207,1400,12,1268,11
399,1400,152,15,30,201,150,205,24,1217,15,966,1224,76,7,16,0,45,1248,980,1331,1345,36,898,56,1400,1141,1400,14,1217,16
400,1400,196,17,19,200,226,42,15,1190,36,922,1206,117,7,14,2,29,1220,976,1318,1344,17,871,41,1400,1105,1400,14,1205,17
401,1400,261,17,33,213,313,15,20,1163,82,875,1120,130,17,17,2,24,1197,983,1308,1344,16,825,29,1400,1056,1400,37,1194,17
402,1400,307,15,20,231,353,15,15,1159,84,821,1000,147,14,19,2,12,1183,992,1312,1346,17,768,48,1400,1026,1400,18,1172,13
403,1400,425,17,28,265,421,18,68,1149,69,822,911,197,53,14,0,17,1182,1012,1322,1351,17,740,50,1400,1053,1400,30,1179,10
404,1400,522,16,42,304,496,67,65,1150,76,816,926,261,70,16,3,76,1187,1042,1318,1360,13,719,43,1400,1051,1400,22,1175,15
405,1400,587,60,31,324,528,65,48,1163,59,820,940,323,69,17,11,88,1199,1042,1321,1371,27,707,34,1400,1045,1400,30,1183,30
406,1400,667,34,41,339,562,77,53,1171,56,819,957,366,63,17,17,93,1207,1056,1340,1375,44,694,53,1400,1051,1400,44,1202,39
407,1400,715,14,32,350,583,68,40,1183,36,833,969,399,74,17,23,95,1210,1053,1353,1379,40,690,56,1400,1053,1396,39,1212,29
408,1400,761,13,23,351,599,55,16,1180,15,830,981,415,58,12,8,87,1208,1052,1345,1385,17,666,58,1400,1052,1383,21,1212,15
409,1400,792,17,17,355,592,41,14,1172,17,821,996,424,43,17,4,73,1214,1037,1338,1391,14,645,58,1400,1059,1376,15,1213,13
410,1400,781,15,16,348,569,14,9,1169,8,799,972,387,17,17,11,36,1198,1005,1335,1400,14,619,34,1400,1056,1360,13,1212,16
411,1400,803,17,17,339,569,16,17,1168,20,785,952,389,15,15,5,20,1182,978,1330,1400,17,602,18,1400,1067,1347,16,1212,16
412,1400,803,16,14,331,536,17,15,1173,17,776,957,369,14,17,11,18,1187,956,1336,1400,19,588,18,1400,1080,1343,16,1215,16
413,1400,787,13,20,331,492,13,9,1181,16,783,962,347,16,18,0,17,1179,930,1343,1400,15,587,23,1400,1094,1335,19,1230,14
414,1400,790,12,13,328,466,18,18,1191,16,804,995,326,26,15,25,14,1181,897,1367,1400,15,602,16,1400,1130,1319,18,1237,14
415,1400,754,15,14,318,429,30,16,1203,16,842,1014,277,18,16,36,18,1198,881,1399,1400,22,620,30,1400,1172,1298,12,1251,15
416,1400,728,15,16,310,407,44,18,1211,17,862,1042,240,16,17,52,13,1205,853,1400,1400,36,631,18,1373,1203,1286,14,1262,18
417,1400,661,15,18,299,361,66,7,1226,15,892,1055,186,17,15,79,16,1206,823,1400,1400,35,645,13,1321,1234,1263,16,1280,15
418,1400,651,15,14,282,348,106,15,1240,17,939,1081,166,14,18,111,22,1221,812,1400,1400,49,668,15,1273,1272,1266,16,1312,20
419,1400,602,15,15,272,321,128,16,1247,6,971,1094,131,15,16,125,14,1228,782,1400,1400,49,683,7,1155,1298,1272,14,1356,18
420,1400,589,15,16,252,292,150,16,1264,17,1017,1111,92,18,15,157,25,1249,790,1400,1400,69,715,17,1069,1356,1283,17,1400,19
421,1400,542,14,20,238,261,180,11,1294,15,1085,1128,40,15,15,202,22,1269,779,1400,1400,81,754,18,955,1400,1289,15,1400,14
422,1400,490,20,16,218,219,220,16,1313,16,1135,1142,16,15,44,233,32,1273,770,1400,1400,109,775,17,814,1400,1276,16,1400,15
423,1400,422,25,16,193,149,268,16,1328,16,1221,1175,17,21,74,298,38,1314,782,1400,1400,135,815,12,685,1400,1270,43,1400,44
424,1400,328,22,15,171,23,321,5,1348,17,1282,1203,1,28,102,333,44,1335,766,1400,1400,170,840,16,513,1400,1253,42,1400,34
425,1400,144,36,16,155,4,385,6,1384,14,1347,1247,1,18,144,401,18,1364,754,1400,1400,189,898,15,331,1400,1243,34,1400,60
426,1400,15,32,17,123,6,369,11,1400,0,1400,1281,3,14,171,423,16,1392,722,1400,1400,163,929,18,169,1400,1238,16,1400,49
427,1400,8,45,16,104,3,329,1,1400,2,1400,1325,6,12,187,526,17,1400,726,1400,1400,139,938,13,0,1400,1236,14,1400,46
428,1400,10,54,20,87,1,361,7,1400,15,1400,1369,7,19,221,590,16,1338,724,1400,1400,140,971,14,1,1400,1260,17,1400,29
429,1400,4,34,16,64,7,342,3,1400,8,1400,1400,6,3,189,637,18,1269,749,1400,1400,118,943,18,6,1400,1318,19,1400,52
430,1400,15,84,16,74,13,407,16,1400,28,1400,1400,7,16,212,724,59,1300,777,1400,1400,158,1045,42,10,1400,1367,35,1400,105
431,1400,12,86,17,71,7,479,35,1400,16,1400,1400,3,46,270,770,27,1369,812,1400,1400,196,1099,47,13,1400,1400,32,1400,125
432,1400,23,86,16,79,22,515,18,1400,61,1400,1374,10,66,292,767,79,1400,847,1400,1400,220,1136,47,12,1400,1400,40,1400,154
433,1400,14,66,15,91,46,534,44,1400,20,1400,1387,14,52,321,746,99,1400,859,1400,1400,232,1156,58,20,1400,1400,42,1400,153
434,1400,61,73,71,107,64,594,63,1400,70,1400,1384,34,86,347,778,126,1400,905,1400,1400,267,1217,66,41,1400,1400,56,1400,166
435,1400,87,72,92,107,78,625,64,1400,76,1400,1376,43,88,355,772,144,1400,918,1400,1400,280,1224,93,72,1400,1400,93,1400,151
436,1400,112,96,95,118,90,665,95,1400,106,1400,1380,79,116,367,784,171,1400,938,1400,1400,296,1253,99,116,1400,1400,92,1400,151
437,1400,126,96,109,127,99,684,109,1400,103,1400,1382,87,118,355,773,186,1400,935,1400,1400,301,1262,106,130,1400,1400,101,1400,130
438,1400,144,103,120,127,108,707,117,1400,118,1400,1377,118,130,354,760,205,1400,944,1400,1400,312,1276,114,146,1400,1400,119,1400,117
439,1400,159,107,121,131,115,722,124,1399,120,1400,1351,116,135,341,741,214,1400,947,1400,1400,311,1278,120,164,1400,1400,119,1400,112
440,1400,185,105,123,130,111,737,111,1397,125,1400,1335,139,134,329,720,225,1400,952,1400,1400,313,1280,116,177,1400,1400,123,1400,95
441,1400,208,97,118,128,115,748,116,1396,112,1400,1330,146,131,308,689,235,1400,952,1400,1399,312,1280,114,235,1400,1400,112,1400,93
442,1400,213,64,103,125,103,732,81,1386,98,1366,1340,131,118,262,622,233,1394,938,1400,1390,298,1245,99,276,1385,1400,90,1387,85
443,1400,232,42,92,122,98,717,62,1375,82,1340,1345,136,112,228,540,236,1391,932,1400,1386,284,1208,84,655,1375,1400,60,1383,55
444,1400,196,14,20,102,65,632,9,1344,17,1230,1323,100,54,124,387,191,1366,892,1391,1370,236,1114,33,1017,1316,1400,13,1333,17
445,1400,224,10,15,91,81,563,19,1319,12,1123,1303,116,19,43,258,160,1331,889,1376,1358,202,1059,15,1400,1278,1400,7,1310,11
446,1400,123,14,6,73,49,432,7,1275,4,1042,1276,57,6,5,96,85,1282,850,1360,1350,125,990,13,1400,1211,1400,11,1269,10
447,1400,176,16,20,59,162,340,32,1225,17,960,1240,87,3,16,0,52,1238,857,1334,1339,88,922,49,1400,1144,1400,16,1218,15
448,1400,206,15,31,55,241,183,20,1195,23,914,1223,94,11,14,7,24,1214,854,1324,1332,44,889,61,1400,1105,1400,39,1206,17
449,1400,270,15,34,78,329,70,38,1171,76,875,1227,119,17,16,2,36,1189,867,1318,1339,19,843,45,1400,1060,1400,33,1192,15
450,1400,312,14,49,103,387,16,16,1159,74,843,1197,114,20,17,0,16,1179,884,1318,1346,13,783,32,1400,1037,1400,18,1168,17
451,1400,418,14,32,133,463,16,55,1150,59,839,1123,218,50,16,2,24,1172,909,1327,1350,15,756,45,1400,1053,1400,33,1164,11
452,1400,550,25,45,162,549,52,58,1154,48,831,1140,280,68,14,7,57,1181,949,1329,1362,16,734,22,1400,1048,1400,30,1168,15
453,1400,615,20,28,183,579,67,37,1167,47,839,1155,323,73,33,7,66,1189,951,1336,1371,18,721,46,1400,1038,1400,25,1179,28
454,1400,692,18,37,193,616,86,37,1173,34,836,1172,366,74,16,18,73,1200,967,1352,1373,40,714,35,1400,1047,1400,42,1199,33
455,1400,740,15,28,204,632,86,30,1181,26,843,1179,404,90,15,17,57,1196,967,1373,1377,28,713,40,1400,1047,1398,31,1208,14
456,1400,786,15,16,204,656,73,17,1182,20,827,1175,409,72,15,5,39,1196,964,1367,1385,15,693,38,1400,1048,1380,16,1214,13
457,1400,823,16,17,201,645,48,14,1176,17,827,1180,419,50,13,2,15,1205,961,1355,1390,15,669,19,1400,1056,1368,15,1223,15
458,1400,783,15,16,197,594,17,12,1174,9,814,1157,402,17,16,14,14,1191,927,1349,1395,18,645,15,1400,1051,1356,15,1220,12
459,1400,808,13,16,189,588,11,17,1172,15,805,1141,392,6,16,4,14,1182,897,1344,1400,14,625,18,1400,1055,1346,16,1214,14
460,1400,804,7,14,190,546,17,13,1174,16,804,1154,371,15,20,9,17,1172,878,1349,1400,16,608,20,1400,1072,1338,14,1221,18
461,1400,792,11,18,190,488,17,13,1179,17,794,1161,357,17,15,2,14,1170,851,1355,1400,11,611,14,1388,1083,1328,14,1236,16
462,1400,798,16,15,184,467,13,17,1186,18,815,1191,333,28,16,23,13,1179,832,1377,1400,14,630,19,1394,1115,1311,13,1250,14
463,1400,772,15,16,178,426,21,15,1203,20,844,1212,283,18,16,38,16,1195,804,1399,1399,17,652,14,1400,1166,1288,13,1265,17
464,1400,742,15,17,170,404,29,17,1218,18,879,1237,235,17,15,58,15,1198,774,1400,1400,34,661,17,1368,1199,1280,14,1280,16
465,1400,683,15,16,153,359,37,0,1229,14,895,1259,197,15,17,82,15,1195,743,1400,1400,38,670,15,1305,1227,1258,14,1302,14
466,1400,668,14,15,141,335,75,17,1242,13,946,1284,183,17,12,116,21,1204,733,1400,1400,50,694,15,1254,1253,1263,14,1348,14
467,1400,629,17,16,122,307,102,17,1249,18,968,1298,151,16,17,130,14,1212,706,1400,1400,58,707,9,1127,1278,1265,17,1385,17
468,1400,588,16,15,105,276,124,18,1262,12,1025,1320,126,19,13,167,35,1226,710,1400,1400,80,738,14,1044,1344,1270,14,1400,20
469,1400,548,15,16,96,242,159,16,1289,19,1091,1342,64,26,17,205,40,1242,700,1400,1400,106,774,18,929,1400,1279,16,1400,21
470,1400,491,14,17,76,207,196,12,1303,13,1144,1360,13,16,43,233,52,1261,686,1400,1400,130,812,15,801,1400,1262,24,1400,20
471,1400,446,33,15,55,134,246,15,1324,14,1220,1390,16,16,72,299,57,1301,703,1400,1400,163,863,16,658,1400,1254,48,1400,32
472,1400,348,18,16,33,15,296,5,1350,15,1273,1400,2,17,94,338,46,1325,684,1400,1400,195,898,15,496,1400,1242,45,1400,52
473,1400,161,30,19,16,4,361,5,1382,9,1354,1400,1,13,135,406,17,1358,675,1400,1400,223,933,15,311,1400,1234,52,1400,65
474,1400,15,35,15,16,3,362,5,1400,1,1400,1400,4,18,153,456,16,1390,642,1400,1400,200,982,14,152,1400,1222,15,1400,59
475,1400,1,24,16,20,7,334,7,1400,1,1400,1400,8,3,197,514,17,1383,648,1400,1400,191,1008,16,1,1400,1223,16,1400,63
476,1400,5,29,16,16,0,330,1,1400,14,1400,1400,2,17,205,593,16,1343,641,1400,1400,197,1038,15,1,1400,1245,16,1400,70
477,1400,9,66,19,27,6,323,0,1400,3,1400,1400,6,12,167,656,13,1269,641,1400,1400,147,1061,16,7,1400,1298,15,1400,71
478,1400,3,82,18,58,17,393,17,1400,49,1400,1400,7,17,238,727,27,1308,702,1400,1400,197,1108,65,2,1400,1355,40,1400,93
479,1400,7,91,16,73,18,446,16,1400,22,1400,1400,9,52,256,785,32,1368,697,1400,1400,244,1191,27,14,1400,1400,38,1400,127
480,1400,10,83,16,85,14,484,16,1400,22,1400,1396,10,55,266,738,52,1398,724,1400,1400,258,1214,54,13,1400,1400,19,1400,118
481,1400,11,67,17,102,18,497,14,1400,15,1400,1381,4,31,285,678,47,1400,746,1400,1400,282,1259,27,12,1400,1400,15,1400,131
482,1400,42,55,68,124,50,551,43,1400,42,1400,1378,14,80,319,681,89,1400,785,1400,1400,318,1329,49,55,1400,1400,51,1400,166
483,1400,56,80,97,135,68,574,42,1400,71,1400,1376,14,96,338,632,89,1400,800,1400,1400,336,1351,74,82,1400,1400,57,1400,176
484,1400,104,87,102,142,94,613,80,1400,100,1400,1384,67,118,367,615,116,1400,829,1400,1400,356,1390,91,106,1400,1400,81,1400,169
485,1400,111,94,111,148,96,640,91,1400,101,1400,1400,81,117,363,588,135,1400,831,1400,1400,365,1400,99,117,1400,1400,96,1400,148
486,1400,133,104,110,153,103,675,111,1400,113,1400,1400,99,138,377,551,159,1400,840,1400,1400,381,1400,110,144,1400,1400,107,1400,127
487,1400,145,111,126,156,144,695,122,1400,121,1400,1398,94,154,375,501,164,1400,838,1400,1400,384,1400,119,167,1400,1400,118,1400,100
488,1400,160,99,127,162,146,709,115,1396,127,1400,1400,106,167,369,463,174,1400,841,1400,1400,382,1399,118,186,1400,1400,123,1400,100
489,1400,172,96,126,162,146,725,107,1391,120,1400,1400,99,172,370,412,186,1400,844,1400,1400,380,1394,119,240,1399,1400,117,1400,100
490,1400,176,67,109,162,143,700,72,1381,99,1379,1400,79,156,353,358,184,1398,841,1400,1400,369,1362,89,287,1393,1400,97,1400,77
491,1400,182,43,102,164,137,680,51,1378,75,1360,1400,94,154,343,312,180,1399,839,1400,1397,360,1348,84,571,1392,1400,70,1400,49
492,1400,181,15,84,161,111,651,25,1365,23,1327,1400,81,128,312,220,160,1387,821,1400,1397,348,1304,76,843,1374,1400,34,1391,36
493,1400,195,16,51,159,110,622,17,1352,13,1298,1400,80,107,271,164,122,1376,814,1400,1395,330,1279,77,1195,1368,1400,16,1381,17
494,1400,171,9,15,154,94,574,10,1335,13,1243,1400,59,45,213,72,95,1368,795,1400,1393,283,1236,29,1400,1344,1400,6,1364,14
495,1400,194,16,19,151,91,556,32,1324,16,1209,1400,57,17,163,9,93,1360,780,1387,1395,267,1215,31,1400,1317,1400,14,1371,15
496,1400,207,15,16,142,85,497,20,1303,15,1160,1400,45,16,88,2,69,1344,760,1387,1399,222,1171,29,1400,1283,1400,15,1346,16
497,1400,269,18,16,144,105,466,57,1291,33,1143,1400,90,23,23,4,71,1334,771,1384,1399,181,1154,39,1400,1258,1400,15,1340,15
498,1400,317,17,18,149,115,429,49,1280,17,1114,1400,79,18,18,9,53,1324,768,1378,1400,144,1126,25,1400,1242,1400,19,1325,14
499,1400,365,16,14,151,134,411,49,1267,17,1102,1400,96,16,16,1,38,1307,763,1375,1400,118,1091,37,1400,1226,1400,16,1324,14
