bin_idx,timestamp,median_speed_kmh,n_samples
0,2015-04-01 00:00:00,22.15360330578943,6480
1,2015-04-01 00:30:00,22.460238938470503,5001
2,2015-04-01 01:00:00,22.414874535773563,4016
3,2015-04-01 01:30:00,22.760966952199208,2944
4,2015-04-01 02:00:00,22.582033678573115,2097
5,2015-04-01 02:30:00,23.092521246431904,1117
6,2015-04-01 03:00:00,22.945733976212885,760
7,2015-04-01 03:30:00,23.773018016648624,551
8,2015-04-01 04:00:00,23.832413691884522,484
9,2015-04-01 04:30:00,27.594353290923785,658
10,2015-04-01 05:00:00,28.954758243986376,1677
11,2015-04-01 05:30:00,29.628566072821233,2915
12,2015-04-01 06:00:00,26.396268579671442,4716
13,2015-04-01 06:30:00,20.692675515226906,6799
14,2015-04-01 07:00:00,16.063697195856562,7238
15,2015-04-01 07:30:00,13.898045439345445,7664
16,2015-04-01 08:00:00,13.725021848486985,8112
17,2015-04-01 08:30:00,14.748966557831338,8961
18,2015-04-01 09:00:00,15.69395730515228,9970
19,2015-04-01 09:30:00,16.008218251976317,10562
20,2015-04-01 10:00:00,16.48322885254722,10501
21,2015-04-01 10:30:00,16.73860320378861,10167
22,2015-04-01 11:00:00,17.095502412026796,10056
23,2015-04-01 11:30:00,17.501746627429526,10180
24,2015-04-01 12:00:00,17.660093667203867,10036
25,2015-04-01 12:30:00,17.65866705848946,10643
26,2015-04-01 13:00:00,16.7329571493741,11346
27,2015-04-01 13:30:00,16.03871950542741,11463
28,2015-04-01 14:00:00,16.058266712162613,11205
29,2015-04-01 14:30:00,15.866134762535633,11046
30,2015-04-01 15:00:00,15.463261147906957,10885
31,2015-04-01 15:30:00,15.4131974736135,10517
32,2015-04-01 16:00:00,15.381761496547588,10179
33,2015-04-01 16:30:00,14.951606360136756,9837
34,2015-04-01 17:00:00,13.632820155466986,9778
35,2015-04-01 17:30:00,13.236691127788362,9351
36,2015-04-01 18:00:00,13.563191476924905,9233
37,2015-04-01 18:30:00,14.899962700954209,9392
38,2015-04-01 19:00:00,16.571898253278484,10421
39,2015-04-01 19:30:00,17.89672282247359,10618
40,2015-04-01 20:00:00,18.447366443631935,11117
41,2015-04-01 20:30:00,18.969174833960174,11103
42,2015-04-01 21:00:00,19.406673169592192,11062
43,2015-04-01 21:30:00,20.162569123367035,10602
44,2015-04-01 22:00:00,20.84891822941175,10215
45,2015-04-01 22:30:00,21.942808768241523,9419
46,2015-04-01 23:00:00,22.609083381218866,8491
47,2015-04-01 23:30:00,22.64384295182654,6497
48,2015-04-02 00:00:00,21.59438292179224,6145
49,2015-04-02 00:30:00,21.604903688050655,4695
50,2015-04-02 01:00:00,22.180689257462706,4052
51,2015-04-02 01:30:00,22.178337938706356,3098
52,2015-04-02 02:00:00,22.407679462326744,2005
53,2015-04-02 02:30:00,22.76715391835734,1155
54,2015-04-02 03:00:00,23.47235553251447,789
55,2015-04-02 03:30:00,23.55261795276346,577
56,2015-04-02 04:00:00,23.565159101275853,538
57,2015-04-02 04:30:00,27.154765817466362,748
58,2015-04-02 05:00:00,29.182721273683704,1872
59,2015-04-02 05:30:00,29.024427810720617,3094
60,2015-04-02 06:00:00,25.77530763574681,4597
61,2015-04-02 06:30:00,20.057283762664373,6853
62,2015-04-02 07:00:00,15.851127749039762,7223
63,2015-04-02 07:30:00,13.859532722004065,7608
64,2015-04-02 08:00:00,13.669776469343624,8365
65,2015-04-02 08:30:00,14.792921835073907,9020
66,2015-04-02 09:00:00,15.622830667071025,10066
67,2015-04-02 09:30:00,16.147036778105885,10716
68,2015-04-02 10:00:00,16.208506811630127,10511
69,2015-04-02 10:30:00,16.19777627183113,8780
70,2015-04-02 11:00:00,17.13542878767732,10055
71,2015-04-02 11:30:00,17.45962601287058,10287
72,2015-04-02 12:00:00,17.957160650788502,10372
73,2015-04-02 12:30:00,17.578171302837823,10815
74,2015-04-02 13:00:00,16.764597617390073,11584
75,2015-04-02 13:30:00,16.124835959324844,11713
76,2015-04-02 14:00:00,15.975256016367918,11364
77,2015-04-02 14:30:00,15.964945049452671,11172
78,2015-04-02 15:00:00,15.668610210393105,11019
79,2015-04-02 15:30:00,15.432536671063717,10804
80,2015-04-02 16:00:00,15.379966364514782,10378
81,2015-04-02 16:30:00,13.913862084623831,10566
82,2015-04-02 17:00:00,12.312505711790617,8936
83,2015-04-02 17:30:00,12.326505584289542,8264
84,2015-04-02 18:00:00,13.010377108189001,8014
85,2015-04-02 18:30:00,14.121059332198731,8461
86,2015-04-02 19:00:00,15.533003027246613,9339
87,2015-04-02 19:30:00,15.368214079446195,9785
88,2015-04-02 20:00:00,16.250232473682303,10047
89,2015-04-02 20:30:00,17.001099287318752,10080
90,2015-04-02 21:00:00,17.271735354080512,10035
91,2015-04-02 21:30:00,18.76449666630288,9306
92,2015-04-02 22:00:00,19.928087373303278,9186
93,2015-04-02 22:30:00,21.460814075933513,8287
94,2015-04-02 23:00:00,22.700406178322442,7725
95,2015-04-02 23:30:00,22.827062246993464,6207
96,2015-04-03 00:00:00,22.76365997410333,5766
97,2015-04-03 00:30:00,21.24206391842202,4346
98,2015-04-03 01:00:00,20.72785607723166,3830
99,2015-04-03 01:30:00,20.94806840703989,2672
100,2015-04-03 02:00:00,21.225229071133654,1978
101,2015-04-03 02:30:00,21.967974974046157,1164
102,2015-04-03 03:00:00,23.411796529860755,809
103,2015-04-03 03:30:00,23.51282959484368,574
104,2015-04-03 04:00:00,26.46058677697473,570
105,2015-04-03 04:30:00,28.229425383571275,823
106,2015-04-03 05:00:00,29.50111308450326,2023
107,2015-04-03 05:30:00,29.030185548249694,3363
108,2015-04-03 06:00:00,25.39939075228234,5012
109,2015-04-03 06:30:00,20.05046945622986,7035
110,2015-04-03 07:00:00,15.816104530612204,7567
111,2015-04-03 07:30:00,14.086050078447519,8017
112,2015-04-03 08:00:00,14.107477378015135,8689
113,2015-04-03 08:30:00,15.190201075136411,9424
114,2015-04-03 09:00:00,16.220474229352874,10312
115,2015-04-03 09:30:00,16.4207035372349,10909
116,2015-04-03 10:00:00,16.70435488505116,10835
117,2015-04-03 10:30:00,16.83740341449199,10469
118,2015-04-03 11:00:00,16.914195526159904,10225
119,2015-04-03 11:30:00,17.030767196676038,10495
120,2015-04-03 12:00:00,17.578213852296454,10296
121,2015-04-03 12:30:00,17.136033651851577,10724
122,2015-04-03 13:00:00,16.303761445216185,11536
123,2015-04-03 13:30:00,15.463240406315045,11386
124,2015-04-03 14:00:00,14.895727711042554,10216
125,2015-04-03 14:30:00,15.015669327663925,10919
126,2015-04-03 15:00:00,14.703936828690457,11005
127,2015-04-03 15:30:00,14.593277678887993,10380
128,2015-04-03 16:00:00,14.733948787975109,9958
129,2015-04-03 16:30:00,14.49758180630655,9982
130,2015-04-03 17:00:00,13.423676920056176,9621
131,2015-04-03 17:30:00,13.049512874976838,9187
132,2015-04-03 18:00:00,13.4332554465423,9038
133,2015-04-03 18:30:00,14.482480787296435,9276
134,2015-04-03 19:00:00,15.859826009023227,10058
135,2015-04-03 19:30:00,16.923376287652147,10509
136,2015-04-03 20:00:00,17.346959317379756,10717
137,2015-04-03 20:30:00,17.656493148644664,10905
138,2015-04-03 21:00:00,18.055038936132622,11003
139,2015-04-03 21:30:00,18.85637780486634,10861
140,2015-04-03 22:00:00,20.00247359465064,10669
141,2015-04-03 22:30:00,21.498630533160913,9990
142,2015-04-03 23:00:00,22.35062875299122,9623
143,2015-04-03 23:30:00,22.382180365905626,7871
144,2015-04-04 00:00:00,22.17015953506083,7827
145,2015-04-04 00:30:00,22.185043533749926,6245
146,2015-04-04 01:00:00,22.526119523007118,5426
147,2015-04-04 01:30:00,22.30070333510586,4142
148,2015-04-04 02:00:00,21.928715932924565,3160
149,2015-04-04 02:30:00,22.985337562381822,1998
150,2015-04-04 03:00:00,23.412054844655053,1394
151,2015-04-04 03:30:00,23.80711901567161,1073
152,2015-04-04 04:00:00,24.733898631957068,1025
153,2015-04-04 04:30:00,27.30378887505271,1309
154,2015-04-04 05:00:00,27.790823560089965,2847
155,2015-04-04 05:30:00,26.74969688676491,4218
156,2015-04-04 06:00:00,23.990624988781242,5329
157,2015-04-04 06:30:00,22.809717999744123,5772
158,2015-04-04 07:00:00,21.772325212312204,5994
159,2015-04-04 07:30:00,20.823776333614553,6946
160,2015-04-04 08:00:00,19.52012994669773,8045
161,2015-04-04 08:30:00,18.542287331363955,9104
162,2015-04-04 09:00:00,18.64464778815642,8871
163,2015-04-04 09:30:00,18.10349594344232,9511
164,2015-04-04 10:00:00,17.75766364758785,9681
165,2015-04-04 10:30:00,17.87109035946524,9559
166,2015-04-04 11:00:00,18.12830337722992,9654
167,2015-04-04 11:30:00,18.154502108133354,9849
168,2015-04-04 12:00:00,18.157205516274747,10061
169,2015-04-04 12:30:00,17.828133233752798,10619
170,2015-04-04 13:00:00,17.401615669940284,10735
171,2015-04-04 13:30:00,17.087761823504103,10736
172,2015-04-04 14:00:00,16.677671274606855,10687
173,2015-04-04 14:30:00,16.502521366149374,10604
174,2015-04-04 15:00:00,16.689875311324826,9953
175,2015-04-04 15:30:00,16.942982927641943,9838
176,2015-04-04 16:00:00,17.44716793046461,9970
177,2015-04-04 16:30:00,17.49023162823115,9769
178,2015-04-04 17:00:00,17.5334320357588,10646
179,2015-04-04 17:30:00,17.710513005454484,10582
180,2015-04-04 18:00:00,17.646414640978737,10316
181,2015-04-04 18:30:00,18.29081000050884,9348
182,2015-04-04 19:00:00,18.5029907942941,9483
183,2015-04-04 19:30:00,18.38408076105753,9786
184,2015-04-04 20:00:00,18.456997434007146,9659
185,2015-04-04 20:30:00,18.796570544321305,9442
186,2015-04-04 21:00:00,18.657855787184296,10085
187,2015-04-04 21:30:00,19.619796187935858,9105
188,2015-04-04 22:00:00,20.58336282165652,8720
189,2015-04-04 22:30:00,21.410793886208545,8038
190,2015-04-04 23:00:00,22.33718887467289,7290
191,2015-04-04 23:30:00,22.66231385044817,5627
192,2015-04-05 00:00:00,22.78556274022991,5488
193,2015-04-05 00:30:00,22.753882564078346,4248
194,2015-04-05 01:00:00,23.019326374953444,3412
195,2015-04-05 01:30:00,23.053523442310592,2666
196,2015-04-05 02:00:00,22.789489177851102,1865
197,2015-04-05 02:30:00,23.56579707773902,1171
198,2015-04-05 03:00:00,23.548322472606685,847
199,2015-04-05 03:30:00,23.188170586487274,648
200,2015-04-05 04:00:00,23.917482133972875,711
201,2015-04-05 04:30:00,24.16087608406435,1040
202,2015-04-05 05:00:00,24.629632582493258,2307
203,2015-04-05 05:30:00,23.22911732729554,3696
204,2015-04-05 06:00:00,21.731920638009775,4832
205,2015-04-05 06:30:00,20.983061608824002,5310
206,2015-04-05 07:00:00,20.93575211383638,4978
207,2015-04-05 07:30:00,20.83932303621803,5573
208,2015-04-05 08:00:00,21.274233198005753,6279
209,2015-04-05 08:30:00,20.36846942213023,6963
210,2015-04-05 09:00:00,19.708607704076865,7705
211,2015-04-05 09:30:00,19.93273842977913,7978
212,2015-04-05 10:00:00,19.41869685529431,7991
213,2015-04-05 10:30:00,19.29084876422579,8349
214,2015-04-05 11:00:00,19.2013333009304,8367
215,2015-04-05 11:30:00,19.16204251152421,8762
216,2015-04-05 12:00:00,19.316297437398013,8835
217,2015-04-05 12:30:00,19.01120186856923,9264
218,2015-04-05 13:00:00,18.441906768771567,9776
219,2015-04-05 13:30:00,18.073483954020837,10086
220,2015-04-05 14:00:00,17.92141381723171,9910
221,2015-04-05 14:30:00,17.879965986382537,9503
222,2015-04-05 15:00:00,18.21687092768456,9274
223,2015-04-05 15:30:00,18.212402553485948,9078
224,2015-04-05 16:00:00,18.299328905759968,9201
225,2015-04-05 16:30:00,18.24658389702102,9377
226,2015-04-05 17:00:00,18.361980323981847,10216
227,2015-04-05 17:30:00,18.450655795009776,9655
228,2015-04-05 18:00:00,18.482598489428856,9169
229,2015-04-05 18:30:00,18.05035171238186,9391
230,2015-04-05 19:00:00,17.420048859072242,10111
231,2015-04-05 19:30:00,17.554186254861094,10068
232,2015-04-05 20:00:00,17.815712158551776,9899
233,2015-04-05 20:30:00,18.470030452661927,9301
234,2015-04-05 21:00:00,18.955845374894395,8925
235,2015-04-05 21:30:00,19.10864068106854,8633
236,2015-04-05 22:00:00,18.257263054560816,8016
237,2015-04-05 22:30:00,18.866679912362443,7155
238,2015-04-05 23:00:00,19.740619208476147,6750
239,2015-04-05 23:30:00,20.57188505713748,5312
240,2015-04-06 00:00:00,20.526773031547094,4984
241,2015-04-06 00:30:00,20.93916398556665,3996
242,2015-04-06 01:00:00,21.40477379537979,3294
243,2015-04-06 01:30:00,20.704016991389103,2388
244,2015-04-06 02:00:00,21.63269514488632,1838
245,2015-04-06 02:30:00,22.924988259576445,1155
246,2015-04-06 03:00:00,22.547475527238362,816
247,2015-04-06 03:30:00,21.255161861446286,589
248,2015-04-06 04:00:00,23.308680494162992,548
249,2015-04-06 04:30:00,25.24529470140986,700
250,2015-04-06 05:00:00,25.68576526432938,1697
251,2015-04-06 05:30:00,26.357504441492377,2467
252,2015-04-06 06:00:00,24.768988965209996,3294
253,2015-04-06 06:30:00,23.43262132138005,4107
254,2015-04-06 07:00:00,22.45972540609955,4900
255,2015-04-06 07:30:00,21.46754524286984,5870
256,2015-04-06 08:00:00,20.803319982459783,6814
257,2015-04-06 08:30:00,19.95269692814057,7628
258,2015-04-06 09:00:00,19.41974858280509,7590
259,2015-04-06 09:30:00,18.868281651046836,8208
260,2015-04-06 10:00:00,18.525533712425094,8270
261,2015-04-06 10:30:00,18.338327043277857,8661
262,2015-04-06 11:00:00,18.162823324122094,9100
263,2015-04-06 11:30:00,18.471469715663343,9211
264,2015-04-06 12:00:00,18.815432911601356,9301
265,2015-04-06 12:30:00,18.25459470908615,9617
266,2015-04-06 13:00:00,17.832472629714772,9924
267,2015-04-06 13:30:00,17.4979364496586,10209
268,2015-04-06 14:00:00,17.124613546122745,10010
269,2015-04-06 14:30:00,16.6498188613878,10140
270,2015-04-06 15:00:00,15.892447953642463,10687
271,2015-04-06 15:30:00,15.853992206259448,10375
272,2015-04-06 16:00:00,16.544422824048343,9923
273,2015-04-06 16:30:00,16.495215313804753,10049
274,2015-04-06 17:00:00,16.408860380205265,10527
275,2015-04-06 17:30:00,16.918322242654906,9918
276,2015-04-06 18:00:00,16.863838526538906,9288
277,2015-04-06 18:30:00,16.85962743555733,9406
278,2015-04-06 19:00:00,17.611405306795746,9570
279,2015-04-06 19:30:00,17.882573997735342,9449
280,2015-04-06 20:00:00,18.11865620169661,9463
281,2015-04-06 20:30:00,18.41005177188549,9302
282,2015-04-06 21:00:00,18.976684309415614,9008
283,2015-04-06 21:30:00,20.315188758916342,8334
284,2015-04-06 22:00:00,21.095603701348857,8186
285,2015-04-06 22:30:00,21.809173877967165,7369
286,2015-04-06 23:00:00,22.31992934516213,7279
287,2015-04-06 23:30:00,21.86291572411692,5862
288,2015-04-07 00:00:00,20.93291210858164,5784
289,2015-04-07 00:30:00,21.43899644210307,4168
290,2015-04-07 01:00:00,21.154945457109267,3342
291,2015-04-07 01:30:00,21.309062988577395,2382
292,2015-04-07 02:00:00,22.81724902526054,1738
293,2015-04-07 02:30:00,23.411013442470896,888
294,2015-04-07 03:00:00,22.718152421234574,551
295,2015-04-07 03:30:00,22.372550843869263,356
296,2015-04-07 04:00:00,24.43666994262543,406
297,2015-04-07 04:30:00,26.850649234432534,621
298,2015-04-07 05:00:00,28.879245449559257,1724
299,2015-04-07 05:30:00,29.37105992423193,3156
300,2015-04-07 06:00:00,25.39252709534141,4976
301,2015-04-07 06:30:00,19.994701293710648,6848
302,2015-04-07 07:00:00,15.511914200100072,7395
303,2015-04-07 07:30:00,13.442733424755177,7446
304,2015-04-07 08:00:00,13.624843662734042,7995
305,2015-04-07 08:30:00,14.833533477559033,8722
306,2015-04-07 09:00:00,16.193438311982774,9980
307,2015-04-07 09:30:00,16.83768715289392,10410
308,2015-04-07 10:00:00,17.037056447196992,10269
309,2015-04-07 10:30:00,17.553376212226166,10055
310,2015-04-07 11:00:00,17.923570017062104,9572
311,2015-04-07 11:30:00,17.418040128772923,10471
312,2015-04-07 12:00:00,17.73746560949271,10169
313,2015-04-07 12:30:00,17.220925305018895,10684
314,2015-04-07 13:00:00,15.855784391949774,11203
315,2015-04-07 13:30:00,15.151651067981382,11456
316,2015-04-07 14:00:00,15.290561348268392,10941
317,2015-04-07 14:30:00,15.189699580899457,10682
318,2015-04-07 15:00:00,14.631895947204026,10582
319,2015-04-07 15:30:00,14.325177085597192,10217
320,2015-04-07 16:00:00,14.420408677221712,9970
321,2015-04-07 16:30:00,13.725086971020765,9550
322,2015-04-07 17:00:00,11.821507243649668,9017
323,2015-04-07 17:30:00,11.356365014576827,8146
324,2015-04-07 18:00:00,11.713381838616677,7838
325,2015-04-07 18:30:00,12.978792296310719,8143
326,2015-04-07 19:00:00,14.63253428409271,8904
327,2015-04-07 19:30:00,16.34645657797477,9663
328,2015-04-07 20:00:00,17.801985891015462,9940
329,2015-04-07 20:30:00,18.883269702299543,9747
330,2015-04-07 21:00:00,19.620948788902446,9677
331,2015-04-07 21:30:00,20.502508500981193,9208
332,2015-04-07 22:00:00,21.33153905178197,9051
333,2015-04-07 22:30:00,21.983003978164398,8046
334,2015-04-07 23:00:00,22.849679366492794,7136
335,2015-04-07 23:30:00,23.003560375282206,5621
336,2015-04-08 00:00:00,22.35455244006303,5274
337,2015-04-08 00:30:00,22.840341436741614,3904
338,2015-04-08 01:00:00,22.901567611698646,3328
339,2015-04-08 01:30:00,22.430103501157124,2369
340,2015-04-08 02:00:00,22.663775827183553,1638
341,2015-04-08 02:30:00,23.09074589150617,907
342,2015-04-08 03:00:00,22.858057287238353,690
343,2015-04-08 03:30:00,23.645301224314856,445
344,2015-04-08 04:00:00,25.20839677511414,492
345,2015-04-08 04:30:00,26.080761576736993,658
346,2015-04-08 05:00:00,29.69665005418358,1604
347,2015-04-08 05:30:00,29.94108191512699,2861
348,2015-04-08 06:00:00,26.49516104846357,4678
349,2015-04-08 06:30:00,20.941206854856755,6899
350,2015-04-08 07:00:00,16.10502976992906,7442
351,2015-04-08 07:30:00,14.179670150448427,7776
352,2015-04-08 08:00:00,13.845192087037166,8476
353,2015-04-08 08:30:00,14.703815573851656,9177
354,2015-04-08 09:00:00,15.548479464528878,10335
355,2015-04-08 09:30:00,16.002664727660118,10745
356,2015-04-08 10:00:00,16.307532836030386,10587
357,2015-04-08 10:30:00,16.82237441727144,10272
358,2015-04-08 11:00:00,17.229644815865996,9840
359,2015-04-08 11:30:00,17.457771321453606,9931
360,2015-04-08 12:00:00,17.757177265480344,9742
361,2015-04-08 12:30:00,17.494935089179414,10330
362,2015-04-08 13:00:00,16.612113741566816,11221
363,2015-04-08 13:30:00,15.850489884909809,11299
364,2015-04-08 14:00:00,15.664624212423828,11217
365,2015-04-08 14:30:00,15.613268961699925,10781
366,2015-04-08 15:00:00,15.115919621400696,10947
367,2015-04-08 15:30:00,14.794949877112483,10570
368,2015-04-08 16:00:00,14.84635507708058,10117
369,2015-04-08 16:30:00,14.422760907432334,9727
370,2015-04-08 17:00:00,13.376241065042954,9757
371,2015-04-08 17:30:00,12.94642940972259,9029
372,2015-04-08 18:00:00,13.704996393136469,9083
373,2015-04-08 18:30:00,14.777599090755363,9248
374,2015-04-08 19:00:00,16.573218697235305,10035
375,2015-04-08 19:30:00,17.792039165447687,10412
376,2015-04-08 20:00:00,18.43706865047259,10963
377,2015-04-08 20:30:00,18.70964039514561,11007
378,2015-04-08 21:00:00,19.26221927872298,11126
379,2015-04-08 21:30:00,19.979241719272665,10375
380,2015-04-08 22:00:00,20.83106183211469,10274
381,2015-04-08 22:30:00,22.04404360740463,9072
382,2015-04-08 23:00:00,22.695413626503626,8335
383,2015-04-08 23:30:00,22.797466852756358,6544
384,2015-04-09 00:00:00,22.322101817471175,6073
385,2015-04-09 00:30:00,22.467502445644826,4638
386,2015-04-09 01:00:00,22.825988200591276,3769
387,2015-04-09 01:30:00,22.765678171495278,2775
388,2015-04-09 02:00:00,22.970906279171178,1877
389,2015-04-09 02:30:00,22.98693413443382,999
390,2015-04-09 03:00:00,23.704818234174084,648
391,2015-04-09 03:30:00,22.87494148530861,476
392,2015-04-09 04:00:00,24.63378172228239,431
393,2015-04-09 04:30:00,26.92508293404697,566
394,2015-04-09 05:00:00,29.619805890542615,1594
395,2015-04-09 05:30:00,29.98792027169498,2685
396,2015-04-09 06:00:00,26.238544730245174,4396
397,2015-04-09 06:30:00,20.367609817264622,6610
398,2015-04-09 07:00:00,16.11969360378006,7330
399,2015-04-09 07:30:00,13.993717460454613,7617
400,2015-04-09 08:00:00,13.723614856631308,8336
401,2015-04-09 08:30:00,14.714838244201136,8980
402,2015-04-09 09:00:00,15.547053653741342,10151
403,2015-04-09 09:30:00,15.987296372291146,10563
404,2015-04-09 10:00:00,16.283542589861447,10330
405,2015-04-09 10:30:00,16.573339003074203,10004
406,2015-04-09 11:00:00,17.0942298719899,9711
407,2015-04-09 11:30:00,17.38940030205211,9916
408,2015-04-09 12:00:00,17.670025096316706,9808
409,2015-04-09 12:30:00,17.176570648105965,10254
410,2015-04-09 13:00:00,16.13586707029784,11167
411,2015-04-09 13:30:00,15.45160413947965,11315
412,2015-04-09 14:00:00,15.421017747756945,10939
413,2015-04-09 14:30:00,15.317186293434842,10804
414,2015-04-09 15:00:00,15.074505055120197,10847
415,2015-04-09 15:30:00,14.866461843473674,10691
416,2015-04-09 16:00:00,14.728738916565355,10094
417,2015-04-09 16:30:00,14.232303186215994,9839
418,2015-04-09 17:00:00,13.158773152888264,9245
419,2015-04-09 17:30:00,13.067540766762686,8854
420,2015-04-09 18:00:00,13.795009941646088,8723
421,2015-04-09 18:30:00,15.269128836367692,9239
422,2015-04-09 19:00:00,17.02103694442213,9964
423,2015-04-09 19:30:00,18.14129585801136,10354
424,2015-04-09 20:00:00,18.497636520338848,10755
425,2015-04-09 20:30:00,18.834076538022067,10638
426,2015-04-09 21:00:00,19.49060064940345,10773
427,2015-04-09 21:30:00,20.241640835417435,10268
428,2015-04-09 22:00:00,21.068791759677104,10036
429,2015-04-09 22:30:00,22.028846289258542,9247
430,2015-04-09 23:00:00,22.760149347845505,8260
431,2015-04-09 23:30:00,22.72584376479603,6561
432,2015-04-10 00:00:00,21.58676091157985,5989
433,2015-04-10 00:30:00,21.73034297468347,4599
434,2015-04-10 01:00:00,22.123761786559236,3780
435,2015-04-10 01:30:00,21.984896736458666,2767
436,2015-04-10 02:00:00,21.908922018190687,1867
437,2015-04-10 02:30:00,22.577200081510018,1035
438,2015-04-10 03:00:00,22.25132846291627,705
439,2015-04-10 03:30:00,23.081849986044226,497
440,2015-04-10 04:00:00,23.219640546633006,476
441,2015-04-10 04:30:00,27.160898695371337,615
442,2015-04-10 05:00:00,29.39342987498723,1709
443,2015-04-10 05:30:00,27.943280188888806,3043
444,2015-04-10 06:00:00,25.539342651173076,4605
445,2015-04-10 06:30:00,20.458706623694034,6817
446,2015-04-10 07:00:00,15.820420012876484,7639
447,2015-04-10 07:30:00,14.015750900137363,7814
448,2015-04-10 08:00:00,13.647976780740771,8831
449,2015-04-10 08:30:00,14.631665523338834,9481
450,2015-04-10 09:00:00,15.228688898082535,10440
451,2015-04-10 09:30:00,15.570048414195792,10890
452,2015-04-10 10:00:00,15.997079864175335,10897
453,2015-04-10 10:30:00,16.063272503033414,10543
454,2015-04-10 11:00:00,16.48815343830042,10326
455,2015-04-10 11:30:00,16.807435452318,10471
456,2015-04-10 12:00:00,17.248301877529276,10353
457,2015-04-10 12:30:00,17.03414996854635,10620
458,2015-04-10 13:00:00,16.136604744790333,11274
459,2015-04-10 13:30:00,15.259151950698676,11431
460,2015-04-10 14:00:00,14.89940841906791,11368
461,2015-04-10 14:30:00,14.573812476600908,10957
462,2015-04-10 15:00:00,14.452698187581488,10926
463,2015-04-10 15:30:00,14.401085345765846,10547
464,2015-04-10 16:00:00,14.406641356621636,10537
465,2015-04-10 16:30:00,13.951731029622087,10037
466,2015-04-10 17:00:00,12.773417866000209,9608
467,2015-04-10 17:30:00,12.600671457388021,9151
468,2015-04-10 18:00:00,12.978645581224868,9098
469,2015-04-10 18:30:00,14.067886984005906,9450
470,2015-04-10 19:00:00,15.610989676979845,10115
471,2015-04-10 19:30:00,16.5372226299518,10704
472,2015-04-10 20:00:00,16.958613357476118,11196
473,2015-04-10 20:30:00,17.181334937467756,11325
474,2015-04-10 21:00:00,17.66472044776213,11472
475,2015-04-10 21:30:00,18.38500895225007,11003
476,2015-04-10 22:00:00,19.12010441689856,10938
477,2015-04-10 22:30:00,20.799990870881828,10422
478,2015-04-10 23:00:00,22.106531281219688,10340
479,2015-04-10 23:30:00,22.15577379095724,8650
480,2015-04-11 00:00:00,21.321652692811952,8632
481,2015-04-11 00:30:00,21.340258498322566,6912
482,2015-04-11 01:00:00,21.42862397736162,6093
483,2015-04-11 01:30:00,21.440295606202586,4585
484,2015-04-11 02:00:00,21.523635535388244,3442
485,2015-04-11 02:30:00,22.145800342320932,2056
486,2015-04-11 03:00:00,22.86968527882997,1564
487,2015-04-11 03:30:00,23.33250745901284,1081
488,2015-04-11 04:00:00,23.337800034941182,908
489,2015-04-11 04:30:00,25.421267882921526,919
490,2015-04-11 05:00:00,27.52072864283455,2050
491,2015-04-11 05:30:00,28.123013755861436,3295
492,2015-04-11 06:00:00,26.872523195374736,4225
493,2015-04-11 06:30:00,24.69779517619414,5147
494,2015-04-11 07:00:00,23.012079810997665,6253
495,2015-04-11 07:30:00,20.972509935938103,7926
496,2015-04-11 08:00:00,19.246784987258422,9443
497,2015-04-11 08:30:00,17.433734526185614,10161
498,2015-04-11 09:00:00,16.64462997335356,9920
499,2015-04-11 09:30:00,15.66239721525584,10530
500,2015-04-11 10:00:00,15.079245043335092,10191
501,2015-04-11 10:30:00,15.162752768395347,10280
502,2015-04-11 11:00:00,15.121568197075987,10212
503,2015-04-11 11:30:00,15.306476906597538,10140
504,2015-04-11 12:00:00,15.546997223824787,10592
505,2015-04-11 12:30:00,15.170631105623093,10837
506,2015-04-11 13:00:00,14.974712013785762,10990
507,2015-04-11 13:30:00,14.573423710641503,11250
508,2015-04-11 14:00:00,14.371326162837637,10950
509,2015-04-11 14:30:00,14.169419596528888,10842
510,2015-04-11 15:00:00,14.235621723309963,10605
511,2015-04-11 15:30:00,14.474315157898427,10504
512,2015-04-11 16:00:00,14.660822262354742,10856
513,2015-04-11 16:30:00,14.839199901267282,10960
514,2015-04-11 17:00:00,14.737471298321848,11095
515,2015-04-11 17:30:00,15.041160985407407,10954
516,2015-04-11 18:00:00,15.750716423409823,10623
517,2015-04-11 18:30:00,16.60439321279908,10394
518,2015-04-11 19:00:00,17.306130060357223,10435
519,2015-04-11 19:30:00,17.496555223115656,10743
520,2015-04-11 20:00:00,17.37963125961678,11148
521,2015-04-11 20:30:00,17.315337764134554,11307
522,2015-04-11 21:00:00,17.608092347115225,11155
523,2015-04-11 21:30:00,18.240751372893495,10844
524,2015-04-11 22:00:00,19.389982153717213,10563
525,2015-04-11 22:30:00,20.5412718449227,9836
526,2015-04-11 23:00:00,21.261800488243594,9660
527,2015-04-11 23:30:00,21.579657640838406,7658
528,2015-04-12 00:00:00,21.463740940914114,7166
529,2015-04-12 00:30:00,21.549238584770357,5549
530,2015-04-12 01:00:00,22.02253659475218,4868
531,2015-04-12 01:30:00,21.818373778601984,3859
532,2015-04-12 02:00:00,22.263193072429065,3094
533,2015-04-12 02:30:00,22.62533445527607,2191
534,2015-04-12 03:00:00,22.886604120912885,1346
535,2015-04-12 03:30:00,23.12295025283708,1039
536,2015-04-12 04:00:00,24.366815793257814,776
537,2015-04-12 04:30:00,25.77213652049093,871
538,2015-04-12 05:00:00,27.60687347455305,1793
539,2015-04-12 05:30:00,28.13059314288352,2470
540,2015-04-12 06:00:00,26.766937854233284,3180
541,2015-04-12 06:30:00,25.572491963985648,3634
542,2015-04-12 07:00:00,24.227509636540045,4679
543,2015-04-12 07:30:00,22.43337973976018,6070
544,2015-04-12 08:00:00,20.999481537357088,7737
545,2015-04-12 08:30:00,19.52663362653735,8652
546,2015-04-12 09:00:00,18.70013718174284,9145
547,2015-04-12 09:30:00,17.833670119998285,9838
548,2015-04-12 10:00:00,17.440491892249735,10010
549,2015-04-12 10:30:00,17.16444796653119,9977
550,2015-04-12 11:00:00,17.057598640573854,10446
551,2015-04-12 11:30:00,17.182076219393874,10432
552,2015-04-12 12:00:00,17.293948443086272,10718
553,2015-04-12 12:30:00,16.839047958599192,10817
554,2015-04-12 13:00:00,16.662740900098186,11118
555,2015-04-12 13:30:00,16.078592155458942,11237
556,2015-04-12 14:00:00,15.83806726093822,10968
557,2015-04-12 14:30:00,15.36555995605562,10984
558,2015-04-12 15:00:00,15.50971453211922,10857
559,2015-04-12 15:30:00,15.699718119302027,10814
560,2015-04-12 16:00:00,15.874341483619016,10884
561,2015-04-12 16:30:00,16.116659277691372,10754
562,2015-04-12 17:00:00,16.23495170893953,11167
563,2015-04-12 17:30:00,16.580762220105385,11016
564,2015-04-12 18:00:00,17.0328018099206,10499
565,2015-04-12 18:30:00,17.433606723971362,10222
566,2015-04-12 19:00:00,17.941593743103663,10354
567,2015-04-12 19:30:00,17.92818672006969,10492
568,2015-04-12 20:00:00,17.816765054600825,10773
569,2015-04-12 20:30:00,18.196644357707974,10717
570,2015-04-12 21:00:00,18.897287721734696,10615
571,2015-04-12 21:30:00,19.748689168036975,9860
572,2015-04-12 22:00:00,20.449932012499563,9437
573,2015-04-12 22:30:00,21.177352465702437,8781
574,2015-04-12 23:00:00,21.557716889700046,7940
575,2015-04-12 23:30:00,21.31585387467258,6101
576,2015-04-13 00:00:00,21.741204774971784,5809
577,2015-04-13 00:30:00,21.90299906033893,4231
578,2015-04-13 01:00:00,22.16204818703939,3463
579,2015-04-13 01:30:00,22.3539970067814,2407
580,2015-04-13 02:00:00,22.82686032051414,1710
581,2015-04-13 02:30:00,22.91963173167852,893
582,2015-04-13 03:00:00,22.1391677651605,548
583,2015-04-13 03:30:00,23.425880190202328,393
584,2015-04-13 04:00:00,24.73664229026454,402
585,2015-04-13 04:30:00,28.360522286925637,594
586,2015-04-13 05:00:00,29.60012202707703,1758
587,2015-04-13 05:30:00,30.053582052793665,3118
588,2015-04-13 06:00:00,25.75974989116371,4931
589,2015-04-13 06:30:00,20.116584827316384,6913
590,2015-04-13 07:00:00,15.337948521784092,7278
591,2015-04-13 07:30:00,13.126296407723729,7399
592,2015-04-13 08:00:00,13.0041080645821,7741
593,2015-04-13 08:30:00,14.02592399306596,8597
594,2015-04-13 09:00:00,15.475313027161853,9728
595,2015-04-13 09:30:00,16.01881665117716,10472
596,2015-04-13 10:00:00,16.648345577661686,10314
597,2015-04-13 10:30:00,16.98374761705226,9932
598,2015-04-13 11:00:00,17.554966264082815,9543
599,2015-04-13 11:30:00,18.207327115621663,9720
600,2015-04-13 12:00:00,18.44558834824231,9742
601,2015-04-13 12:30:00,17.8730989359537,10149
602,2015-04-13 13:00:00,16.609054658897517,11264
603,2015-04-13 13:30:00,15.701756076809025,11957
604,2015-04-13 14:00:00,15.889763916247151,10735
605,2015-04-13 14:30:00,15.918738615317869,10648
606,2015-04-13 15:00:00,15.598874592874607,10765
607,2015-04-13 15:30:00,15.18845348844499,10257
608,2015-04-13 16:00:00,15.158245635968228,10070
609,2015-04-13 16:30:00,14.7377618505906,10211
610,2015-04-13 17:00:00,13.411382184485369,8878
611,2015-04-13 17:30:00,13.455777091445839,9148
612,2015-04-13 18:00:00,14.021616721223015,9179
613,2015-04-13 18:30:00,15.29682431577863,9593
614,2015-04-13 19:00:00,16.919008896564502,10235
615,2015-04-13 19:30:00,18.128490302773628,10549
616,2015-04-13 20:00:00,18.533887850374633,10867
617,2015-04-13 20:30:00,18.577689403829638,10914
618,2015-04-13 21:00:00,18.286877912943513,11339
619,2015-04-13 21:30:00,19.413940001200498,10151
620,2015-04-13 22:00:00,20.895953689594855,9493
621,2015-04-13 22:30:00,21.936162673683768,8572
622,2015-04-13 23:00:00,22.598684561717256,7592
623,2015-04-13 23:30:00,22.076903752105,5843
624,2015-04-14 00:00:00,21.552353032274,5573
625,2015-04-14 00:30:00,21.96210287875306,4298
626,2015-04-14 01:00:00,21.60652484690896,3495
627,2015-04-14 01:30:00,21.133754375470282,2416
628,2015-04-14 02:00:00,20.70416405597878,1703
629,2015-04-14 02:30:00,21.055608334183965,883
630,2015-04-14 03:00:00,21.122119143624328,621
631,2015-04-14 03:30:00,21.33415653241687,433
632,2015-04-14 04:00:00,22.61428770394069,445
633,2015-04-14 04:30:00,25.313202674031473,610
634,2015-04-14 05:00:00,27.535740482307006,1696
635,2015-04-14 05:30:00,28.176327608795553,2984
636,2015-04-14 06:00:00,25.3873017297574,4644
637,2015-04-14 06:30:00,19.849698244887573,6789
638,2015-04-14 07:00:00,15.569040340623317,7478
639,2015-04-14 07:30:00,13.385383333145638,7691
640,2015-04-14 08:00:00,13.097486316074194,8364
641,2015-04-14 08:30:00,14.362670015618678,9023
642,2015-04-14 09:00:00,15.464067179460619,10137
643,2015-04-14 09:30:00,16.21540264951766,10883
644,2015-04-14 10:00:00,16.352921377935342,10741
645,2015-04-14 10:30:00,16.799741662237274,10428
646,2015-04-14 11:00:00,17.159992151523923,9990
647,2015-04-14 11:30:00,17.524846777401045,10028
648,2015-04-14 12:00:00,18.180483358671903,9771
649,2015-04-14 12:30:00,17.688359451812104,10041
650,2015-04-14 13:00:00,16.656546370195464,11156
651,2015-04-14 13:30:00,15.896358949499284,11312
652,2015-04-14 14:00:00,15.564237206902309,10897
653,2015-04-14 14:30:00,15.576297325868,10835
654,2015-04-14 15:00:00,15.17616326840879,10716
655,2015-04-14 15:30:00,14.963616173631511,10462
656,2015-04-14 16:00:00,15.056293528044389,10146
657,2015-04-14 16:30:00,14.596700151308726,9699
658,2015-04-14 17:00:00,13.281499109996448,9481
659,2015-04-14 17:30:00,13.425533890357666,9389
660,2015-04-14 18:00:00,13.885915964657816,9064
661,2015-04-14 18:30:00,15.303595485592187,9427
662,2015-04-14 19:00:00,17.022113840549153,10021
663,2015-04-14 19:30:00,18.091054452151866,10536
664,2015-04-14 20:00:00,18.574822046969413,10785
665,2015-04-14 20:30:00,18.93605254577824,10797
666,2015-04-14 21:00:00,19.54043703229943,10867
667,2015-04-14 21:30:00,20.163160943298486,10422
668,2015-04-14 22:00:00,21.163682855774006,10166
669,2015-04-14 22:30:00,22.06662412515646,9126
670,2015-04-14 23:00:00,22.690870303020716,8464
671,2015-04-14 23:30:00,22.43471765053236,6730
672,2015-04-15 00:00:00,21.858345758858018,6401
673,2015-04-15 00:30:00,22.107391719271877,4874
674,2015-04-15 01:00:00,22.526688254897064,3961
675,2015-04-15 01:30:00,22.587112821527413,2921
676,2015-04-15 02:00:00,22.549452491434653,2036
677,2015-04-15 02:30:00,23.106123623336345,1122
678,2015-04-15 03:00:00,23.120782608385927,661
679,2015-04-15 03:30:00,24.1228867560324,453
680,2015-04-15 04:00:00,24.643696436040546,451
681,2015-04-15 04:30:00,28.61093315804956,619
682,2015-04-15 05:00:00,29.69037275610537,1680
683,2015-04-15 05:30:00,29.887409194059035,2991
684,2015-04-15 06:00:00,25.961297659490043,4560
685,2015-04-15 06:30:00,20.300973960668443,6836
686,2015-04-15 07:00:00,16.032403808845018,7380
687,2015-04-15 07:30:00,14.023574274866295,7885
688,2015-04-15 08:00:00,13.7922029668706,8583
689,2015-04-15 08:30:00,14.887743394508606,9433
690,2015-04-15 09:00:00,15.644274348781448,10385
691,2015-04-15 09:30:00,16.026901298671618,10849
692,2015-04-15 10:00:00,16.3378265749326,10974
693,2015-04-15 10:30:00,16.63926658984424,10469
694,2015-04-15 11:00:00,17.045138823917593,10105
695,2015-04-15 11:30:00,17.530234700441717,10256
696,2015-04-15 12:00:00,17.878001796204334,9979
697,2015-04-15 12:30:00,17.507489745581548,10639
698,2015-04-15 13:00:00,16.523809583254625,11264
699,2015-04-15 13:30:00,15.697334106140339,11423
700,2015-04-15 14:00:00,15.63261647384352,11248
701,2015-04-15 14:30:00,15.518817535235971,11045
702,2015-04-15 15:00:00,15.193236780859587,11267
703,2015-04-15 15:30:00,14.935694701891698,10864
704,2015-04-15 16:00:00,14.955172869908147,10722
705,2015-04-15 16:30:00,14.516895059423879,10131
706,2015-04-15 17:00:00,13.400344611453384,9846
707,2015-04-15 17:30:00,13.23598830455305,9262
708,2015-04-15 18:00:00,13.98288132290564,9153
709,2015-04-15 18:30:00,15.184269788140154,9594
710,2015-04-15 19:00:00,16.70327107306025,10143
711,2015-04-15 19:30:00,17.833677547675315,10557
712,2015-04-15 20:00:00,18.335721652803986,10994
713,2015-04-15 20:30:00,18.618380009982506,10871
714,2015-04-15 21:00:00,19.181598206435975,11232
715,2015-04-15 21:30:00,19.820799529295456,10587
716,2015-04-15 22:00:00,20.887649991449774,10509
717,2015-04-15 22:30:00,21.790610637391417,9457
718,2015-04-15 23:00:00,22.531932738644798,8950
719,2015-04-15 23:30:00,22.598798720642378,7275
720,2015-04-16 00:00:00,21.58098871457294,6656
721,2015-04-16 00:30:00,21.6829019479089,5167
722,2015-04-16 01:00:00,22.093097289776644,4309
723,2015-04-16 01:30:00,21.818005823306436,3220
724,2015-04-16 02:00:00,22.311466811874194,2201
725,2015-04-16 02:30:00,22.477069683442675,1221
726,2015-04-16 03:00:00,22.612696498849136,813
727,2015-04-16 03:30:00,23.46549764565014,548
728,2015-04-16 04:00:00,23.776056825397674,509
729,2015-04-16 04:30:00,24.46578525233592,747
730,2015-04-16 05:00:00,29.50445527259865,1553
731,2015-04-16 05:30:00,29.422112805654784,2996
732,2015-04-16 06:00:00,26.188909422239227,4500
733,2015-04-16 06:30:00,21.064519449327832,6898
734,2015-04-16 07:00:00,16.65233844369979,7688
735,2015-04-16 07:30:00,14.618578003846656,8133
736,2015-04-16 08:00:00,14.487324804788535,8868
737,2015-04-16 08:30:00,15.114818931288369,9534
738,2015-04-16 09:00:00,16.267484278858046,10661
739,2015-04-16 09:30:00,16.456765311751504,11135
740,2015-04-16 10:00:00,16.615459321885453,10895
741,2015-04-16 10:30:00,16.919571794622676,10344
742,2015-04-16 11:00:00,17.106374757262966,10085
743,2015-04-16 11:30:00,17.48416749318036,10351
744,2015-04-16 12:00:00,18.206524204573967,10236
745,2015-04-16 12:30:00,17.42579704270291,10489
746,2015-04-16 13:00:00,16.408332044498266,11290
747,2015-04-16 13:30:00,15.81906274816362,11538
748,2015-04-16 14:00:00,15.582602182139853,11438
749,2015-04-16 14:30:00,15.549842215359192,11250
750,2015-04-16 15:00:00,15.300448476810633,11059
751,2015-04-16 15:30:00,15.393301738868796,10856
752,2015-04-16 16:00:00,15.25593859965424,10504
753,2015-04-16 16:30:00,14.757545469875945,9929
754,2015-04-16 17:00:00,13.5127329823151,9717
755,2015-04-16 17:30:00,13.323387727051532,9459
756,2015-04-16 18:00:00,14.16185438919535,9397
757,2015-04-16 18:30:00,15.401362966719883,9564
758,2015-04-16 19:00:00,16.82047447840463,10357
759,2015-04-16 19:30:00,17.91755058585201,10642
760,2015-04-16 20:00:00,18.442668029898854,11249
761,2015-04-16 20:30:00,18.60124565945644,11131
762,2015-04-16 21:00:00,19.203663086676748,11191
763,2015-04-16 21:30:00,20.091169180358897,10549
764,2015-04-16 22:00:00,20.974294284943355,10260
765,2015-04-16 22:30:00,21.97730914546033,9388
766,2015-04-16 23:00:00,22.46054431760885,8665
767,2015-04-16 23:30:00,22.754383270890568,7039
768,2015-04-17 00:00:00,21.912050913739982,6375
769,2015-04-17 00:30:00,22.135028743412875,5052
770,2015-04-17 01:00:00,22.10865983198859,4174
771,2015-04-17 01:30:00,22.036020994509528,2994
772,2015-04-17 02:00:00,22.66795687898122,2107
773,2015-04-17 02:30:00,23.497723129322594,1126
774,2015-04-17 03:00:00,22.601659809187314,789
775,2015-04-17 03:30:00,24.141985096058296,541
776,2015-04-17 04:00:00,23.969938440498463,463
777,2015-04-17 04:30:00,27.41635203433707,656
778,2015-04-17 05:00:00,28.7128704573266,1872
779,2015-04-17 05:30:00,28.67870986050788,3269
780,2015-04-17 06:00:00,25.03929139669708,4752
781,2015-04-17 06:30:00,20.168370828521844,6756
782,2015-04-17 07:00:00,15.873907179766018,7638
783,2015-04-17 07:30:00,13.855212682637305,7990
784,2015-04-17 08:00:00,13.622662455535341,8626
785,2015-04-17 08:30:00,14.383338910159715,9466
786,2015-04-17 09:00:00,15.222444009569116,10288
787,2015-04-17 09:30:00,15.600831490000473,10852
788,2015-04-17 10:00:00,16.034874313558998,11074
789,2015-04-17 10:30:00,16.46054201202164,10481
790,2015-04-17 11:00:00,16.659725475540807,10272
791,2015-04-17 11:30:00,16.84785707865427,10393
792,2015-04-17 12:00:00,17.249758311324484,10234
793,2015-04-17 12:30:00,16.845567009322767,10533
794,2015-04-17 13:00:00,15.730123205148875,10483
795,2015-04-17 13:30:00,15.255615577555028,11381
796,2015-04-17 14:00:00,15.163482207601993,10895
797,2015-04-17 14:30:00,14.925797904346386,10891
798,2015-04-17 15:00:00,14.817234612752829,11093
799,2015-04-17 15:30:00,14.60306835230616,10616
800,2015-04-17 16:00:00,14.832938806729029,10780
801,2015-04-17 16:30:00,14.389571013423904,10291
802,2015-04-17 17:00:00,13.300987690137898,9860
803,2015-04-17 17:30:00,13.148450609696042,9538
804,2015-04-17 18:00:00,13.521601300773042,9296
805,2015-04-17 18:30:00,14.462473800265517,9522
806,2015-04-17 19:00:00,15.892512875602682,10531
807,2015-04-17 19:30:00,16.779252330604223,11010
808,2015-04-17 20:00:00,17.084321997229836,11370
809,2015-04-17 20:30:00,17.516459510679468,11370
810,2015-04-17 21:00:00,17.798212144662983,11403
811,2015-04-17 21:30:00,18.634029455771337,11184
812,2015-04-17 22:00:00,19.33124671479402,11099
813,2015-04-17 22:30:00,20.432453662638896,10263
814,2015-04-17 23:00:00,21.87070167662004,10357
815,2015-04-17 23:30:00,22.262589449063704,8688
816,2015-04-18 00:00:00,,0
817,2015-04-18 00:30:00,,0
818,2015-04-18 01:00:00,,0
819,2015-04-18 01:30:00,,0
820,2015-04-18 02:00:00,,0
821,2015-04-18 02:30:00,,0
822,2015-04-18 03:00:00,,0
823,2015-04-18 03:30:00,,0
824,2015-04-18 04:00:00,,0
825,2015-04-18 04:30:00,,0
826,2015-04-18 05:00:00,,0
827,2015-04-18 05:30:00,,0
828,2015-04-18 06:00:00,,0
829,2015-04-18 06:30:00,,0
830,2015-04-18 07:00:00,,0
831,2015-04-18 07:30:00,,0
832,2015-04-18 08:00:00,,0
833,2015-04-18 08:30:00,,0
834,2015-04-18 09:00:00,,0
835,2015-04-18 09:30:00,,0
836,2015-04-18 10:00:00,,0
837,2015-04-18 10:30:00,,0
838,2015-04-18 11:00:00,,0
839,2015-04-18 11:30:00,,0
840,2015-04-18 12:00:00,,0
841,2015-04-18 12:30:00,,0
842,2015-04-18 13:00:00,,0
843,2015-04-18 13:30:00,,0
844,2015-04-18 14:00:00,,0
845,2015-04-18 14:30:00,,0
846,2015-04-18 15:00:00,,0
847,2015-04-18 15:30:00,,0
848,2015-04-18 16:00:00,,0
849,2015-04-18 16:30:00,,0
850,2015-04-18 17:00:00,,0
851,2015-04-18 17:30:00,,0
852,2015-04-18 18:00:00,,0
853,2015-04-18 18:30:00,,0
854,2015-04-18 19:00:00,,0
855,2015-04-18 19:30:00,,0
856,2015-04-18 20:00:00,,0
857,2015-04-18 20:30:00,,0
858,2015-04-18 21:00:00,,0
859,2015-04-18 21:30:00,,0
860,2015-04-18 22:00:00,,0
861,2015-04-18 22:30:00,,0
862,2015-04-18 23:00:00,,0
863,2015-04-18 23:30:00,22.139809951924924,19
864,2015-04-19 00:00:00,21.376526966565354,7690
865,2015-04-19 00:30:00,21.547772950189657,6153
866,2015-04-19 01:00:00,22.13333088817105,5241
867,2015-04-19 01:30:00,22.439137966878295,3992
868,2015-04-19 02:00:00,21.839668837706608,3121
869,2015-04-19 02:30:00,21.246365519998093,1849
870,2015-04-19 03:00:00,21.807140843688146,1271
871,2015-04-19 03:30:00,21.97095804463414,971
872,2015-04-19 04:00:00,21.93147926951364,836
873,2015-04-19 04:30:00,24.563098912278395,825
874,2015-04-19 05:00:00,26.264255514533964,1834
875,2015-04-19 05:30:00,26.74530144940026,2534
876,2015-04-19 06:00:00,26.165202595940883,3088
877,2015-04-19 06:30:00,25.21071427563601,3697
878,2015-04-19 07:00:00,24.073045576855925,4734
879,2015-04-19 07:30:00,22.19929654631934,6365
880,2015-04-19 08:00:00,20.8919936111217,7932
881,2015-04-19 08:30:00,19.646700340721914,8813
882,2015-04-19 09:00:00,19.167579510810896,9017
883,2015-04-19 09:30:00,18.210609838624183,9741
884,2015-04-19 10:00:00,17.576265987011404,9891
885,2015-04-19 10:30:00,17.459612572984085,10039
886,2015-04-19 11:00:00,17.165054061089247,10210
887,2015-04-19 11:30:00,17.40978148842583,10191
888,2015-04-19 12:00:00,17.569938588969386,10621
889,2015-04-19 12:30:00,16.869038290971265,10958
890,2015-04-19 13:00:00,16.702045836841208,11035
891,2015-04-19 13:30:00,16.255181769186013,11020
892,2015-04-19 14:00:00,15.945878230692168,10969
893,2015-04-19 14:30:00,15.83829459994476,10756
894,2015-04-19 15:00:00,15.901858482054307,10835
895,2015-04-19 15:30:00,15.96971226704039,10694
896,2015-04-19 16:00:00,16.37487272926316,10502
897,2015-04-19 16:30:00,16.58978602179183,10620
898,2015-04-19 17:00:00,16.59341949688053,10832
899,2015-04-19 17:30:00,16.757588131552847,10387
900,2015-04-19 18:00:00,17.219998750424544,9953
901,2015-04-19 18:30:00,17.96596835172558,9755
902,2015-04-19 19:00:00,18.154511145890133,9914
903,2015-04-19 19:30:00,18.156185930204558,10044
904,2015-04-19 20:00:00,17.708858051950948,10848
905,2015-04-19 20:30:00,17.670515373769582,10403
906,2015-04-19 21:00:00,17.829663559053394,10042
907,2015-04-19 21:30:00,17.90250056741184,9781
908,2015-04-19 22:00:00,18.848713135495014,9309
909,2015-04-19 22:30:00,20.17479617855176,8111
910,2015-04-19 23:00:00,21.15782909457032,7372
911,2015-04-19 23:30:00,21.665616055093803,5627
912,2015-04-20 00:00:00,20.926773566568208,5510
913,2015-04-20 00:30:00,21.112152945199718,3952
914,2015-04-20 01:00:00,22.389693599901747,3216
915,2015-04-20 01:30:00,22.389516603063516,2249
916,2015-04-20 02:00:00,22.09578910773417,1604
917,2015-04-20 02:30:00,22.028467525572104,869
918,2015-04-20 03:00:00,21.907916793338607,588
919,2015-04-20 03:30:00,22.479019353441565,458
920,2015-04-20 04:00:00,23.128620255367736,460
921,2015-04-20 04:30:00,26.988873558758204,702
922,2015-04-20 05:00:00,28.3884825063002,1953
923,2015-04-20 05:30:00,28.28057629956875,3366
924,2015-04-20 06:00:00,24.017596882632276,5114
925,2015-04-20 06:30:00,18.970983341696364,6844
926,2015-04-20 07:00:00,14.707957170670761,6943
927,2015-04-20 07:30:00,12.348865674434549,7014
928,2015-04-20 08:00:00,11.943255719993893,7224
929,2015-04-20 08:30:00,12.710386337507071,8090
930,2015-04-20 09:00:00,14.521931419423018,8937
931,2015-04-20 09:30:00,15.806902640952782,9788
932,2015-04-20 10:00:00,16.61364771991976,10051
933,2015-04-20 10:30:00,17.171276773484326,9646
934,2015-04-20 11:00:00,17.692663595645428,9374
935,2015-04-20 11:30:00,18.264973410829054,9581
936,2015-04-20 12:00:00,18.459516120327315,9715
937,2015-04-20 12:30:00,18.136511466021403,9980
938,2015-04-20 13:00:00,17.12803797359225,10756
939,2015-04-20 13:30:00,16.69893363275722,10972
940,2015-04-20 14:00:00,16.491953340317917,10902
941,2015-04-20 14:30:00,16.26385567242587,10634
942,2015-04-20 15:00:00,15.979152028902897,10925
943,2015-04-20 15:30:00,15.743272845997822,10346
944,2015-04-20 16:00:00,15.547428040390358,10174
945,2015-04-20 16:30:00,15.277741739444323,9676
946,2015-04-20 17:00:00,13.897782157572003,9580
947,2015-04-20 17:30:00,13.886829847630247,8846
948,2015-04-20 18:00:00,14.420510634370713,9331
949,2015-04-20 18:30:00,15.712498768331798,9377
950,2015-04-20 19:00:00,16.97893609522705,10180
951,2015-04-20 19:30:00,18.314905065906416,10329
952,2015-04-20 20:00:00,18.684939145897538,10587
953,2015-04-20 20:30:00,19.237983345872898,10650
954,2015-04-20 21:00:00,19.655030099313105,10452
955,2015-04-20 21:30:00,20.455900414049047,9852
956,2015-04-20 22:00:00,21.255116853088545,9672
957,2015-04-20 22:30:00,21.984093981342696,8559
958,2015-04-20 23:00:00,22.723052576073854,7758
959,2015-04-20 23:30:00,22.606090330883866,6150
960,2015-04-21 00:00:00,21.727229763801084,5770
961,2015-04-21 00:30:00,22.29782249827611,4561
962,2015-04-21 01:00:00,22.269994631633576,3731
963,2015-04-21 01:30:00,22.082263911461933,2671
964,2015-04-21 02:00:00,22.4604541301205,1906
965,2015-04-21 02:30:00,22.71915753907307,1087
966,2015-04-21 03:00:00,22.779985465588503,739
967,2015-04-21 03:30:00,23.46125974288065,506
968,2015-04-21 04:00:00,25.00732289104642,525
969,2015-04-21 04:30:00,26.755456675374393,623
970,2015-04-21 05:00:00,29.016531796218267,1880
971,2015-04-21 05:30:00,29.2780720734424,3069
972,2015-04-21 06:00:00,26.116355701021646,4747
973,2015-04-21 06:30:00,20.54267170545612,6585
974,2015-04-21 07:00:00,16.09761374476719,7359
975,2015-04-21 07:30:00,14.10182764397041,7705
976,2015-04-21 08:00:00,13.840669751997297,8399
977,2015-04-21 08:30:00,14.753614423136707,9179
978,2015-04-21 09:00:00,15.736943101669038,10120
979,2015-04-21 09:30:00,16.175333347694245,10723
980,2015-04-21 10:00:00,16.372797678163025,10746
981,2015-04-21 10:30:00,16.849489699116322,10340
982,2015-04-21 11:00:00,16.955981065162,10035
983,2015-04-21 11:30:00,17.163058661724968,10309
984,2015-04-21 12:00:00,17.41076876712527,9971
985,2015-04-21 12:30:00,17.19010916154815,10300
986,2015-04-21 13:00:00,16.322798148440803,11010
987,2015-04-21 13:30:00,15.525505689622069,11514
988,2015-04-21 14:00:00,15.626230812060532,11315
989,2015-04-21 14:30:00,15.663253084252842,11241
990,2015-04-21 15:00:00,15.295691229285744,11049
991,2015-04-21 15:30:00,15.005703888270347,10805
992,2015-04-21 16:00:00,15.115210537071947,10470
993,2015-04-21 16:30:00,14.725509521378973,9877
994,2015-04-21 17:00:00,13.380463023436157,9570
995,2015-04-21 17:30:00,13.352576843807668,9224
996,2015-04-21 18:00:00,13.822457179362274,9112
997,2015-04-21 18:30:00,15.052036095544581,9386
998,2015-04-21 19:00:00,16.564395034267157,10130
999,2015-04-21 19:30:00,17.740336626632775,10633
1000,2015-04-21 20:00:00,18.246787156346844,10951
1001,2015-04-21 20:30:00,18.69640773811796,10967
1002,2015-04-21 21:00:00,19.241093387187856,11163
1003,2015-04-21 21:30:00,19.745247992917893,10566
1004,2015-04-21 22:00:00,20.855036987452216,10309
1005,2015-04-21 22:30:00,21.864782491003474,9330
1006,2015-04-21 23:00:00,22.64839882454949,8806
1007,2015-04-21 23:30:00,22.73240000890452,7055
1008,2015-04-22 00:00:00,21.45372746665892,6303
1009,2015-04-22 00:30:00,21.43587849224372,4902
1010,2015-04-22 01:00:00,21.638238730329405,4105
1011,2015-04-22 01:30:00,21.999949386349126,3048
1012,2015-04-22 02:00:00,22.152567788919328,2058
1013,2015-04-22 02:30:00,22.357777563143138,1076
1014,2015-04-22 03:00:00,23.160368685051733,701
1015,2015-04-22 03:30:00,22.817081068662993,570
1016,2015-04-22 04:00:00,25.301306990385545,485
1017,2015-04-22 04:30:00,25.871342504756715,705
1018,2015-04-22 05:00:00,29.540200915896776,1898
1019,2015-04-22 05:30:00,29.026752428833262,3151
1020,2015-04-22 06:00:00,25.81159880960414,4614
1021,2015-04-22 06:30:00,20.839859610923035,6585
1022,2015-04-22 07:00:00,16.254679960033723,7441
1023,2015-04-22 07:30:00,14.280864412344805,7943
1024,2015-04-22 08:00:00,13.878141842086542,8593
1025,2015-04-22 08:30:00,14.78965979806095,9430
1026,2015-04-22 09:00:00,15.757135048034153,10259
1027,2015-04-22 09:30:00,16.205077086303486,10891
1028,2015-04-22 10:00:00,16.33919224159568,10796
1029,2015-04-22 10:30:00,16.520256976242692,10411
1030,2015-04-22 11:00:00,16.936267230920826,10183
1031,2015-04-22 11:30:00,17.096606661268037,10410
1032,2015-04-22 12:00:00,17.42745897619454,10155
1033,2015-04-22 12:30:00,17.10442994821542,10495
1034,2015-04-22 13:00:00,16.171801397166952,11294
1035,2015-04-22 13:30:00,15.496489904576672,11349
1036,2015-04-22 14:00:00,15.597907024524046,11413
1037,2015-04-22 14:30:00,15.453047466812759,11062
1038,2015-04-22 15:00:00,15.05819096390669,11222
1039,2015-04-22 15:30:00,14.927905077122439,10797
1040,2015-04-22 16:00:00,15.051784000359984,10685
1041,2015-04-22 16:30:00,14.700857501004455,10206
1042,2015-04-22 17:00:00,13.505212939525158,9894
1043,2015-04-22 17:30:00,13.40371442638581,9546
1044,2015-04-22 18:00:00,14.20013035294733,9500
1045,2015-04-22 18:30:00,15.284879974996484,9436
1046,2015-04-22 19:00:00,16.681586394733504,10313
1047,2015-04-22 19:30:00,17.70842580625561,10473
1048,2015-04-22 20:00:00,18.277142113544322,10894
1049,2015-04-22 20:30:00,18.595390307156908,11021
1050,2015-04-22 21:00:00,18.869284231944988,10972
1051,2015-04-22 21:30:00,19.687802014215052,10368
1052,2015-04-22 22:00:00,20.793865677107963,10339
1053,2015-04-22 22:30:00,21.85721939839292,9501
1054,2015-04-22 23:00:00,22.33373017106191,9074
1055,2015-04-22 23:30:00,22.491579418189975,7271
1056,2015-04-23 00:00:00,20.957875648469958,6651
1057,2015-04-23 00:30:00,20.987185108684454,5002
1058,2015-04-23 01:00:00,21.372952458569802,4209
1059,2015-04-23 01:30:00,21.645796312391955,3093
1060,2015-04-23 02:00:00,21.779000380909274,2048
1061,2015-04-23 02:30:00,21.724853758030633,1173
1062,2015-04-23 03:00:00,21.709099159604452,797
1063,2015-04-23 03:30:00,22.390841957526245,541
1064,2015-04-23 04:00:00,23.650471701945875,487
1065,2015-04-23 04:30:00,26.528046962310867,667
1066,2015-04-23 05:00:00,29.558660292136317,1913
1067,2015-04-23 05:30:00,29.793374685260268,3165
1068,2015-04-23 06:00:00,25.662513505226755,4628
1069,2015-04-23 06:30:00,20.68524679230837,6769
1070,2015-04-23 07:00:00,16.61872965861144,7825
1071,2015-04-23 07:30:00,14.282155534886197,7997
1072,2015-04-23 08:00:00,14.01365471813997,8653
1073,2015-04-23 08:30:00,14.925756188811048,9373
1074,2015-04-23 09:00:00,15.89275062530122,10357
1075,2015-04-23 09:30:00,16.241122868020106,10913
1076,2015-04-23 10:00:00,16.43451087575147,11121
1077,2015-04-23 10:30:00,16.745299101028543,10452
1078,2015-04-23 11:00:00,17.179027184196126,10154
1079,2015-04-23 11:30:00,17.255366141306855,10441
1080,2015-04-23 12:00:00,17.713265761682557,10062
1081,2015-04-23 12:30:00,17.32215192895122,10741
1082,2015-04-23 13:00:00,16.34404675956621,11264
1083,2015-04-23 13:30:00,15.7905620025204,11424
1084,2015-04-23 14:00:00,15.666255339867709,11009
1085,2015-04-23 14:30:00,15.304424573041784,11047
1086,2015-04-23 15:00:00,14.989737672797833,11003
1087,2015-04-23 15:30:00,15.057106586945219,10721
1088,2015-04-23 16:00:00,15.142357466533774,10350
1089,2015-04-23 16:30:00,14.70328008113064,10074
1090,2015-04-23 17:00:00,13.400823869407255,9607
1091,2015-04-23 17:30:00,13.450010185671324,9156
1092,2015-04-23 18:00:00,14.190071247243717,9227
1093,2015-04-23 18:30:00,15.236081873007421,9491
1094,2015-04-23 19:00:00,16.648422618100962,10060
1095,2015-04-23 19:30:00,17.703137155917148,10546
1096,2015-04-23 20:00:00,18.378279652965347,11022
1097,2015-04-23 20:30:00,18.47082194083705,10938
1098,2015-04-23 21:00:00,19.077525089027553,11064
1099,2015-04-23 21:30:00,19.784004328879497,10411
1100,2015-04-23 22:00:00,20.633630564976478,10190
1101,2015-04-23 22:30:00,21.644415265444486,9422
1102,2015-04-23 23:00:00,22.481125905120177,8791
1103,2015-04-23 23:30:00,22.417230635247833,7092
1104,2015-04-24 00:00:00,20.8232414234882,6638
1105,2015-04-24 00:30:00,20.858113124207808,5050
1106,2015-04-24 01:00:00,21.06115257890307,4043
1107,2015-04-24 01:30:00,21.37013722105496,3015
1108,2015-04-24 02:00:00,21.378432475896425,2035
1109,2015-04-24 02:30:00,21.75591743301623,1210
1110,2015-04-24 03:00:00,22.271876337981528,772
1111,2015-04-24 03:30:00,21.92471083758928,560
1112,2015-04-24 04:00:00,24.68744720094844,516
1113,2015-04-24 04:30:00,26.80545996119585,748
1114,2015-04-24 05:00:00,30.018876406841873,2117
1115,2015-04-24 05:30:00,28.253281897370208,3332
1116,2015-04-24 06:00:00,24.97191259885074,4792
1117,2015-04-24 06:30:00,20.380363656245024,6829
1118,2015-04-24 07:00:00,16.254141055426285,7728
1119,2015-04-24 07:30:00,14.22237109429739,8172
1120,2015-04-24 08:00:00,14.132859586329092,8921
1121,2015-04-24 08:30:00,14.922400114739325,9554
1122,2015-04-24 09:00:00,15.829400151633553,10529
1123,2015-04-24 09:30:00,16.131049130645,10863
1124,2015-04-24 10:00:00,16.363966283317275,11098
1125,2015-04-24 10:30:00,16.56171921797367,10669
1126,2015-04-24 11:00:00,16.941486532431025,10452
1127,2015-04-24 11:30:00,17.08217716825004,10604
1128,2015-04-24 12:00:00,17.55370840594898,10540
1129,2015-04-24 12:30:00,17.240615391193455,10811
1130,2015-04-24 13:00:00,16.318910061818123,11221
1131,2015-04-24 13:30:00,15.528631893425175,11684
1132,2015-04-24 14:00:00,15.385123026454693,11290
1133,2015-04-24 14:30:00,15.250931687843535,11320
1134,2015-04-24 15:00:00,15.082488589944264,11309
1135,2015-04-24 15:30:00,14.966521077078456,10847
1136,2015-04-24 16:00:00,15.16060366128666,10827
1137,2015-04-24 16:30:00,14.871322286733085,10534
1138,2015-04-24 17:00:00,13.53188278364346,10170
1139,2015-04-24 17:30:00,13.359121794511458,9697
1140,2015-04-24 18:00:00,13.822889336640445,9515
1141,2015-04-24 18:30:00,14.763274230925104,9543
1142,2015-04-24 19:00:00,15.789585174997024,10554
1143,2015-04-24 19:30:00,16.789204245130286,10943
1144,2015-04-24 20:00:00,17.242072591785394,11324
1145,2015-04-24 20:30:00,17.327736163371682,11359
1146,2015-04-24 21:00:00,17.84836953430805,11383
1147,2015-04-24 21:30:00,18.246790190078777,11143
1148,2015-04-24 22:00:00,19.249448643712274,11043
1149,2015-04-24 22:30:00,20.942700785691642,10525
1150,2015-04-24 23:00:00,21.87859040927411,10388
1151,2015-04-24 23:30:00,22.405756750124873,8792
1152,2015-04-25 00:00:00,21.942383691176225,8842
1153,2015-04-25 00:30:00,21.727467064344374,7138
1154,2015-04-25 01:00:00,21.919643913165693,6274
1155,2015-04-25 01:30:00,21.620891742159316,4700
1156,2015-04-25 02:00:00,22.510547819391,3438
1157,2015-04-25 02:30:00,22.266127745659173,2219
1158,2015-04-25 03:00:00,22.73616865190597,1502
1159,2015-04-25 03:30:00,22.744044197707574,1108
1160,2015-04-25 04:00:00,24.187706383673465,879
1161,2015-04-25 04:30:00,26.12786697159338,1028
1162,2015-04-25 05:00:00,28.532198181089832,2335
1163,2015-04-25 05:30:00,28.254751156266863,3497
1164,2015-04-25 06:00:00,26.315992129834875,4467
1165,2015-04-25 06:30:00,24.783569236286553,5120
1166,2015-04-25 07:00:00,23.220667781317616,6467
1167,2015-04-25 07:30:00,20.949767956529673,8085
1168,2015-04-25 08:00:00,19.36556954264026,9814
1169,2015-04-25 08:30:00,17.715625257828034,10439
1170,2015-04-25 09:00:00,16.763808627397893,10402
1171,2015-04-25 09:30:00,15.808247825620281,10709
1172,2015-04-25 10:00:00,15.366152062834548,10748
1173,2015-04-25 10:30:00,15.628333489888163,10511
1174,2015-04-25 11:00:00,15.724959469115895,10458
1175,2015-04-25 11:30:00,16.0018277027042,10454
1176,2015-04-25 12:00:00,16.150182933256367,10671
1177,2015-04-25 12:30:00,15.77827974290139,11018
1178,2015-04-25 13:00:00,15.553041501125481,11169
1179,2015-04-25 13:30:00,15.28531692524672,11415
1180,2015-04-25 14:00:00,14.807418674302953,11236
1181,2015-04-25 14:30:00,14.650530782116947,11038
1182,2015-04-25 15:00:00,14.564766985016487,11096
1183,2015-04-25 15:30:00,14.864142438003196,10756
1184,2015-04-25 16:00:00,15.134851844690834,10833
1185,2015-04-25 16:30:00,15.131624186678618,10954
1186,2015-04-25 17:00:00,14.901352437840677,11309
1187,2015-04-25 17:30:00,15.310968119184487,11206
1188,2015-04-25 18:00:00,16.061881783485294,10850
1189,2015-04-25 18:30:00,16.76143788719982,10284
1190,2015-04-25 19:00:00,17.148515242669948,10497
1191,2015-04-25 19:30:00,17.431370582227093,10737
1192,2015-04-25 20:00:00,17.454492365623924,11266
1193,2015-04-25 20:30:00,17.327610706436225,11376
1194,2015-04-25 21:00:00,17.591648856231707,11109
1195,2015-04-25 21:30:00,18.180396082449743,10711
1196,2015-04-25 22:00:00,19.396397813307,10561
1197,2015-04-25 22:30:00,20.775565778068756,10117
1198,2015-04-25 23:00:00,21.921971461688507,9493
1199,2015-04-25 23:30:00,21.88634974168742,7635
1200,2015-04-26 00:00:00,21.249288989511598,7406
1201,2015-04-26 00:30:00,21.318024249709374,5890
1202,2015-04-26 01:00:00,21.733307771495205,4963
1203,2015-04-26 01:30:00,21.595280506141595,3865
1204,2015-04-26 02:00:00,22.278988602840734,2824
1205,2015-04-26 02:30:00,22.082869959445908,1713
1206,2015-04-26 03:00:00,22.688077400301374,1254
1207,2015-04-26 03:30:00,23.104737846857155,952
1208,2015-04-26 04:00:00,23.96620071715577,843
1209,2015-04-26 04:30:00,26.013252930096726,957
1210,2015-04-26 05:00:00,28.730019150306752,1960
1211,2015-04-26 05:30:00,27.985851506178715,2797
1212,2015-04-26 06:00:00,26.362617520905953,3243
1213,2015-04-26 06:30:00,25.21073816701551,3781
1214,2015-04-26 07:00:00,23.699242903361984,4864
1215,2015-04-26 07:30:00,22.318720487375376,6407
1216,2015-04-26 08:00:00,20.66721544418783,7773
1217,2015-04-26 08:30:00,19.30812749681468,9189
1218,2015-04-26 09:00:00,18.241184585339166,9421
1219,2015-04-26 09:30:00,17.041011451717623,9961
1220,2015-04-26 10:00:00,16.86580311185519,9883
1221,2015-04-26 10:30:00,16.822045348491557,9919
1222,2015-04-26 11:00:00,16.861860809979497,9991
1223,2015-04-26 11:30:00,17.196554481768267,10299
1224,2015-04-26 12:00:00,17.20482265441018,10492
1225,2015-04-26 12:30:00,16.912064308637557,10817
1226,2015-04-26 13:00:00,16.733181691112737,10965
1227,2015-04-26 13:30:00,16.050155111510197,11295
1228,2015-04-26 14:00:00,15.898509190510925,11141
1229,2015-04-26 14:30:00,15.565932492838263,10924
1230,2015-04-26 15:00:00,15.554520339051566,10744
1231,2015-04-26 15:30:00,15.818348768308656,10663
1232,2015-04-26 16:00:00,15.971081434415472,10653
1233,2015-04-26 16:30:00,16.029788988511882,10454
1234,2015-04-26 17:00:00,15.94363765992436,10731
1235,2015-04-26 17:30:00,16.370307667950442,10805
1236,2015-04-26 18:00:00,17.14611824698264,10272
1237,2015-04-26 18:30:00,17.58130718771975,10063
1238,2015-04-26 19:00:00,17.73342422438885,10130
1239,2015-04-26 19:30:00,17.891194758605373,10226
1240,2015-04-26 20:00:00,17.85542117482622,10685
1241,2015-04-26 20:30:00,17.833050111548957,10431
1242,2015-04-26 21:00:00,18.57497992174139,10055
1243,2015-04-26 21:30:00,19.476551267606908,9367
1244,2015-04-26 22:00:00,20.50835578574916,9244
1245,2015-04-26 22:30:00,21.55347731306069,8309
1246,2015-04-26 23:00:00,22.360797420864998,7554
1247,2015-04-26 23:30:00,22.60116812767636,5814
1248,2015-04-27 00:00:00,22.26201131168673,5367
1249,2015-04-27 00:30:00,22.306195579909577,4049
1250,2015-04-27 01:00:00,22.486699419439322,3220
1251,2015-04-27 01:30:00,22.05520833290943,2246
1252,2015-04-27 02:00:00,22.899902973324224,1488
1253,2015-04-27 02:30:00,22.29720748345892,798
1254,2015-04-27 03:00:00,22.947778051439684,610
1255,2015-04-27 03:30:00,24.30583613182313,441
1256,2015-04-27 04:00:00,24.411517316537395,404
1257,2015-04-27 04:30:00,27.79601331968729,632
1258,2015-04-27 05:00:00,29.743421976041944,1918
1259,2015-04-27 05:30:00,29.909266869684153,3310
1260,2015-04-27 06:00:00,25.622685878835448,4870
1261,2015-04-27 06:30:00,20.0192633302712,6977
1262,2015-04-27 07:00:00,15.738057826232724,7365
1263,2015-04-27 07:30:00,13.372484140921692,7506
1264,2015-04-27 08:00:00,13.248262451550078,7947
1265,2015-04-27 08:30:00,14.403642748843417,8798
1266,2015-04-27 09:00:00,15.674220550460007,10135
1267,2015-04-27 09:30:00,16.345761354204335,10610
1268,2015-04-27 10:00:00,16.717148965622123,10767
1269,2015-04-27 10:30:00,17.23526297599859,10205
1270,2015-04-27 11:00:00,17.75900700151197,9694
1271,2015-04-27 11:30:00,18.208683937522053,9885
1272,2015-04-27 12:00:00,18.59729309804783,10035
1273,2015-04-27 12:30:00,17.97032939805291,10461
1274,2015-04-27 13:00:00,17.133910321124304,11242
1275,2015-04-27 13:30:00,16.198633914735872,11420
1276,2015-04-27 14:00:00,16.32253264954753,11357
1277,2015-04-27 14:30:00,16.280635469356312,11037
1278,2015-04-27 15:00:00,15.767108433540105,11196
1279,2015-04-27 15:30:00,15.468328936238045,10708
1280,2015-04-27 16:00:00,15.593108952555014,10362
1281,2015-04-27 16:30:00,15.279754429594497,9866
1282,2015-04-27 17:00:00,13.966871815891986,9419
1283,2015-04-27 17:30:00,13.65582997747638,9082
1284,2015-04-27 18:00:00,14.41864388369209,9087
1285,2015-04-27 18:30:00,15.756907163801026,9367
1286,2015-04-27 19:00:00,17.194836481472414,9818
1287,2015-04-27 19:30:00,18.124967547560594,10310
1288,2015-04-27 20:00:00,18.637541344390076,10552
1289,2015-04-27 20:30:00,18.81037648241109,10615
1290,2015-04-27 21:00:00,19.589149211226093,10635
1291,2015-04-27 21:30:00,20.253091776574287,9824
1292,2015-04-27 22:00:00,21.219971695681863,9573
1293,2015-04-27 22:30:00,22.1338220194447,8810
1294,2015-04-27 23:00:00,22.66170667911517,7821
1295,2015-04-27 23:30:00,22.62125344836425,6033
1296,2015-04-28 00:00:00,22.292897625228395,5812
1297,2015-04-28 00:30:00,22.080629208669937,4422
1298,2015-04-28 01:00:00,22.5224527026699,3666
1299,2015-04-28 01:30:00,22.622082623192487,2585
1300,2015-04-28 02:00:00,22.815052821704633,1808
1301,2015-04-28 02:30:00,22.480435644000192,985
1302,2015-04-28 03:00:00,22.748946084725876,686
1303,2015-04-28 03:30:00,23.493589916895917,481
1304,2015-04-28 04:00:00,24.45988998001744,474
1305,2015-04-28 04:30:00,27.898485284782108,673
1306,2015-04-28 05:00:00,29.970901543562125,2008
1307,2015-04-28 05:30:00,28.99639140023201,3204
1308,2015-04-28 06:00:00,25.50780218862125,4710
1309,2015-04-28 06:30:00,20.464783974989714,6881
1310,2015-04-28 07:00:00,16.082596254187116,7606
1311,2015-04-28 07:30:00,13.971700275623471,7986
1312,2015-04-28 08:00:00,13.650352566831184,8594
1313,2015-04-28 08:30:00,14.365850058478921,9105
1314,2015-04-28 09:00:00,15.325435645157205,10595
1315,2015-04-28 09:30:00,15.723927880603382,11024
1316,2015-04-28 10:00:00,15.992532449766626,11212
1317,2015-04-28 10:30:00,16.26783504623696,10750
1318,2015-04-28 11:00:00,16.784598033372138,10371
1319,2015-04-28 11:30:00,17.029874355916732,10510
1320,2015-04-28 12:00:00,17.487497439053534,10323
1321,2015-04-28 12:30:00,16.974367928486213,10861
1322,2015-04-28 13:00:00,16.08889024525913,11422
1323,2015-04-28 13:30:00,15.645978215684872,11393
1324,2015-04-28 14:00:00,15.54355798352582,11457
1325,2015-04-28 14:30:00,15.521215095696618,11220
1326,2015-04-28 15:00:00,15.127976956756102,11107
1327,2015-04-28 15:30:00,15.063151911637641,10859
1328,2015-04-28 16:00:00,14.982661530811784,10633
1329,2015-04-28 16:30:00,14.469320926944938,10084
1330,2015-04-28 17:00:00,13.460127874343861,9572
1331,2015-04-28 17:30:00,13.231806706681711,9170
1332,2015-04-28 18:00:00,14.08839936692387,9083
1333,2015-04-28 18:30:00,15.27845354234022,9484
1334,2015-04-28 19:00:00,16.737193988597657,10121
1335,2015-04-28 19:30:00,17.65327298781864,10421
1336,2015-04-28 20:00:00,18.386149846586086,11003
1337,2015-04-28 20:30:00,18.35389672654513,10841
1338,2015-04-28 21:00:00,19.230606076430256,10730
1339,2015-04-28 21:30:00,18.66535379110406,11295
1340,2015-04-28 22:00:00,16.96571104715413,8591
1341,2015-04-28 22:30:00,17.75628331768803,8334
1342,2015-04-28 23:00:00,18.714933389557423,8394
1343,2015-04-28 23:30:00,19.21945155388169,6538
1344,2015-04-29 00:00:00,21.701911030825755,6374
1345,2015-04-29 00:30:00,22.05966064955282,4847
1346,2015-04-29 01:00:00,22.378495687485035,3770
1347,2015-04-29 01:30:00,22.965099357931273,2667
1348,2015-04-29 02:00:00,23.33514083903953,1875
1349,2015-04-29 02:30:00,24.140166144832847,1125
1350,2015-04-29 03:00:00,25.546689479067577,792
1351,2015-04-29 03:30:00,25.824086250668504,605
1352,2015-04-29 04:00:00,26.681938915162036,558
1353,2015-04-29 04:30:00,29.51947007822292,768
1354,2015-04-29 05:00:00,30.167201358641922,2023
1355,2015-04-29 05:30:00,28.530854720438803,3483
1356,2015-04-29 06:00:00,25.06223157271399,4528
1357,2015-04-29 06:30:00,20.475931219726768,6971
1358,2015-04-29 07:00:00,16.060217849205856,7695
1359,2015-04-29 07:30:00,14.13625238737926,8064
1360,2015-04-29 08:00:00,13.99378114269073,8648
1361,2015-04-29 08:30:00,14.827590337177567,9265
1362,2015-04-29 09:00:00,15.78746457334801,10386
1363,2015-04-29 09:30:00,16.104617205612808,11031
1364,2015-04-29 10:00:00,16.319479996501578,11038
1365,2015-04-29 10:30:00,16.50722528137711,10652
1366,2015-04-29 11:00:00,16.66329966281178,10294
1367,2015-04-29 11:30:00,17.03683652031745,10320
1368,2015-04-29 12:00:00,17.543436095551176,10087
1369,2015-04-29 12:30:00,17.29270862862238,10607
1370,2015-04-29 13:00:00,16.42337761791738,11327
1371,2015-04-29 13:30:00,15.683260677263284,11586
1372,2015-04-29 14:00:00,15.443328180434587,11149
1373,2015-04-29 14:30:00,15.529643352169776,11169
1374,2015-04-29 15:00:00,15.179314832218589,11169
1375,2015-04-29 15:30:00,14.980141542477496,10630
1376,2015-04-29 16:00:00,15.136340566447924,10426
1377,2015-04-29 16:30:00,14.573053193608096,9884
1378,2015-04-29 17:00:00,13.242533869899582,9474
1379,2015-04-29 17:30:00,13.105260054426818,9033
1380,2015-04-29 18:00:00,13.805329935380286,9200
1381,2015-04-29 18:30:00,15.07036792640995,9382
1382,2015-04-29 19:00:00,16.611773687201183,10014
1383,2015-04-29 19:30:00,17.648858242461987,10385
1384,2015-04-29 20:00:00,18.120843779540376,10800
1385,2015-04-29 20:30:00,18.440931771044905,10999
1386,2015-04-29 21:00:00,19.026693109799048,10844
1387,2015-04-29 21:30:00,19.56132439504431,10384
1388,2015-04-29 22:00:00,20.5875881862385,9918
1389,2015-04-29 22:30:00,21.784880000540703,9336
1390,2015-04-29 23:00:00,22.693334797151547,8799
1391,2015-04-29 23:30:00,22.77614169748032,6991
1392,2015-04-30 00:00:00,20.706115180019907,6757
1393,2015-04-30 00:30:00,20.962989651145488,5263
1394,2015-04-30 01:00:00,21.382534542432673,4380
1395,2015-04-30 01:30:00,21.17384592313542,3179
1396,2015-04-30 02:00:00,21.82642312044932,2265
1397,2015-04-30 02:30:00,21.539956591618832,1289
1398,2015-04-30 03:00:00,21.888910252264782,906
1399,2015-04-30 03:30:00,23.02268801329953,652
1400,2015-04-30 04:00:00,24.470465473509243,601
1401,2015-04-30 04:30:00,28.347924382650323,891
1402,2015-04-30 05:00:00,30.503359031079953,2431
1403,2015-04-30 05:30:00,28.01432263667927,3505
1404,2015-04-30 06:00:00,24.71738443329705,4770
1405,2015-04-30 06:30:00,20.09494965077556,7062
1406,2015-04-30 07:00:00,16.070948017229753,7604
1407,2015-04-30 07:30:00,14.041444088548444,8203
1408,2015-04-30 08:00:00,14.078028313838963,8847
1409,2015-04-30 08:30:00,14.883122467707516,9817
1410,2015-04-30 09:00:00,15.677120411702006,10628
1411,2015-04-30 09:30:00,15.990346054808292,11221
1412,2015-04-30 10:00:00,16.18493832458852,11245
1413,2015-04-30 10:30:00,16.30179054938472,10859
1414,2015-04-30 11:00:00,16.43458617238654,10426
1415,2015-04-30 11:30:00,16.74695012931551,10672
1416,2015-04-30 12:00:00,17.09225047448144,10423
1417,2015-04-30 12:30:00,16.593203384423532,10700
1418,2015-04-30 13:00:00,15.83299752097809,11272
1419,2015-04-30 13:30:00,15.204141485671691,11360
1420,2015-04-30 14:00:00,14.809225909014426,11016
1421,2015-04-30 14:30:00,14.595776839019615,10989
1422,2015-04-30 15:00:00,13.90455688738164,10534
1423,2015-04-30 15:30:00,13.468936466483488,9558
1424,2015-04-30 16:00:00,13.678468472797574,9865
1425,2015-04-30 16:30:00,13.407289696217633,9525
1426,2015-04-30 17:00:00,12.672115208650675,9193
1427,2015-04-30 17:30:00,12.517244712821128,8800
1428,2015-04-30 18:00:00,13.517420408072766,8864
1429,2015-04-30 18:30:00,14.58563514555679,9337
1430,2015-04-30 19:00:00,15.580745442969713,10203
1431,2015-04-30 19:30:00,16.3429547320169,10507
1432,2015-04-30 20:00:00,16.598365158128306,10699
1433,2015-04-30 20:30:00,16.852629205766327,11019
1434,2015-04-30 21:00:00,17.105990945986306,10867
1435,2015-04-30 21:30:00,17.721608078574953,10608
1436,2015-04-30 22:00:00,18.763753303504398,10573
1437,2015-04-30 22:30:00,20.237183413605372,10292
1438,2015-04-30 23:00:00,21.467320151767268,10290
1439,2015-04-30 23:30:00,22.14106497924453,8395
